[09:41:44] [Render thread/INFO]: Processing command from chat event: \tutorial
[09:41:47] [Render thread/INFO]: [System] [CHAT] Auto fishing started.
[09:41:47] [Server thread/INFO]: [sampleeeeeee: Replaced a slot on sampleeeeeee with [Fishing Rod]]
[09:41:47] [Render thread/INFO]: [System] [CHAT] Start Time: 00:00
[09:41:47] [Render thread/INFO]: [System] [CHAT] Replaced a slot on sampleeeeeee with [Fishing Rod]
[09:41:47] [Server thread/INFO]: [sampleeeeeee: Applied enchantment Luck of the Sea III to sampleeeeeee's item]
[09:41:47] [Server thread/INFO]: [sampleeeeeee: Applied enchantment Lure III to sampleeeeeee's item]
[09:41:47] [Server thread/INFO]: [sampleeeeeee: Applied enchantment Unbreaking III to sampleeeeeee's item]
[09:41:47] [Server thread/INFO]: [sampleeeeeee: Applied enchantment Mending to sampleeeeeee's item]
[09:41:48] [Render thread/INFO]: [System] [CHAT] Applied enchantment Luck of the Sea III to sampleeeeeee's item
[09:41:48] [Render thread/INFO]: [System] [CHAT] Applied enchantment Lure III to sampleeeeeee's item
[09:41:48] [Render thread/INFO]: [System] [CHAT] Applied enchantment Unbreaking III to sampleeeeeee's item
[09:41:48] [Render thread/INFO]: [System] [CHAT] Applied enchantment Mending to sampleeeeeee's item
[09:42:02] [Render thread/INFO]: [System] [CHAT] Fish caught, but item not detected.
[09:42:17] [Server thread/INFO]: sampleeeeeee has made the advancement [Fishy Business]
[09:42:17] [Render thread/INFO]: [System] [CHAT] sampleeeeeee has made the advancement [Fishy Business]
[09:42:18] [Render thread/INFO]: Loaded 26 advancements
[09:42:18] [Render thread/INFO]: Loaded 29 advancements
[09:42:19] [Render thread/INFO]: [System] [CHAT] Caught: minecraft:cod  (Total: 1)
[09:42:19] [Render thread/INFO]: [System] [CHAT] Lap Time: 00:31
[09:42:20] [Server thread/WARN]: Can't keep up! Is the server overloaded? Running 2106ms or 42 ticks behind
[09:42:38] [Render thread/INFO]: Loaded 32 advancements
[09:42:39] [Render thread/INFO]: [System] [CHAT] Caught: minecraft:salmon  (Total: 1)
[09:42:39] [Render thread/INFO]: [System] [CHAT] Lap Time: 00:51
[09:42:52] [Render thread/INFO]: [System] [CHAT] Fish caught, but item not detected.
[09:43:06] [Render thread/INFO]: [System] [CHAT] Caught: minecraft:cod  (Total: 2)
[09:43:06] [Render thread/INFO]: [System] [CHAT] Lap Time: 01:18
[09:43:20] [Server thread/WARN]: Can't keep up! Is the server overloaded? Running 2032ms or 40 ticks behind
[09:43:31] [Render thread/INFO]: [System] [CHAT] Caught: minecraft:cod  (Total: 3)
[09:43:31] [Render thread/INFO]: [System] [CHAT] Lap Time: 01:43
[09:43:35] [Render thread/INFO]: [System] [CHAT] No bite.
[09:43:57] [Render thread/INFO]: [System] [CHAT] Caught: minecraft:salmon  (Total: 2)
[09:43:57] [Render thread/INFO]: [System] [CHAT] Lap Time: 02:09
[09:44:06] [Render thread/INFO]: [System] [CHAT] Caught: minecraft:salmon  (Total: 3)
[09:44:06] [Render thread/INFO]: [System] [CHAT] Lap Time: 02:18
[09:44:11] [Render thread/INFO]: [System] [CHAT] Caught: minecraft:cod  (Total: 4)
[09:44:11] [Render thread/INFO]: [System] [CHAT] Lap Time: 02:24
[09:44:30] [Render thread/INFO]: [System] [CHAT] Caught: minecraft:pufferfish  (Total: 1)
[09:44:30] [Render thread/INFO]: [System] [CHAT] Lap Time: 02:42
[09:44:48] [Render thread/INFO]: [System] [CHAT] Caught: minecraft:cod  (Total: 5)
[09:44:48] [Render thread/INFO]: [System] [CHAT] Lap Time: 03:00
[09:45:05] [Render thread/INFO]: [System] [CHAT] Caught: minecraft:cod  (Total: 6)
[09:45:05] [Render thread/INFO]: [System] [CHAT] Lap Time: 03:17
[09:45:24] [Render thread/INFO]: [System] [CHAT] Fish caught, but item not detected.
[09:45:46] [Render thread/INFO]: [System] [CHAT] Fish caught, but item not detected.
[09:45:53] [Render thread/INFO]: [System] [CHAT] Caught: minecraft:salmon  (Total: 4)
[09:45:53] [Render thread/INFO]: [System] [CHAT] Lap Time: 04:05
[09:46:07] [Render thread/INFO]: [System] [CHAT] Fish caught, but item not detected.
[09:46:25] [Render thread/INFO]: [System] [CHAT] Fish caught, but item not detected.
[09:46:41] [Render thread/INFO]: [System] [CHAT] Caught: minecraft:salmon  (Total: 5)
[09:46:41] [Render thread/INFO]: [System] [CHAT] Lap Time: 04:53
[09:46:55] [Render thread/INFO]: [System] [CHAT] Caught: minecraft:salmon  (Total: 6)
[09:46:55] [Render thread/INFO]: [System] [CHAT] Lap Time: 05:08
[09:47:07] [Render thread/INFO]: [System] [CHAT] Caught: minecraft:salmon  (Total: 7)
[09:47:07] [Render thread/INFO]: [System] [CHAT] Lap Time: 05:19
[09:47:14] [Render thread/INFO]: [System] [CHAT] Caught: minecraft:cod  (Total: 7)
[09:47:14] [Render thread/INFO]: [System] [CHAT] Lap Time: 05:27
[09:47:30] [Render thread/INFO]: [System] [CHAT] Caught: minecraft:cod  (Total: 8)
[09:47:30] [Render thread/INFO]: [System] [CHAT] Lap Time: 05:42
[09:47:48] [Render thread/INFO]: [System] [CHAT] Caught: minecraft:cod  (Total: 9)
[09:47:48] [Render thread/INFO]: [System] [CHAT] Lap Time: 06:00
[09:47:57] [Render thread/INFO]: [System] [CHAT] Caught: minecraft:cod  (Total: 10)
[09:47:57] [Render thread/INFO]: [System] [CHAT] Lap Time: 06:09
[09:48:04] [Render thread/INFO]: [System] [CHAT] Fish caught, but item not detected.
[09:48:19] [Render thread/INFO]: [System] [CHAT] Caught: minecraft:pufferfish  (Total: 2)
[09:48:19] [Render thread/INFO]: [System] [CHAT] Lap Time: 06:32
[09:48:35] [Render thread/INFO]: [System] [CHAT] Caught: minecraft:salmon  (Total: 8)
[09:48:35] [Render thread/INFO]: [System] [CHAT] Lap Time: 06:48
[09:48:51] [Render thread/INFO]: [System] [CHAT] Caught: minecraft:tropical_fish  (Total: 1)
[09:48:51] [Render thread/INFO]: [System] [CHAT] Lap Time: 07:03
[09:49:07] [Render thread/INFO]: [System] [CHAT] Caught: minecraft:cod  (Total: 11)
[09:49:07] [Render thread/INFO]: [System] [CHAT] Lap Time: 07:19
[09:49:25] [Render thread/INFO]: [System] [CHAT] Caught: minecraft:salmon  (Total: 9)
[09:49:25] [Render thread/INFO]: [System] [CHAT] Lap Time: 07:37
[09:49:46] [Render thread/INFO]: Loaded 33 advancements
[09:49:47] [Render thread/INFO]: [System] [CHAT] Caught: minecraft:bow  (Total: 1)
[09:49:47] [Render thread/INFO]: [System] [CHAT] Lap Time: 07:59
[09:50:07] [Render thread/INFO]: [System] [CHAT] Caught: minecraft:cod  (Total: 12)
[09:50:07] [Render thread/INFO]: [System] [CHAT] Lap Time: 08:20
[09:50:22] [Render thread/INFO]: [System] [CHAT] Caught: minecraft:potion  (Total: 1)
[09:50:22] [Render thread/INFO]: [System] [CHAT] Lap Time: 08:35
[09:50:32] [Render thread/INFO]: [System] [CHAT] Fish caught, but item not detected.
[09:50:54] [Render thread/INFO]: [System] [CHAT] Caught: minecraft:cod  (Total: 13)
[09:50:54] [Render thread/INFO]: [System] [CHAT] Lap Time: 09:06
[09:51:12] [Render thread/INFO]: [System] [CHAT] Caught: minecraft:salmon  (Total: 10)
[09:51:12] [Render thread/INFO]: [System] [CHAT] Lap Time: 09:24
[09:51:25] [Render thread/INFO]: [System] [CHAT] Caught: minecraft:pufferfish  (Total: 3)
[09:51:25] [Render thread/INFO]: [System] [CHAT] Lap Time: 09:38
[09:51:37] [Render thread/INFO]: [System] [CHAT] Caught: minecraft:name_tag  (Total: 1)
[09:51:37] [Render thread/INFO]: [System] [CHAT] Lap Time: 09:49
[09:51:51] [Render thread/INFO]: [System] [CHAT] Caught: minecraft:cod  (Total: 14)
[09:51:51] [Render thread/INFO]: [System] [CHAT] Lap Time: 10:03
[09:51:54] [Render thread/INFO]: [System] [CHAT] No bite.
[09:52:15] [Render thread/INFO]: [System] [CHAT] Caught: minecraft:cod  (Total: 15)
[09:52:15] [Render thread/INFO]: [System] [CHAT] Lap Time: 10:27
[09:52:30] [Render thread/INFO]: [System] [CHAT] Caught: minecraft:cod  (Total: 16)
[09:52:30] [Render thread/INFO]: [System] [CHAT] Lap Time: 10:42
[09:52:42] [Render thread/INFO]: [System] [CHAT] Caught: minecraft:salmon  (Total: 11)
[09:52:42] [Render thread/INFO]: [System] [CHAT] Lap Time: 10:54
[09:52:57] [Render thread/INFO]: [System] [CHAT] Caught: minecraft:cod  (Total: 17)
[09:52:57] [Render thread/INFO]: [System] [CHAT] Lap Time: 11:09
[09:53:07] [Render thread/INFO]: [System] [CHAT] Caught: minecraft:cod  (Total: 18)
[09:53:07] [Render thread/INFO]: [System] [CHAT] Lap Time: 11:19
[09:53:19] [Render thread/INFO]: [System] [CHAT] Caught: minecraft:cod  (Total: 19)
[09:53:19] [Render thread/INFO]: [System] [CHAT] Lap Time: 11:32
[09:53:35] [Render thread/INFO]: [System] [CHAT] Caught: minecraft:salmon  (Total: 12)
[09:53:35] [Render thread/INFO]: [System] [CHAT] Lap Time: 11:48
[09:53:49] [Render thread/INFO]: [System] [CHAT] Fish caught, but item not detected.
[09:54:05] [Render thread/INFO]: [System] [CHAT] Caught: minecraft:cod  (Total: 20)
[09:54:05] [Render thread/INFO]: [System] [CHAT] Lap Time: 12:17
[09:54:20] [Render thread/INFO]: [System] [CHAT] Caught: minecraft:salmon  (Total: 13)
[09:54:20] [Render thread/INFO]: [System] [CHAT] Lap Time: 12:32
[09:54:34] [Render thread/INFO]: [System] [CHAT] Fish caught, but item not detected.
[09:54:49] [Render thread/INFO]: [System] [CHAT] Caught: minecraft:salmon  (Total: 14)
[09:54:49] [Render thread/INFO]: [System] [CHAT] Lap Time: 13:01
[09:55:04] [Render thread/INFO]: [System] [CHAT] Caught: minecraft:cod  (Total: 21)
[09:55:04] [Render thread/INFO]: [System] [CHAT] Lap Time: 13:16
[09:55:17] [Render thread/INFO]: [System] [CHAT] Caught: minecraft:pufferfish  (Total: 4)
[09:55:17] [Render thread/INFO]: [System] [CHAT] Lap Time: 13:29
[09:55:27] [Render thread/INFO]: Loaded 40 advancements
[09:55:27] [Render thread/INFO]: [System] [CHAT] Caught: minecraft:leather  (Total: 1)
[09:55:27] [Render thread/INFO]: [System] [CHAT] Lap Time: 13:40
[09:55:39] [Render thread/INFO]: [System] [CHAT] Caught: minecraft:cod  (Total: 22)
[09:55:39] [Render thread/INFO]: [System] [CHAT] Lap Time: 13:51
[09:55:53] [Render thread/INFO]: [System] [CHAT] Caught: minecraft:lily_pad  (Total: 1)
[09:55:53] [Render thread/INFO]: [System] [CHAT] Lap Time: 14:05
[09:56:08] [Render thread/INFO]: [System] [CHAT] Caught: minecraft:salmon  (Total: 15)
[09:56:08] [Render thread/INFO]: [System] [CHAT] Lap Time: 14:20
[09:56:16] [Render thread/INFO]: [System] [CHAT] Caught: minecraft:salmon  (Total: 16)
[09:56:16] [Render thread/INFO]: [System] [CHAT] Lap Time: 14:29
[09:56:25] [Render thread/INFO]: [System] [CHAT] Caught: minecraft:cod  (Total: 23)
[09:56:25] [Render thread/INFO]: [System] [CHAT] Lap Time: 14:37
[09:56:33] [Render thread/INFO]: [System] [CHAT] Caught: minecraft:salmon  (Total: 17)
[09:56:33] [Render thread/INFO]: [System] [CHAT] Lap Time: 14:45
[09:56:37] [Render thread/INFO]: [System] [CHAT] No bite.
[09:56:50] [Render thread/INFO]: [System] [CHAT] Caught: minecraft:pufferfish  (Total: 5)
[09:56:50] [Render thread/INFO]: [System] [CHAT] Lap Time: 15:02
[09:56:55] [Render thread/INFO]: [System] [CHAT] Caught: minecraft:salmon  (Total: 18)
[09:56:55] [Render thread/INFO]: [System] [CHAT] Lap Time: 15:08
[09:57:04] [Render thread/INFO]: [System] [CHAT] Caught: minecraft:cod  (Total: 24)
[09:57:04] [Render thread/INFO]: [System] [CHAT] Lap Time: 15:16
[09:57:14] [Render thread/INFO]: [System] [CHAT] Caught: minecraft:cod  (Total: 25)
[09:57:14] [Render thread/INFO]: [System] [CHAT] Lap Time: 15:26
[09:57:25] [Render thread/INFO]: [System] [CHAT] Fish caught, but item not detected.
[09:57:31] [Render thread/INFO]: [System] [CHAT] Fish caught, but item not detected.
[09:57:48] [Render thread/INFO]: [System] [CHAT] Caught: minecraft:cod  (Total: 26)
[09:57:48] [Render thread/INFO]: [System] [CHAT] Lap Time: 16:00
[09:58:06] [Render thread/INFO]: [System] [CHAT] Caught: minecraft:cod  (Total: 27)
[09:58:06] [Render thread/INFO]: [System] [CHAT] Lap Time: 16:18
[09:58:17] [Render thread/INFO]: [System] [CHAT] Caught: minecraft:salmon  (Total: 19)
[09:58:17] [Render thread/INFO]: [System] [CHAT] Lap Time: 16:29
[09:58:31] [Render thread/INFO]: [System] [CHAT] Caught: minecraft:cod  (Total: 28)
[09:58:31] [Render thread/INFO]: [System] [CHAT] Lap Time: 16:43
[09:58:41] [Render thread/INFO]: [System] [CHAT] Caught: minecraft:cod  (Total: 29)
[09:58:41] [Render thread/INFO]: [System] [CHAT] Lap Time: 16:53
[09:59:00] [Render thread/INFO]: [System] [CHAT] Fish caught, but item not detected.
[09:59:10] [Render thread/INFO]: [System] [CHAT] Caught: minecraft:lily_pad  (Total: 2)
[09:59:10] [Render thread/INFO]: [System] [CHAT] Lap Time: 17:23
[09:59:17] [Render thread/INFO]: [System] [CHAT] Caught: minecraft:cod  (Total: 30)
[09:59:17] [Render thread/INFO]: [System] [CHAT] Lap Time: 17:30
[09:59:29] [Render thread/INFO]: [System] [CHAT] Caught: minecraft:cod  (Total: 31)
[09:59:29] [Render thread/INFO]: [System] [CHAT] Lap Time: 17:42
[09:59:35] [Render thread/INFO]: [System] [CHAT] Caught: minecraft:cod  (Total: 32)
[09:59:35] [Render thread/INFO]: [System] [CHAT] Lap Time: 17:48
[09:59:47] [Render thread/INFO]: [System] [CHAT] Caught: minecraft:cod  (Total: 33)
[09:59:47] [Render thread/INFO]: [System] [CHAT] Lap Time: 18:00
[10:00:02] [Render thread/INFO]: [System] [CHAT] Caught: minecraft:cod  (Total: 34)
[10:00:02] [Render thread/INFO]: [System] [CHAT] Lap Time: 18:15
[10:00:10] [Render thread/INFO]: [System] [CHAT] Caught: minecraft:cod  (Total: 35)
[10:00:10] [Render thread/INFO]: [System] [CHAT] Lap Time: 18:22
[10:00:18] [Render thread/INFO]: [System] [CHAT] Fish caught, but item not detected.
[10:00:30] [Render thread/INFO]: [System] [CHAT] Caught: minecraft:salmon  (Total: 20)
[10:00:30] [Render thread/INFO]: [System] [CHAT] Lap Time: 18:42
[10:00:43] [Render thread/INFO]: [System] [CHAT] Fish caught, but item not detected.
[10:00:58] [Render thread/INFO]: [System] [CHAT] Caught: minecraft:cod  (Total: 36)
[10:00:58] [Render thread/INFO]: [System] [CHAT] Lap Time: 19:10
[10:01:05] [Render thread/INFO]: [System] [CHAT] Caught: minecraft:saddle  (Total: 1)
[10:01:05] [Render thread/INFO]: [System] [CHAT] Lap Time: 19:17
[10:01:17] [Render thread/INFO]: [System] [CHAT] Caught: minecraft:pufferfish  (Total: 6)
[10:01:17] [Render thread/INFO]: [System] [CHAT] Lap Time: 19:29
[10:01:28] [Render thread/INFO]: [System] [CHAT] Caught: minecraft:salmon  (Total: 21)
[10:01:28] [Render thread/INFO]: [System] [CHAT] Lap Time: 19:40
[10:01:38] [Render thread/INFO]: [System] [CHAT] Fish caught, but item not detected.
[10:01:49] [Render thread/INFO]: [System] [CHAT] Caught: minecraft:salmon  (Total: 22)
[10:01:49] [Render thread/INFO]: [System] [CHAT] Lap Time: 20:02
[10:02:01] [Render thread/INFO]: [System] [CHAT] Caught: minecraft:cod  (Total: 37)
[10:02:01] [Render thread/INFO]: [System] [CHAT] Lap Time: 20:13
[10:02:12] [Render thread/INFO]: [System] [CHAT] Caught: minecraft:salmon  (Total: 23)
[10:02:12] [Render thread/INFO]: [System] [CHAT] Lap Time: 20:24
[10:02:22] [Render thread/INFO]: [System] [CHAT] Caught: minecraft:pufferfish  (Total: 7)
[10:02:22] [Render thread/INFO]: [System] [CHAT] Lap Time: 20:34
[10:02:29] [Render thread/INFO]: [System] [CHAT] Fish caught, but item not detected.
[10:02:44] [Render thread/INFO]: [System] [CHAT] Caught: minecraft:salmon  (Total: 24)
[10:02:44] [Render thread/INFO]: [System] [CHAT] Lap Time: 20:57
[10:03:02] [Render thread/INFO]: [System] [CHAT] Caught: minecraft:cod  (Total: 38)
[10:03:02] [Render thread/INFO]: [System] [CHAT] Lap Time: 21:15
[10:03:14] [Render thread/INFO]: [System] [CHAT] Fish caught, but item not detected.
[10:03:22] [Render thread/INFO]: [System] [CHAT] Caught: minecraft:cod  (Total: 39)
[10:03:22] [Render thread/INFO]: [System] [CHAT] Lap Time: 21:34
[10:03:38] [Render thread/INFO]: [System] [CHAT] Fish caught, but item not detected.
[10:03:45] [Render thread/INFO]: [System] [CHAT] Fish caught, but item not detected.
[10:03:56] [Render thread/INFO]: [System] [CHAT] Caught: minecraft:pufferfish  (Total: 8)
[10:03:56] [Render thread/INFO]: [System] [CHAT] Lap Time: 22:09
[10:04:10] [Render thread/INFO]: [System] [CHAT] Caught: minecraft:pufferfish  (Total: 9)
[10:04:10] [Render thread/INFO]: [System] [CHAT] Lap Time: 22:22
[10:04:25] [Render thread/INFO]: [System] [CHAT] Caught: minecraft:pufferfish  (Total: 10)
[10:04:25] [Render thread/INFO]: [System] [CHAT] Lap Time: 22:37
[10:04:39] [Render thread/INFO]: [System] [CHAT] Caught: minecraft:cod  (Total: 40)
[10:04:39] [Render thread/INFO]: [System] [CHAT] Lap Time: 22:51
[10:04:51] [Render thread/INFO]: [System] [CHAT] Fish caught, but item not detected.
[10:05:03] [Render thread/INFO]: [System] [CHAT] Caught: minecraft:cod  (Total: 41)
[10:05:03] [Render thread/INFO]: [System] [CHAT] Lap Time: 23:15
[10:05:18] [Render thread/INFO]: [System] [CHAT] Caught: minecraft:tropical_fish  (Total: 2)
[10:05:18] [Render thread/INFO]: [System] [CHAT] Lap Time: 23:30
[10:05:28] [Render thread/INFO]: [System] [CHAT] Caught: minecraft:salmon  (Total: 25)
[10:05:28] [Render thread/INFO]: [System] [CHAT] Lap Time: 23:40
[10:05:38] [Render thread/INFO]: [System] [CHAT] Caught: minecraft:cod  (Total: 42)
[10:05:38] [Render thread/INFO]: [System] [CHAT] Lap Time: 23:50
[10:05:52] [Render thread/INFO]: [System] [CHAT] Caught: minecraft:salmon  (Total: 26)
[10:05:52] [Render thread/INFO]: [System] [CHAT] Lap Time: 24:04
[10:06:03] [Render thread/INFO]: [System] [CHAT] Caught: minecraft:cod  (Total: 43)
[10:06:03] [Render thread/INFO]: [System] [CHAT] Lap Time: 24:16
[10:06:10] [Render thread/INFO]: [System] [CHAT] Fish caught, but item not detected.
[10:06:16] [Render thread/INFO]: [System] [CHAT] Fish caught, but item not detected.
[10:06:31] [Render thread/INFO]: [System] [CHAT] Fish caught, but item not detected.
[10:06:46] [Render thread/INFO]: [System] [CHAT] Caught: minecraft:cod  (Total: 44)
[10:06:46] [Render thread/INFO]: [System] [CHAT] Lap Time: 24:59
[10:07:04] [Render thread/INFO]: [System] [CHAT] Caught: minecraft:salmon  (Total: 27)
[10:07:04] [Render thread/INFO]: [System] [CHAT] Lap Time: 25:16
[10:07:12] [Render thread/INFO]: [System] [CHAT] Caught: minecraft:cod  (Total: 45)
[10:07:12] [Render thread/INFO]: [System] [CHAT] Lap Time: 25:24
[10:07:26] [Render thread/INFO]: [System] [CHAT] Caught: minecraft:pufferfish  (Total: 11)
[10:07:26] [Render thread/INFO]: [System] [CHAT] Lap Time: 25:38
[10:07:42] [Render thread/INFO]: [System] [CHAT] Caught: minecraft:cod  (Total: 46)
[10:07:42] [Render thread/INFO]: [System] [CHAT] Lap Time: 25:54
[10:07:54] [Render thread/INFO]: [System] [CHAT] Caught: minecraft:salmon  (Total: 28)
[10:07:54] [Render thread/INFO]: [System] [CHAT] Lap Time: 26:06
[10:08:09] [Render thread/INFO]: [System] [CHAT] Fish caught, but item not detected.
[10:08:27] [Render thread/INFO]: [System] [CHAT] Fish caught, but item not detected.
[10:08:39] [Render thread/INFO]: [System] [CHAT] Caught: minecraft:cod  (Total: 47)
[10:08:39] [Render thread/INFO]: [System] [CHAT] Lap Time: 26:52
[10:08:52] [Render thread/INFO]: [System] [CHAT] Caught: minecraft:cod  (Total: 48)
[10:08:52] [Render thread/INFO]: [System] [CHAT] Lap Time: 27:04
[10:08:58] [Render thread/INFO]: [System] [CHAT] Caught: minecraft:name_tag  (Total: 2)
[10:08:58] [Render thread/INFO]: [System] [CHAT] Lap Time: 27:10
[10:09:05] [Render thread/INFO]: [System] [CHAT] Caught: minecraft:salmon  (Total: 29)
[10:09:05] [Render thread/INFO]: [System] [CHAT] Lap Time: 27:17
[10:09:20] [Render thread/INFO]: [System] [CHAT] Caught: minecraft:enchanted_book  (Total: 1)
[10:09:20] [Render thread/INFO]: [System] [CHAT] Lap Time: 27:32
[10:09:42] [Render thread/INFO]: [System] [CHAT] Caught: minecraft:pufferfish  (Total: 12)
[10:09:42] [Render thread/INFO]: [System] [CHAT] Lap Time: 27:54
[10:10:03] [Render thread/INFO]: Loaded 41 advancements
[10:10:04] [Render thread/INFO]: [System] [CHAT] Caught: minecraft:nautilus_shell  (Total: 1)
[10:10:04] [Render thread/INFO]: [System] [CHAT] Lap Time: 28:16
[10:10:17] [Render thread/INFO]: [System] [CHAT] Caught: minecraft:cod  (Total: 49)
[10:10:17] [Render thread/INFO]: [System] [CHAT] Lap Time: 28:29
[10:10:29] [Render thread/INFO]: [System] [CHAT] Caught: minecraft:pufferfish  (Total: 13)
[10:10:29] [Render thread/INFO]: [System] [CHAT] Lap Time: 28:41
[10:10:38] [Render thread/INFO]: [System] [CHAT] Caught: minecraft:cod  (Total: 50)
[10:10:38] [Render thread/INFO]: [System] [CHAT] Lap Time: 28:50
[10:10:57] [Render thread/INFO]: [System] [CHAT] Caught: minecraft:cod  (Total: 51)
[10:10:57] [Render thread/INFO]: [System] [CHAT] Lap Time: 29:09
[10:11:04] [Render thread/INFO]: [System] [CHAT] Caught: minecraft:salmon  (Total: 30)
[10:11:04] [Render thread/INFO]: [System] [CHAT] Lap Time: 29:16
[10:11:12] [Render thread/INFO]: [System] [CHAT] Caught: minecraft:salmon  (Total: 31)
[10:11:12] [Render thread/INFO]: [System] [CHAT] Lap Time: 29:24
[10:11:19] [Render thread/INFO]: [System] [CHAT] Caught: minecraft:cod  (Total: 52)
[10:11:19] [Render thread/INFO]: [System] [CHAT] Lap Time: 29:31
[10:11:29] [Render thread/INFO]: [System] [CHAT] Caught: minecraft:cod  (Total: 53)
[10:11:29] [Render thread/INFO]: [System] [CHAT] Lap Time: 29:41
[10:11:40] [Render thread/INFO]: [System] [CHAT] Caught: minecraft:cod  (Total: 54)
[10:11:40] [Render thread/INFO]: [System] [CHAT] Lap Time: 29:52
[10:11:49] [Render thread/INFO]: [System] [CHAT] Caught: minecraft:cod  (Total: 55)
[10:11:49] [Render thread/INFO]: [System] [CHAT] Lap Time: 30:01
[10:12:10] [Render thread/INFO]: [System] [CHAT] Caught: minecraft:pufferfish  (Total: 14)
[10:12:10] [Render thread/INFO]: [System] [CHAT] Lap Time: 30:23
[10:12:17] [Render thread/INFO]: [System] [CHAT] Caught: minecraft:cod  (Total: 56)
[10:12:17] [Render thread/INFO]: [System] [CHAT] Lap Time: 30:29
[10:12:31] [Render thread/INFO]: [System] [CHAT] Fish caught, but item not detected.
[10:12:50] [Render thread/INFO]: [System] [CHAT] Caught: minecraft:cod  (Total: 57)
[10:12:50] [Render thread/INFO]: [System] [CHAT] Lap Time: 31:03
[10:13:08] [Render thread/INFO]: [System] [CHAT] Caught: minecraft:cod  (Total: 58)
[10:13:08] [Render thread/INFO]: [System] [CHAT] Lap Time: 31:20
[10:13:25] [Render thread/INFO]: [System] [CHAT] Caught: minecraft:pufferfish  (Total: 15)
[10:13:25] [Render thread/INFO]: [System] [CHAT] Lap Time: 31:38
[10:13:35] [Render thread/INFO]: [System] [CHAT] Caught: minecraft:cod  (Total: 59)
[10:13:35] [Render thread/INFO]: [System] [CHAT] Lap Time: 31:47
[10:13:53] [Render thread/INFO]: [System] [CHAT] Caught: minecraft:cod  (Total: 60)
[10:13:53] [Render thread/INFO]: [System] [CHAT] Lap Time: 32:05
[10:14:12] [Render thread/INFO]: [System] [CHAT] Caught: minecraft:cod  (Total: 61)
[10:14:12] [Render thread/INFO]: [System] [CHAT] Lap Time: 32:24
[10:14:32] [Render thread/INFO]: [System] [CHAT] Caught: minecraft:cod  (Total: 62)
[10:14:32] [Render thread/INFO]: [System] [CHAT] Lap Time: 32:44
[10:14:45] [Render thread/INFO]: [System] [CHAT] Caught: minecraft:tropical_fish  (Total: 3)
[10:14:45] [Render thread/INFO]: [System] [CHAT] Lap Time: 32:57
[10:14:57] [Render thread/INFO]: [System] [CHAT] Caught: minecraft:cod  (Total: 63)
[10:14:57] [Render thread/INFO]: [System] [CHAT] Lap Time: 33:09
[10:15:05] [Render thread/INFO]: [System] [CHAT] Caught: minecraft:salmon  (Total: 32)
[10:15:05] [Render thread/INFO]: [System] [CHAT] Lap Time: 33:17
[10:15:22] [Render thread/INFO]: [System] [CHAT] Fish caught, but item not detected.
[10:15:43] [Render thread/INFO]: [System] [CHAT] Caught: minecraft:cod  (Total: 64)
[10:15:43] [Render thread/INFO]: [System] [CHAT] Lap Time: 33:55
[10:16:00] [Render thread/INFO]: [System] [CHAT] Fish caught, but item not detected.
[10:16:06] [Render thread/INFO]: [System] [CHAT] Caught: minecraft:cod  (Total: 65)
[10:16:06] [Render thread/INFO]: [System] [CHAT] Lap Time: 34:19
[10:16:22] [Render thread/INFO]: [System] [CHAT] Caught: minecraft:salmon  (Total: 33)
[10:16:22] [Render thread/INFO]: [System] [CHAT] Lap Time: 34:34
[10:16:38] [Render thread/INFO]: [System] [CHAT] Caught: minecraft:cod  (Total: 66)
[10:16:38] [Render thread/INFO]: [System] [CHAT] Lap Time: 34:50
[10:16:45] [Render thread/INFO]: [System] [CHAT] Caught: minecraft:cod  (Total: 67)
[10:16:45] [Render thread/INFO]: [System] [CHAT] Lap Time: 34:57
[10:16:56] [Render thread/INFO]: [System] [CHAT] Caught: minecraft:cod  (Total: 68)
[10:16:56] [Render thread/INFO]: [System] [CHAT] Lap Time: 35:08
[10:17:15] [Render thread/INFO]: [System] [CHAT] Fish caught, but item not detected.
[10:17:29] [Render thread/INFO]: [System] [CHAT] Caught: minecraft:salmon  (Total: 34)
[10:17:29] [Render thread/INFO]: [System] [CHAT] Lap Time: 35:41
[10:17:43] [Render thread/INFO]: [System] [CHAT] Fish caught, but item not detected.
[10:18:00] [Render thread/INFO]: [System] [CHAT] Caught: minecraft:salmon  (Total: 35)
[10:18:00] [Render thread/INFO]: [System] [CHAT] Lap Time: 36:12
[10:18:18] [Render thread/INFO]: [System] [CHAT] Fish caught, but item not detected.
[10:18:29] [Render thread/INFO]: [System] [CHAT] Caught: minecraft:pufferfish  (Total: 16)
[10:18:29] [Render thread/INFO]: [System] [CHAT] Lap Time: 36:41
[10:18:46] [Render thread/INFO]: [System] [CHAT] Caught: minecraft:cod  (Total: 69)
[10:18:46] [Render thread/INFO]: [System] [CHAT] Lap Time: 36:58
[10:18:55] [Render thread/INFO]: [System] [CHAT] Caught: minecraft:salmon  (Total: 36)
[10:18:55] [Render thread/INFO]: [System] [CHAT] Lap Time: 37:07
[10:19:05] [Render thread/INFO]: [System] [CHAT] Caught: minecraft:cod  (Total: 70)
[10:19:05] [Render thread/INFO]: [System] [CHAT] Lap Time: 37:17
[10:19:19] [Render thread/INFO]: [System] [CHAT] Caught: minecraft:cod  (Total: 71)
[10:19:19] [Render thread/INFO]: [System] [CHAT] Lap Time: 37:31
[10:19:30] [Render thread/INFO]: [System] [CHAT] Caught: minecraft:cod  (Total: 72)
[10:19:30] [Render thread/INFO]: [System] [CHAT] Lap Time: 37:42
[10:19:45] [Render thread/INFO]: [System] [CHAT] Caught: minecraft:salmon  (Total: 37)
[10:19:45] [Render thread/INFO]: [System] [CHAT] Lap Time: 37:57
[10:20:01] [Render thread/INFO]: [System] [CHAT] Caught: minecraft:salmon  (Total: 38)
[10:20:01] [Render thread/INFO]: [System] [CHAT] Lap Time: 38:13
[10:20:14] [Render thread/INFO]: [System] [CHAT] Caught: minecraft:cod  (Total: 73)
[10:20:14] [Render thread/INFO]: [System] [CHAT] Lap Time: 38:26
[10:20:30] [Render thread/INFO]: [System] [CHAT] Fish caught, but item not detected.
[10:20:43] [Render thread/INFO]: [System] [CHAT] Caught: minecraft:salmon  (Total: 39)
[10:20:43] [Render thread/INFO]: [System] [CHAT] Lap Time: 38:55
[10:20:58] [Render thread/INFO]: [System] [CHAT] Caught: minecraft:cod  (Total: 74)
[10:20:58] [Render thread/INFO]: [System] [CHAT] Lap Time: 39:10
[10:21:08] [Render thread/INFO]: [System] [CHAT] Fish caught, but item not detected.
[10:21:23] [Render thread/INFO]: [System] [CHAT] Caught: minecraft:cod  (Total: 75)
[10:21:23] [Render thread/INFO]: [System] [CHAT] Lap Time: 39:35
[10:21:37] [Render thread/INFO]: [System] [CHAT] Caught: minecraft:salmon  (Total: 40)
[10:21:37] [Render thread/INFO]: [System] [CHAT] Lap Time: 39:49
[10:21:45] [Render thread/INFO]: [System] [CHAT] Caught: minecraft:cod  (Total: 76)
[10:21:45] [Render thread/INFO]: [System] [CHAT] Lap Time: 39:57
[10:21:59] [Render thread/INFO]: [System] [CHAT] Fish caught, but item not detected.
[10:22:14] [Render thread/INFO]: [System] [CHAT] Fish caught, but item not detected.
[10:22:32] [Render thread/INFO]: [System] [CHAT] Caught: minecraft:cod  (Total: 77)
[10:22:32] [Render thread/INFO]: [System] [CHAT] Lap Time: 40:44
[10:22:37] [Render thread/INFO]: [System] [CHAT] Caught: minecraft:cod  (Total: 78)
[10:22:37] [Render thread/INFO]: [System] [CHAT] Lap Time: 40:49
[10:22:46] [Render thread/INFO]: [System] [CHAT] Fish caught, but item not detected.
[10:22:57] [Render thread/INFO]: [System] [CHAT] Caught: minecraft:cod  (Total: 79)
[10:22:57] [Render thread/INFO]: [System] [CHAT] Lap Time: 41:09
[10:23:17] [Render thread/INFO]: [System] [CHAT] Caught: minecraft:cod  (Total: 80)
[10:23:17] [Render thread/INFO]: [System] [CHAT] Lap Time: 41:29
[10:23:30] [Render thread/INFO]: [System] [CHAT] Fish caught, but item not detected.
[10:23:47] [Render thread/INFO]: [System] [CHAT] Caught: minecraft:pufferfish  (Total: 17)
[10:23:47] [Render thread/INFO]: [System] [CHAT] Lap Time: 41:59
[10:23:59] [Render thread/INFO]: [System] [CHAT] Caught: minecraft:cod  (Total: 81)
[10:23:59] [Render thread/INFO]: [System] [CHAT] Lap Time: 42:11
[10:24:07] [Render thread/INFO]: [System] [CHAT] Caught: minecraft:pufferfish  (Total: 18)
[10:24:07] [Render thread/INFO]: [System] [CHAT] Lap Time: 42:19
[10:24:27] [Render thread/INFO]: [System] [CHAT] Caught: minecraft:cod  (Total: 82)
[10:24:27] [Render thread/INFO]: [System] [CHAT] Lap Time: 42:39
[10:24:40] [Render thread/INFO]: [System] [CHAT] Caught: minecraft:salmon  (Total: 41)
[10:24:40] [Render thread/INFO]: [System] [CHAT] Lap Time: 42:53
[10:24:49] [Render thread/INFO]: [System] [CHAT] Fish caught, but item not detected.
[10:25:08] [Render thread/INFO]: [System] [CHAT] Caught: minecraft:salmon  (Total: 42)
[10:25:08] [Render thread/INFO]: [System] [CHAT] Lap Time: 43:20
[10:25:27] [Render thread/INFO]: [System] [CHAT] Caught: minecraft:cod  (Total: 83)
[10:25:27] [Render thread/INFO]: [System] [CHAT] Lap Time: 43:39
[10:25:34] [Render thread/INFO]: [System] [CHAT] Caught: minecraft:cod  (Total: 84)
[10:25:34] [Render thread/INFO]: [System] [CHAT] Lap Time: 43:46
[10:25:45] [Render thread/INFO]: [System] [CHAT] Caught: minecraft:cod  (Total: 85)
[10:25:45] [Render thread/INFO]: [System] [CHAT] Lap Time: 43:57
[10:25:52] [Render thread/INFO]: [System] [CHAT] Caught: minecraft:cod  (Total: 86)
[10:25:52] [Render thread/INFO]: [System] [CHAT] Lap Time: 44:04
[10:26:03] [Render thread/INFO]: [System] [CHAT] Caught: minecraft:salmon  (Total: 43)
[10:26:03] [Render thread/INFO]: [System] [CHAT] Lap Time: 44:15
[10:26:13] [Render thread/INFO]: [System] [CHAT] Caught: minecraft:cod  (Total: 87)
[10:26:13] [Render thread/INFO]: [System] [CHAT] Lap Time: 44:25
[10:26:30] [Render thread/INFO]: [System] [CHAT] Caught: minecraft:pufferfish  (Total: 19)
[10:26:30] [Render thread/INFO]: [System] [CHAT] Lap Time: 44:43
[10:26:45] [Render thread/INFO]: [System] [CHAT] Caught: minecraft:salmon  (Total: 44)
[10:26:45] [Render thread/INFO]: [System] [CHAT] Lap Time: 44:58
[10:27:01] [Render thread/INFO]: [System] [CHAT] Caught: minecraft:cod  (Total: 88)
[10:27:01] [Render thread/INFO]: [System] [CHAT] Lap Time: 45:14
[10:27:17] [Render thread/INFO]: [System] [CHAT] Caught: minecraft:cod  (Total: 89)
[10:27:17] [Render thread/INFO]: [System] [CHAT] Lap Time: 45:30
[10:27:36] [Render thread/INFO]: [System] [CHAT] Caught: minecraft:salmon  (Total: 45)
[10:27:36] [Render thread/INFO]: [System] [CHAT] Lap Time: 45:48
[10:27:47] [Render thread/INFO]: [System] [CHAT] Fish caught, but item not detected.
[10:27:59] [Render thread/INFO]: [System] [CHAT] Caught: minecraft:cod  (Total: 90)
[10:27:59] [Render thread/INFO]: [System] [CHAT] Lap Time: 46:12
[10:28:14] [Render thread/INFO]: [System] [CHAT] Caught: minecraft:pufferfish  (Total: 20)
[10:28:15] [Render thread/INFO]: [System] [CHAT] Lap Time: 46:27
[10:28:22] [Render thread/INFO]: [System] [CHAT] Caught: minecraft:salmon  (Total: 46)
[10:28:22] [Render thread/INFO]: [System] [CHAT] Lap Time: 46:34
[10:28:35] [Render thread/INFO]: [System] [CHAT] Fish caught, but item not detected.
[10:28:53] [Render thread/INFO]: [System] [CHAT] Caught: minecraft:pufferfish  (Total: 21)
[10:28:53] [Render thread/INFO]: [System] [CHAT] Lap Time: 47:05
[10:29:02] [Render thread/INFO]: [System] [CHAT] Caught: minecraft:cod  (Total: 91)
[10:29:02] [Render thread/INFO]: [System] [CHAT] Lap Time: 47:15
[10:29:12] [Render thread/INFO]: [System] [CHAT] Caught: minecraft:cod  (Total: 92)
[10:29:12] [Render thread/INFO]: [System] [CHAT] Lap Time: 47:24
[10:29:28] [Render thread/INFO]: [System] [CHAT] Fish caught, but item not detected.
[10:29:48] [Render thread/INFO]: [System] [CHAT] Caught: minecraft:cod  (Total: 93)
[10:29:48] [Render thread/INFO]: [System] [CHAT] Lap Time: 48:00
[10:30:00] [Render thread/INFO]: [System] [CHAT] Caught: minecraft:salmon  (Total: 47)
[10:30:00] [Render thread/INFO]: [System] [CHAT] Lap Time: 48:12
[10:30:08] [Render thread/INFO]: [System] [CHAT] Caught: minecraft:leather  (Total: 2)
[10:30:08] [Render thread/INFO]: [System] [CHAT] Lap Time: 48:21
[10:30:31] [Render thread/INFO]: [System] [CHAT] Fish caught, but item not detected.
[10:30:43] [Render thread/INFO]: [System] [CHAT] Caught: minecraft:cod  (Total: 94)
[10:30:43] [Render thread/INFO]: [System] [CHAT] Lap Time: 48:55
[10:30:53] [Render thread/INFO]: [System] [CHAT] Caught: minecraft:cod  (Total: 95)
[10:30:53] [Render thread/INFO]: [System] [CHAT] Lap Time: 49:05
[10:31:03] [Render thread/INFO]: [System] [CHAT] Caught: minecraft:cod  (Total: 96)
[10:31:03] [Render thread/INFO]: [System] [CHAT] Lap Time: 49:15
[10:31:22] [Render thread/INFO]: [System] [CHAT] Caught: minecraft:cod  (Total: 97)
[10:31:22] [Render thread/INFO]: [System] [CHAT] Lap Time: 49:35
[10:31:29] [Render thread/INFO]: [System] [CHAT] Caught: minecraft:cod  (Total: 98)
[10:31:29] [Render thread/INFO]: [System] [CHAT] Lap Time: 49:41
[10:31:45] [Render thread/INFO]: [System] [CHAT] Caught: minecraft:cod  (Total: 99)
[10:31:45] [Render thread/INFO]: [System] [CHAT] Lap Time: 49:57
[10:32:01] [Render thread/INFO]: [System] [CHAT] Caught: minecraft:cod  (Total: 100)
[10:32:01] [Render thread/INFO]: [System] [CHAT] Lap Time: 50:13
[10:32:18] [Render thread/INFO]: [System] [CHAT] Caught: minecraft:cod  (Total: 101)
[10:32:18] [Render thread/INFO]: [System] [CHAT] Lap Time: 50:30
[10:32:33] [Render thread/INFO]: [System] [CHAT] Caught: minecraft:tropical_fish  (Total: 4)
[10:32:33] [Render thread/INFO]: [System] [CHAT] Lap Time: 50:45
[10:32:47] [Render thread/INFO]: [System] [CHAT] Caught: minecraft:cod  (Total: 102)
[10:32:47] [Render thread/INFO]: [System] [CHAT] Lap Time: 50:59
[10:33:06] [Render thread/INFO]: [System] [CHAT] Caught: minecraft:salmon  (Total: 48)
[10:33:06] [Render thread/INFO]: [System] [CHAT] Lap Time: 51:18
[10:33:20] [Render thread/INFO]: [System] [CHAT] Caught: minecraft:cod  (Total: 103)
[10:33:20] [Render thread/INFO]: [System] [CHAT] Lap Time: 51:32
[10:33:40] [Render thread/INFO]: [System] [CHAT] Fish caught, but item not detected.
[10:33:51] [Render thread/INFO]: [System] [CHAT] Caught: minecraft:cod  (Total: 104)
[10:33:51] [Render thread/INFO]: [System] [CHAT] Lap Time: 52:03
[10:34:07] [Render thread/INFO]: [System] [CHAT] Caught: minecraft:cod  (Total: 105)
[10:34:07] [Render thread/INFO]: [System] [CHAT] Lap Time: 52:20
[10:34:22] [Render thread/INFO]: [System] [CHAT] Caught: minecraft:nautilus_shell  (Total: 2)
[10:34:22] [Render thread/INFO]: [System] [CHAT] Lap Time: 52:34
[10:34:38] [Render thread/INFO]: [System] [CHAT] Caught: minecraft:cod  (Total: 106)
[10:34:38] [Render thread/INFO]: [System] [CHAT] Lap Time: 52:50
[10:34:45] [Render thread/INFO]: [System] [CHAT] Fish caught, but item not detected.
[10:34:56] [Render thread/INFO]: [System] [CHAT] Caught: minecraft:cod  (Total: 107)
[10:34:56] [Render thread/INFO]: [System] [CHAT] Lap Time: 53:08
[10:35:07] [Render thread/INFO]: [System] [CHAT] Caught: minecraft:cod  (Total: 108)
[10:35:07] [Render thread/INFO]: [System] [CHAT] Lap Time: 53:19
[10:35:22] [Render thread/INFO]: [System] [CHAT] Caught: minecraft:cod  (Total: 109)
[10:35:22] [Render thread/INFO]: [System] [CHAT] Lap Time: 53:34
[10:35:43] [Render thread/INFO]: [System] [CHAT] Caught: minecraft:salmon  (Total: 49)
[10:35:43] [Render thread/INFO]: [System] [CHAT] Lap Time: 53:55
[10:35:55] [Render thread/INFO]: [System] [CHAT] Caught: minecraft:cod  (Total: 110)
[10:35:55] [Render thread/INFO]: [System] [CHAT] Lap Time: 54:07
[10:36:16] [Render thread/INFO]: [System] [CHAT] Fish caught, but item not detected.
[10:36:25] [Render thread/INFO]: [System] [CHAT] Fish caught, but item not detected.
[10:36:42] [Render thread/INFO]: [System] [CHAT] Caught: minecraft:salmon  (Total: 50)
[10:36:42] [Render thread/INFO]: [System] [CHAT] Lap Time: 54:54
[10:37:02] [Render thread/INFO]: [System] [CHAT] Caught: minecraft:cod  (Total: 111)
[10:37:02] [Render thread/INFO]: [System] [CHAT] Lap Time: 55:14
[10:37:21] [Render thread/INFO]: [System] [CHAT] Caught: minecraft:cod  (Total: 112)
[10:37:21] [Render thread/INFO]: [System] [CHAT] Lap Time: 55:33
[10:37:30] [Render thread/INFO]: [System] [CHAT] Caught: minecraft:cod  (Total: 113)
[10:37:30] [Render thread/INFO]: [System] [CHAT] Lap Time: 55:42
[10:37:39] [Render thread/INFO]: [System] [CHAT] Caught: minecraft:cod  (Total: 114)
[10:37:39] [Render thread/INFO]: [System] [CHAT] Lap Time: 55:51
[10:37:57] [Render thread/INFO]: [System] [CHAT] Caught: minecraft:cod  (Total: 115)
[10:37:57] [Render thread/INFO]: [System] [CHAT] Lap Time: 56:09
[10:38:10] [Render thread/INFO]: [System] [CHAT] Caught: minecraft:salmon  (Total: 51)
[10:38:11] [Render thread/INFO]: [System] [CHAT] Lap Time: 56:23
[10:38:27] [Render thread/INFO]: [System] [CHAT] Caught: minecraft:rotten_flesh  (Total: 1)
[10:38:27] [Render thread/INFO]: [System] [CHAT] Lap Time: 56:39
[10:38:42] [Render thread/INFO]: [System] [CHAT] Caught: minecraft:salmon  (Total: 52)
[10:38:42] [Render thread/INFO]: [System] [CHAT] Lap Time: 56:55
[10:39:02] [Render thread/INFO]: [System] [CHAT] Caught: minecraft:cod  (Total: 116)
[10:39:02] [Render thread/INFO]: [System] [CHAT] Lap Time: 57:14
[10:39:14] [Render thread/INFO]: [System] [CHAT] Caught: minecraft:nautilus_shell  (Total: 3)
[10:39:14] [Render thread/INFO]: [System] [CHAT] Lap Time: 57:26
[10:39:22] [Render thread/INFO]: [System] [CHAT] Fish caught, but item not detected.
[10:39:38] [Render thread/INFO]: [System] [CHAT] Caught: minecraft:salmon  (Total: 53)
[10:39:38] [Render thread/INFO]: [System] [CHAT] Lap Time: 57:50
[10:39:43] [Render thread/INFO]: [System] [CHAT] Caught: minecraft:cod  (Total: 117)
[10:39:43] [Render thread/INFO]: [System] [CHAT] Lap Time: 57:55
[10:40:04] [Render thread/INFO]: [System] [CHAT] Caught: minecraft:nautilus_shell  (Total: 4)
[10:40:04] [Render thread/INFO]: [System] [CHAT] Lap Time: 58:16
[10:40:13] [Render thread/INFO]: [System] [CHAT] Fish caught, but item not detected.
[10:40:34] [Render thread/INFO]: [System] [CHAT] Caught: minecraft:cod  (Total: 118)
[10:40:34] [Render thread/INFO]: [System] [CHAT] Lap Time: 58:46
[10:40:42] [Render thread/INFO]: [System] [CHAT] Caught: minecraft:cod  (Total: 119)
[10:40:42] [Render thread/INFO]: [System] [CHAT] Lap Time: 58:54
[10:40:57] [Render thread/INFO]: [System] [CHAT] Caught: minecraft:cod  (Total: 120)
[10:40:57] [Render thread/INFO]: [System] [CHAT] Lap Time: 59:09
[10:41:07] [Render thread/INFO]: [System] [CHAT] Fish caught, but item not detected.
[10:41:19] [Render thread/INFO]: [System] [CHAT] Caught: minecraft:cod  (Total: 121)
[10:41:19] [Render thread/INFO]: [System] [CHAT] Lap Time: 59:32
[10:41:35] [Render thread/INFO]: [System] [CHAT] Caught: minecraft:salmon  (Total: 54)
[10:41:35] [Render thread/INFO]: [System] [CHAT] Lap Time: 59:47
[10:41:48] [Render thread/INFO]: [System] [CHAT] Caught: minecraft:salmon  (Total: 55)
[10:41:48] [Render thread/INFO]: [System] [CHAT] Lap Time: 60:00
[10:42:06] [Render thread/INFO]: [System] [CHAT] Fish caught, but item not detected.
[10:42:24] [Render thread/INFO]: [System] [CHAT] Caught: minecraft:pufferfish  (Total: 22)
[10:42:24] [Render thread/INFO]: [System] [CHAT] Lap Time: 60:36
[10:42:40] [Render thread/INFO]: [System] [CHAT] Caught: minecraft:nautilus_shell  (Total: 5)
[10:42:40] [Render thread/INFO]: [System] [CHAT] Lap Time: 60:52
[10:42:47] [Render thread/INFO]: [System] [CHAT] Caught: minecraft:pufferfish  (Total: 23)
[10:42:47] [Render thread/INFO]: [System] [CHAT] Lap Time: 60:59
[10:43:08] [Render thread/INFO]: [System] [CHAT] Caught: minecraft:cod  (Total: 122)
[10:43:08] [Render thread/INFO]: [System] [CHAT] Lap Time: 61:20
[10:43:19] [Render thread/INFO]: [System] [CHAT] Caught: minecraft:pufferfish  (Total: 24)
[10:43:19] [Render thread/INFO]: [System] [CHAT] Lap Time: 61:31
[10:43:35] [Render thread/INFO]: [System] [CHAT] Caught: minecraft:salmon  (Total: 56)
[10:43:35] [Render thread/INFO]: [System] [CHAT] Lap Time: 61:47
[10:43:50] [Render thread/INFO]: [System] [CHAT] Caught: minecraft:salmon  (Total: 57)
[10:43:50] [Render thread/INFO]: [System] [CHAT] Lap Time: 62:02
[10:44:07] [Render thread/INFO]: [System] [CHAT] Caught: minecraft:salmon  (Total: 58)
[10:44:07] [Render thread/INFO]: [System] [CHAT] Lap Time: 62:19
[10:44:21] [Render thread/INFO]: Loaded 42 advancements
[10:44:21] [Render thread/INFO]: [System] [CHAT] Caught: minecraft:ink_sac  (Total: 1)
[10:44:21] [Render thread/INFO]: [System] [CHAT] Lap Time: 62:34
[10:44:23] [Render thread/INFO]: [System] [CHAT] ----- Catch Summary -----
[10:44:23] [Render thread/INFO]: [System] [CHAT]  - minecraft:cod: 122 times
[10:44:23] [Render thread/INFO]: [System] [CHAT]  - minecraft:salmon: 58 times
[10:44:23] [Render thread/INFO]: [System] [CHAT]  - minecraft:pufferfish: 24 times
[10:44:23] [Render thread/INFO]: [System] [CHAT]  - minecraft:tropical_fish: 4 times
[10:44:23] [Render thread/INFO]: [System] [CHAT]  - minecraft:bow: 1 times
[10:44:23] [Render thread/INFO]: [System] [CHAT]  - minecraft:potion: 1 times
[10:44:23] [Render thread/INFO]: [System] [CHAT]  - minecraft:name_tag: 2 times
[10:44:23] [Render thread/INFO]: [System] [CHAT]  - minecraft:leather: 2 times
[10:44:24] [Render thread/INFO]: [System] [CHAT]  - minecraft:lily_pad: 2 times
[10:44:24] [Render thread/INFO]: [System] [CHAT]  - minecraft:saddle: 1 times
[10:44:24] [Render thread/INFO]: [System] [CHAT]  - minecraft:enchanted_book: 1 times
[10:44:24] [Render thread/INFO]: [System] [CHAT]  - minecraft:nautilus_shell: 5 times
[10:44:24] [Render thread/INFO]: [System] [CHAT]  - minecraft:rotten_flesh: 1 times
[10:44:24] [Render thread/INFO]: [System] [CHAT]  - minecraft:ink_sac: 1 times
[10:44:24] [Render thread/INFO]: [System] [CHAT] Elapsed Time: 62:36
[10:44:25] [Render thread/INFO]: [System] [CHAT] Screenshot saved: autofish_20250705_104424.png
[10:44:25] [Render thread/INFO]: [System] [CHAT] Summary saved to: summary_20250705_104425.txt
[10:44:27] [Render thread/INFO]: [System] [CHAT] Inventory cleared.
[10:44:27] [Render thread/INFO]: [System] [CHAT] Rod restored.
[10:44:27] [Server thread/INFO]: [sampleeeeeee: Removed 256 item(s) from player sampleeeeeee]
[10:44:27] [Server thread/INFO]: [sampleeeeeee: Replaced a slot on sampleeeeeee with [Fishing Rod]]
[10:44:27] [Server thread/INFO]: [sampleeeeeee: Applied enchantment Luck of the Sea III to sampleeeeeee's item]
[10:44:27] [Render thread/INFO]: [System] [CHAT] Removed 256 item(s) from player sampleeeeeee
[10:44:27] [Render thread/INFO]: [System] [CHAT] Replaced a slot on sampleeeeeee with [Fishing Rod]
[10:44:27] [Render thread/INFO]: [System] [CHAT] Applied enchantment Luck of the Sea III to sampleeeeeee's item
[10:44:27] [Server thread/INFO]: [sampleeeeeee: Applied enchantment Lure III to sampleeeeeee's item]
[10:44:27] [Server thread/INFO]: [sampleeeeeee: Applied enchantment Unbreaking III to sampleeeeeee's item]
[10:44:27] [Render thread/INFO]: [System] [CHAT] Applied enchantment Lure III to sampleeeeeee's item
[10:44:27] [Render thread/INFO]: [System] [CHAT] Applied enchantment Unbreaking III to sampleeeeeee's item
[10:44:27] [Server thread/INFO]: [sampleeeeeee: Applied enchantment Mending to sampleeeeeee's item]
[10:44:27] [Render thread/INFO]: [System] [CHAT] Saved screenshot as autofish_20250705_104424.png
[10:44:27] [Render thread/INFO]: [System] [CHAT] Applied enchantment Mending to sampleeeeeee's item
[10:44:39] [Render thread/INFO]: [System] [CHAT] Fish caught, but item not detected.
[10:44:54] [Render thread/INFO]: [System] [CHAT] Caught: minecraft:salmon  (Total: 59)
[10:44:54] [Render thread/INFO]: [System] [CHAT] Lap Time: 63:06
[10:45:03] [Render thread/INFO]: [System] [CHAT] Caught: minecraft:lily_pad  (Total: 3)
[10:45:03] [Render thread/INFO]: [System] [CHAT] Lap Time: 63:15
[10:45:15] [Server thread/WARN]: Can't keep up! Is the server overloaded? Running 2006ms or 40 ticks behind
[10:45:25] [Render thread/INFO]: [System] [CHAT] Fish caught, but item not detected.
[10:45:36] [Render thread/INFO]: [System] [CHAT] Caught: minecraft:salmon  (Total: 60)
[10:45:36] [Render thread/INFO]: [System] [CHAT] Lap Time: 63:48
[10:45:48] [Render thread/INFO]: [System] [CHAT] Caught: minecraft:cod  (Total: 123)
[10:45:48] [Render thread/INFO]: [System] [CHAT] Lap Time: 64:00
[10:46:06] [Render thread/INFO]: [System] [CHAT] Caught: minecraft:saddle  (Total: 2)
[10:46:06] [Render thread/INFO]: [System] [CHAT] Lap Time: 64:18
[10:46:21] [Render thread/INFO]: [System] [CHAT] Caught: minecraft:salmon  (Total: 61)
[10:46:21] [Render thread/INFO]: [System] [CHAT] Lap Time: 64:33
[10:46:37] [Render thread/INFO]: [System] [CHAT] Fish caught, but item not detected.
[10:46:54] [Render thread/INFO]: [System] [CHAT] Caught: minecraft:cod  (Total: 124)
[10:46:54] [Render thread/INFO]: [System] [CHAT] Lap Time: 65:06
[10:47:03] [Render thread/INFO]: [System] [CHAT] Fish caught, but item not detected.
[10:47:17] [Render thread/INFO]: [System] [CHAT] Caught: minecraft:bow  (Total: 2)
[10:47:17] [Render thread/INFO]: [System] [CHAT] Lap Time: 65:29
[10:47:25] [Render thread/INFO]: [System] [CHAT] Caught: minecraft:cod  (Total: 125)
[10:47:25] [Render thread/INFO]: [System] [CHAT] Lap Time: 65:37
[10:47:31] [Render thread/INFO]: [System] [CHAT] Caught: minecraft:cod  (Total: 126)
[10:47:31] [Render thread/INFO]: [System] [CHAT] Lap Time: 65:44
[10:47:52] [Render thread/INFO]: [System] [CHAT] Caught: minecraft:cod  (Total: 127)
[10:47:52] [Render thread/INFO]: [System] [CHAT] Lap Time: 66:04
[10:48:01] [Render thread/INFO]: [System] [CHAT] Caught: minecraft:cod  (Total: 128)
[10:48:01] [Render thread/INFO]: [System] [CHAT] Lap Time: 66:13
[10:48:15] [Render thread/INFO]: [System] [CHAT] Fish caught, but item not detected.
[10:48:28] [Render thread/INFO]: [System] [CHAT] Caught: minecraft:cod  (Total: 129)
[10:48:28] [Render thread/INFO]: [System] [CHAT] Lap Time: 66:40
[10:48:46] [Render thread/INFO]: [System] [CHAT] Caught: minecraft:pufferfish  (Total: 25)
[10:48:46] [Render thread/INFO]: [System] [CHAT] Lap Time: 66:58
[10:49:02] [Render thread/INFO]: [System] [CHAT] Caught: minecraft:cod  (Total: 130)
[10:49:02] [Render thread/INFO]: [System] [CHAT] Lap Time: 67:14
[10:49:17] [Render thread/INFO]: [System] [CHAT] Caught: minecraft:pufferfish  (Total: 26)
[10:49:17] [Render thread/INFO]: [System] [CHAT] Lap Time: 67:30
[10:49:36] [Render thread/INFO]: [System] [CHAT] Caught: minecraft:cod  (Total: 131)
[10:49:36] [Render thread/INFO]: [System] [CHAT] Lap Time: 67:48
[10:49:50] [Render thread/INFO]: [System] [CHAT] Caught: minecraft:cod  (Total: 132)
[10:49:50] [Render thread/INFO]: [System] [CHAT] Lap Time: 68:02
[10:50:03] [Render thread/INFO]: [System] [CHAT] Caught: minecraft:enchanted_book  (Total: 2)
[10:50:03] [Render thread/INFO]: [System] [CHAT] Lap Time: 68:15
[10:50:10] [Render thread/INFO]: [System] [CHAT] Caught: minecraft:cod  (Total: 133)
[10:50:10] [Render thread/INFO]: [System] [CHAT] Lap Time: 68:22
[10:50:19] [Render thread/INFO]: [System] [CHAT] Caught: minecraft:cod  (Total: 134)
[10:50:19] [Render thread/INFO]: [System] [CHAT] Lap Time: 68:31
[10:50:32] [Render thread/INFO]: [System] [CHAT] Caught: minecraft:cod  (Total: 135)
[10:50:32] [Render thread/INFO]: [System] [CHAT] Lap Time: 68:44
[10:50:44] [Render thread/INFO]: [System] [CHAT] Caught: minecraft:cod  (Total: 136)
[10:50:44] [Render thread/INFO]: [System] [CHAT] Lap Time: 68:56
[10:51:03] [Render thread/INFO]: [System] [CHAT] Caught: minecraft:salmon  (Total: 62)
[10:51:03] [Render thread/INFO]: [System] [CHAT] Lap Time: 69:15
[10:51:13] [Render thread/INFO]: [System] [CHAT] Caught: minecraft:salmon  (Total: 63)
[10:51:13] [Render thread/INFO]: [System] [CHAT] Lap Time: 69:26
[10:51:27] [Render thread/INFO]: [System] [CHAT] Caught: minecraft:cod  (Total: 137)
[10:51:27] [Render thread/INFO]: [System] [CHAT] Lap Time: 69:39
[10:51:45] [Render thread/INFO]: [System] [CHAT] Caught: minecraft:cod  (Total: 138)
[10:51:45] [Render thread/INFO]: [System] [CHAT] Lap Time: 69:58
[10:52:02] [Render thread/INFO]: [System] [CHAT] Caught: minecraft:pufferfish  (Total: 27)
[10:52:02] [Render thread/INFO]: [System] [CHAT] Lap Time: 70:14
[10:52:22] [Render thread/INFO]: [System] [CHAT] Caught: minecraft:cod  (Total: 139)
[10:52:22] [Render thread/INFO]: [System] [CHAT] Lap Time: 70:34
[10:52:42] [Render thread/INFO]: [System] [CHAT] Fish caught, but item not detected.
[10:52:56] [Render thread/INFO]: [System] [CHAT] Caught: minecraft:pufferfish  (Total: 28)
[10:52:56] [Render thread/INFO]: [System] [CHAT] Lap Time: 71:08
[10:53:11] [Render thread/INFO]: [System] [CHAT] Caught: minecraft:cod  (Total: 140)
[10:53:11] [Render thread/INFO]: [System] [CHAT] Lap Time: 71:23
[10:53:25] [Render thread/INFO]: Loaded 44 advancements
[10:53:26] [Render thread/INFO]: [System] [CHAT] Caught: minecraft:tripwire_hook  (Total: 1)
[10:53:26] [Render thread/INFO]: [System] [CHAT] Lap Time: 71:38
[10:53:33] [Render thread/INFO]: [System] [CHAT] Fish caught, but item not detected.
[10:53:51] [Render thread/INFO]: [System] [CHAT] Fish caught, but item not detected.
[10:54:08] [Render thread/INFO]: [System] [CHAT] Fish caught, but item not detected.
[10:54:21] [Render thread/INFO]: [System] [CHAT] Caught: minecraft:rotten_flesh  (Total: 2)
[10:54:21] [Render thread/INFO]: [System] [CHAT] Lap Time: 72:34
[10:54:30] [Render thread/INFO]: [System] [CHAT] Caught: minecraft:salmon  (Total: 64)
[10:54:30] [Render thread/INFO]: [System] [CHAT] Lap Time: 72:42
[10:54:42] [Render thread/INFO]: [System] [CHAT] Fish caught, but item not detected.
[10:54:53] [Render thread/INFO]: [System] [CHAT] Caught: minecraft:salmon  (Total: 65)
[10:54:53] [Render thread/INFO]: [System] [CHAT] Lap Time: 73:05
[10:55:13] [Render thread/INFO]: [System] [CHAT] Caught: minecraft:nautilus_shell  (Total: 6)
[10:55:13] [Render thread/INFO]: [System] [CHAT] Lap Time: 73:25
[10:55:19] [Render thread/INFO]: [System] [CHAT] Caught: minecraft:cod  (Total: 141)
[10:55:19] [Render thread/INFO]: [System] [CHAT] Lap Time: 73:31
[10:55:29] [Render thread/INFO]: [System] [CHAT] Caught: minecraft:cod  (Total: 142)
[10:55:29] [Render thread/INFO]: [System] [CHAT] Lap Time: 73:42
[10:55:43] [Render thread/INFO]: [System] [CHAT] Caught: minecraft:salmon  (Total: 66)
[10:55:43] [Render thread/INFO]: [System] [CHAT] Lap Time: 73:55
[10:55:54] [Render thread/INFO]: [System] [CHAT] Caught: minecraft:lily_pad  (Total: 4)
[10:55:54] [Render thread/INFO]: [System] [CHAT] Lap Time: 74:06
[10:56:12] [Render thread/INFO]: [System] [CHAT] Caught: minecraft:cod  (Total: 143)
[10:56:12] [Render thread/INFO]: [System] [CHAT] Lap Time: 74:24
[10:56:33] [Render thread/INFO]: [System] [CHAT] Fish caught, but item not detected.
[10:56:52] [Render thread/INFO]: [System] [CHAT] Caught: minecraft:cod  (Total: 144)
[10:56:52] [Render thread/INFO]: [System] [CHAT] Lap Time: 75:04
[10:57:07] [Render thread/INFO]: [System] [CHAT] Caught: minecraft:cod  (Total: 145)
[10:57:07] [Render thread/INFO]: [System] [CHAT] Lap Time: 75:19
[10:57:20] [Render thread/INFO]: [System] [CHAT] Caught: minecraft:cod  (Total: 146)
[10:57:20] [Render thread/INFO]: [System] [CHAT] Lap Time: 75:32
[10:57:29] [Render thread/INFO]: [System] [CHAT] Caught: minecraft:cod  (Total: 147)
[10:57:29] [Render thread/INFO]: [System] [CHAT] Lap Time: 75:41
[10:57:48] [Render thread/INFO]: [System] [CHAT] Caught: minecraft:name_tag  (Total: 3)
[10:57:48] [Render thread/INFO]: [System] [CHAT] Lap Time: 76:00
[10:58:06] [Render thread/INFO]: [System] [CHAT] Caught: minecraft:cod  (Total: 148)
[10:58:06] [Render thread/INFO]: [System] [CHAT] Lap Time: 76:18
[10:58:15] [Render thread/INFO]: [System] [CHAT] Fish caught, but item not detected.
[10:58:23] [Render thread/INFO]: [System] [CHAT] Fish caught, but item not detected.
[10:58:38] [Render thread/INFO]: [System] [CHAT] Caught: minecraft:cod  (Total: 149)
[10:58:38] [Render thread/INFO]: [System] [CHAT] Lap Time: 76:50
[10:58:46] [Render thread/INFO]: [System] [CHAT] Fish caught, but item not detected.
[10:59:01] [Render thread/INFO]: [System] [CHAT] Caught: minecraft:cod  (Total: 150)
[10:59:01] [Render thread/INFO]: [System] [CHAT] Lap Time: 77:13
[10:59:13] [Render thread/INFO]: [System] [CHAT] Caught: minecraft:name_tag  (Total: 4)
[10:59:13] [Render thread/INFO]: [System] [CHAT] Lap Time: 77:25
[10:59:24] [Render thread/INFO]: [System] [CHAT] Caught: minecraft:pufferfish  (Total: 29)
[10:59:24] [Render thread/INFO]: [System] [CHAT] Lap Time: 77:36
[10:59:38] [Render thread/INFO]: [System] [CHAT] Caught: minecraft:salmon  (Total: 67)
[10:59:38] [Render thread/INFO]: [System] [CHAT] Lap Time: 77:50
[10:59:48] [Render thread/INFO]: Loaded 51 advancements
[10:59:48] [Render thread/INFO]: [System] [CHAT] Caught: minecraft:stick  (Total: 1)
[10:59:48] [Render thread/INFO]: [System] [CHAT] Lap Time: 78:01
[11:00:02] [Render thread/INFO]: [System] [CHAT] Caught: minecraft:cod  (Total: 151)
[11:00:02] [Render thread/INFO]: [System] [CHAT] Lap Time: 78:14
[11:00:14] [Render thread/INFO]: [System] [CHAT] Caught: minecraft:cod  (Total: 152)
[11:00:14] [Render thread/INFO]: [System] [CHAT] Lap Time: 78:26
[11:00:29] [Render thread/INFO]: [System] [CHAT] Caught: minecraft:cod  (Total: 153)
[11:00:29] [Render thread/INFO]: [System] [CHAT] Lap Time: 78:41
[11:00:45] [Render thread/INFO]: [System] [CHAT] Caught: minecraft:salmon  (Total: 68)
[11:00:45] [Render thread/INFO]: [System] [CHAT] Lap Time: 78:57
[11:01:04] [Render thread/INFO]: [System] [CHAT] Caught: minecraft:cod  (Total: 154)
[11:01:04] [Render thread/INFO]: [System] [CHAT] Lap Time: 79:16
[11:01:15] [Render thread/INFO]: [System] [CHAT] Caught: minecraft:cod  (Total: 155)
[11:01:15] [Render thread/INFO]: [System] [CHAT] Lap Time: 79:27
[11:01:21] [Render thread/INFO]: [System] [CHAT] Caught: minecraft:cod  (Total: 156)
[11:01:21] [Render thread/INFO]: [System] [CHAT] Lap Time: 79:33
[11:01:33] [Render thread/INFO]: [System] [CHAT] Caught: minecraft:cod  (Total: 157)
[11:01:33] [Render thread/INFO]: [System] [CHAT] Lap Time: 79:45
[11:01:47] [Render thread/INFO]: [System] [CHAT] Caught: minecraft:cod  (Total: 158)
[11:01:47] [Render thread/INFO]: [System] [CHAT] Lap Time: 79:59
[11:01:55] [Render thread/INFO]: [System] [CHAT] Caught: minecraft:cod  (Total: 159)
[11:01:55] [Render thread/INFO]: [System] [CHAT] Lap Time: 80:07
[11:02:11] [Render thread/INFO]: [System] [CHAT] Caught: minecraft:cod  (Total: 160)
[11:02:11] [Render thread/INFO]: [System] [CHAT] Lap Time: 80:23
[11:02:21] [Render thread/INFO]: [System] [CHAT] Caught: minecraft:cod  (Total: 161)
[11:02:21] [Render thread/INFO]: [System] [CHAT] Lap Time: 80:34
[11:02:31] [Render thread/INFO]: [System] [CHAT] Caught: minecraft:cod  (Total: 162)
[11:02:31] [Render thread/INFO]: [System] [CHAT] Lap Time: 80:44
[11:02:47] [Render thread/INFO]: [System] [CHAT] Caught: minecraft:salmon  (Total: 69)
[11:02:47] [Render thread/INFO]: [System] [CHAT] Lap Time: 80:59
[11:02:57] [Render thread/INFO]: [System] [CHAT] Caught: minecraft:cod  (Total: 163)
[11:02:57] [Render thread/INFO]: [System] [CHAT] Lap Time: 81:09
[11:03:06] [Render thread/INFO]: Loaded 58 advancements
[11:03:07] [Render thread/INFO]: [System] [CHAT] Caught: minecraft:string  (Total: 1)
[11:03:07] [Render thread/INFO]: [System] [CHAT] Lap Time: 81:19
[11:03:19] [Render thread/INFO]: [System] [CHAT] Caught: minecraft:cod  (Total: 164)
[11:03:19] [Render thread/INFO]: [System] [CHAT] Lap Time: 81:31
[11:03:35] [Render thread/INFO]: [System] [CHAT] Fish caught, but item not detected.
[11:03:45] [Render thread/INFO]: [System] [CHAT] Caught: minecraft:cod  (Total: 165)
[11:03:45] [Render thread/INFO]: [System] [CHAT] Lap Time: 81:57
[11:04:06] [Render thread/INFO]: [System] [CHAT] Caught: minecraft:cod  (Total: 166)
[11:04:06] [Render thread/INFO]: [System] [CHAT] Lap Time: 82:19
[11:04:21] [Render thread/INFO]: [System] [CHAT] Caught: minecraft:pufferfish  (Total: 30)
[11:04:21] [Render thread/INFO]: [System] [CHAT] Lap Time: 82:33
[11:04:31] [Render thread/INFO]: [System] [CHAT] Caught: minecraft:cod  (Total: 167)
[11:04:31] [Render thread/INFO]: [System] [CHAT] Lap Time: 82:43
[11:04:46] [Render thread/INFO]: [System] [CHAT] Caught: minecraft:salmon  (Total: 70)
[11:04:46] [Render thread/INFO]: [System] [CHAT] Lap Time: 82:58
[11:04:54] [Render thread/INFO]: [System] [CHAT] Caught: minecraft:salmon  (Total: 71)
[11:04:54] [Render thread/INFO]: [System] [CHAT] Lap Time: 83:06
[11:05:09] [Render thread/INFO]: [System] [CHAT] Caught: minecraft:cod  (Total: 168)
[11:05:09] [Render thread/INFO]: [System] [CHAT] Lap Time: 83:21
[11:05:30] [Render thread/INFO]: [System] [CHAT] Fish caught, but item not detected.
[11:05:47] [Render thread/INFO]: [System] [CHAT] Caught: minecraft:salmon  (Total: 72)
[11:05:47] [Render thread/INFO]: [System] [CHAT] Lap Time: 83:59
[11:06:03] [Render thread/INFO]: [System] [CHAT] Fish caught, but item not detected.
[11:06:21] [Render thread/INFO]: [System] [CHAT] Caught: minecraft:cod  (Total: 169)
[11:06:21] [Render thread/INFO]: [System] [CHAT] Lap Time: 84:33
[11:06:34] [Render thread/INFO]: [System] [CHAT] Caught: minecraft:salmon  (Total: 73)
[11:06:34] [Render thread/INFO]: [System] [CHAT] Lap Time: 84:47
[11:06:53] [Render thread/INFO]: [System] [CHAT] Caught: minecraft:cod  (Total: 170)
[11:06:53] [Render thread/INFO]: [System] [CHAT] Lap Time: 85:06
[11:07:13] [Render thread/INFO]: [System] [CHAT] Caught: minecraft:cod  (Total: 171)
[11:07:13] [Render thread/INFO]: [System] [CHAT] Lap Time: 85:25
[11:07:20] [Render thread/INFO]: [System] [CHAT] Caught: minecraft:cod  (Total: 172)
[11:07:20] [Render thread/INFO]: [System] [CHAT] Lap Time: 85:32
[11:07:28] [Render thread/INFO]: [System] [CHAT] Caught: minecraft:salmon  (Total: 74)
[11:07:28] [Render thread/INFO]: [System] [CHAT] Lap Time: 85:40
[11:07:44] [Render thread/INFO]: [System] [CHAT] Caught: minecraft:salmon  (Total: 75)
[11:07:44] [Render thread/INFO]: [System] [CHAT] Lap Time: 85:56
[11:08:01] [Render thread/INFO]: [System] [CHAT] Caught: minecraft:cod  (Total: 173)
[11:08:01] [Render thread/INFO]: [System] [CHAT] Lap Time: 86:14
[11:08:20] [Render thread/INFO]: [System] [CHAT] Caught: minecraft:salmon  (Total: 76)
[11:08:20] [Render thread/INFO]: [System] [CHAT] Lap Time: 86:32
[11:08:39] [Render thread/INFO]: [System] [CHAT] Caught: minecraft:salmon  (Total: 77)
[11:08:39] [Render thread/INFO]: [System] [CHAT] Lap Time: 86:52
[11:08:57] [Render thread/INFO]: [System] [CHAT] Caught: minecraft:pufferfish  (Total: 31)
[11:08:57] [Render thread/INFO]: [System] [CHAT] Lap Time: 87:10
[11:09:15] [Render thread/INFO]: [System] [CHAT] Caught: minecraft:cod  (Total: 174)
[11:09:15] [Render thread/INFO]: [System] [CHAT] Lap Time: 87:27
[11:09:32] [Render thread/INFO]: [System] [CHAT] Caught: minecraft:name_tag  (Total: 5)
[11:09:32] [Render thread/INFO]: [System] [CHAT] Lap Time: 87:44
[11:09:46] [Render thread/INFO]: [System] [CHAT] Fish caught, but item not detected.
[11:09:58] [Render thread/INFO]: [System] [CHAT] Caught: minecraft:salmon  (Total: 78)
[11:09:58] [Render thread/INFO]: [System] [CHAT] Lap Time: 88:10
[11:10:13] [Render thread/INFO]: [System] [CHAT] Caught: minecraft:cod  (Total: 175)
[11:10:13] [Render thread/INFO]: [System] [CHAT] Lap Time: 88:25
[11:10:20] [Render thread/INFO]: [System] [CHAT] Caught: minecraft:salmon  (Total: 79)
[11:10:20] [Render thread/INFO]: [System] [CHAT] Lap Time: 88:33
[11:10:39] [Render thread/INFO]: [System] [CHAT] Caught: minecraft:cod  (Total: 176)
[11:10:39] [Render thread/INFO]: [System] [CHAT] Lap Time: 88:51
[11:10:51] [Render thread/INFO]: Loaded 59 advancements
[11:10:52] [Render thread/INFO]: [System] [CHAT] Caught: minecraft:bowl  (Total: 1)
[11:10:52] [Render thread/INFO]: [System] [CHAT] Lap Time: 89:04
[11:11:03] [Render thread/INFO]: [System] [CHAT] Caught: minecraft:leather_boots  (Total: 1)
[11:11:03] [Render thread/INFO]: [System] [CHAT] Lap Time: 89:16
[11:11:19] [Render thread/INFO]: [System] [CHAT] Caught: minecraft:cod  (Total: 177)
[11:11:19] [Render thread/INFO]: [System] [CHAT] Lap Time: 89:31
[11:11:37] [Render thread/INFO]: [System] [CHAT] Caught: minecraft:cod  (Total: 178)
[11:11:37] [Render thread/INFO]: [System] [CHAT] Lap Time: 89:49
[11:11:55] [Render thread/INFO]: [System] [CHAT] Fish caught, but item not detected.
[11:12:08] [Render thread/INFO]: [System] [CHAT] Caught: minecraft:cod  (Total: 179)
[11:12:08] [Render thread/INFO]: [System] [CHAT] Lap Time: 90:20
[11:12:17] [Render thread/INFO]: [System] [CHAT] Caught: minecraft:salmon  (Total: 80)
[11:12:17] [Render thread/INFO]: [System] [CHAT] Lap Time: 90:29
[11:12:27] [Render thread/INFO]: [System] [CHAT] Caught: minecraft:cod  (Total: 180)
[11:12:27] [Render thread/INFO]: [System] [CHAT] Lap Time: 90:39
[11:12:44] [Render thread/INFO]: [System] [CHAT] Caught: minecraft:cod  (Total: 181)
[11:12:44] [Render thread/INFO]: [System] [CHAT] Lap Time: 90:56
[11:13:02] [Render thread/INFO]: [System] [CHAT] Caught: minecraft:salmon  (Total: 81)
[11:13:02] [Render thread/INFO]: [System] [CHAT] Lap Time: 91:14
[11:13:16] [Render thread/INFO]: [System] [CHAT] Caught: minecraft:cod  (Total: 182)
[11:13:16] [Render thread/INFO]: [System] [CHAT] Lap Time: 91:28
[11:13:28] [Render thread/INFO]: [System] [CHAT] Caught: minecraft:salmon  (Total: 82)
[11:13:28] [Render thread/INFO]: [System] [CHAT] Lap Time: 91:41
[11:13:38] [Render thread/INFO]: [System] [CHAT] Caught: minecraft:name_tag  (Total: 6)
[11:13:38] [Render thread/INFO]: [System] [CHAT] Lap Time: 91:50
[11:13:47] [Render thread/INFO]: [System] [CHAT] Caught: minecraft:cod  (Total: 183)
[11:13:47] [Render thread/INFO]: [System] [CHAT] Lap Time: 91:59
[11:13:58] [Render thread/INFO]: [System] [CHAT] Caught: minecraft:salmon  (Total: 83)
[11:13:58] [Render thread/INFO]: [System] [CHAT] Lap Time: 92:10
[11:14:13] [Render thread/INFO]: [System] [CHAT] Caught: minecraft:cod  (Total: 184)
[11:14:13] [Render thread/INFO]: [System] [CHAT] Lap Time: 92:25
[11:14:20] [Render thread/INFO]: [System] [CHAT] Caught: minecraft:cod  (Total: 185)
[11:14:20] [Render thread/INFO]: [System] [CHAT] Lap Time: 92:33
[11:14:35] [Render thread/INFO]: [System] [CHAT] Fish caught, but item not detected.
[11:14:54] [Render thread/INFO]: [System] [CHAT] Caught: minecraft:bowl  (Total: 2)
[11:14:54] [Render thread/INFO]: [System] [CHAT] Lap Time: 93:07
[11:15:12] [Render thread/INFO]: [System] [CHAT] Caught: minecraft:pufferfish  (Total: 32)
[11:15:12] [Render thread/INFO]: [System] [CHAT] Lap Time: 93:24
[11:15:28] [Render thread/INFO]: [System] [CHAT] Caught: minecraft:cod  (Total: 186)
[11:15:28] [Render thread/INFO]: [System] [CHAT] Lap Time: 93:41
[11:15:42] [Render thread/INFO]: [System] [CHAT] Caught: minecraft:salmon  (Total: 84)
[11:15:42] [Render thread/INFO]: [System] [CHAT] Lap Time: 93:54
[11:15:52] [Render thread/INFO]: [System] [CHAT] Caught: minecraft:pufferfish  (Total: 33)
[11:15:52] [Render thread/INFO]: [System] [CHAT] Lap Time: 94:04
[11:16:07] [Render thread/INFO]: [System] [CHAT] Caught: minecraft:salmon  (Total: 85)
[11:16:07] [Render thread/INFO]: [System] [CHAT] Lap Time: 94:19
[11:16:24] [Render thread/INFO]: [System] [CHAT] Fish caught, but item not detected.
[11:16:39] [Render thread/INFO]: [System] [CHAT] Caught: minecraft:tropical_fish  (Total: 5)
[11:16:39] [Render thread/INFO]: [System] [CHAT] Lap Time: 94:51
[11:16:55] [Render thread/INFO]: [System] [CHAT] Caught: minecraft:cod  (Total: 187)
[11:16:55] [Render thread/INFO]: [System] [CHAT] Lap Time: 95:07
[11:17:05] [Render thread/INFO]: [System] [CHAT] Caught: minecraft:cod  (Total: 188)
[11:17:05] [Render thread/INFO]: [System] [CHAT] Lap Time: 95:18
[11:17:22] [Render thread/INFO]: [System] [CHAT] Caught: minecraft:salmon  (Total: 86)
[11:17:22] [Render thread/INFO]: [System] [CHAT] Lap Time: 95:34
[11:17:42] [Render thread/INFO]: [System] [CHAT] Fish caught, but item not detected.
[11:17:57] [Render thread/INFO]: [System] [CHAT] Fish caught, but item not detected.
[11:18:17] [Render thread/INFO]: [System] [CHAT] Caught: minecraft:cod  (Total: 189)
[11:18:17] [Render thread/INFO]: [System] [CHAT] Lap Time: 96:30
[11:18:31] [Render thread/INFO]: [System] [CHAT] Caught: minecraft:tropical_fish  (Total: 6)
[11:18:31] [Render thread/INFO]: [System] [CHAT] Lap Time: 96:43
[11:18:51] [Render thread/INFO]: [System] [CHAT] Caught: minecraft:salmon  (Total: 87)
[11:18:51] [Render thread/INFO]: [System] [CHAT] Lap Time: 97:03
[11:19:07] [Render thread/INFO]: [System] [CHAT] Caught: minecraft:salmon  (Total: 88)
[11:19:07] [Render thread/INFO]: [System] [CHAT] Lap Time: 97:19
[11:19:26] [Render thread/INFO]: [System] [CHAT] Caught: minecraft:cod  (Total: 190)
[11:19:26] [Render thread/INFO]: [System] [CHAT] Lap Time: 97:38
[11:19:40] [Render thread/INFO]: [System] [CHAT] Fish caught, but item not detected.
[11:19:55] [Render thread/INFO]: [System] [CHAT] Caught: minecraft:salmon  (Total: 89)
[11:19:55] [Render thread/INFO]: [System] [CHAT] Lap Time: 98:07
[11:20:07] [Render thread/INFO]: [System] [CHAT] Caught: minecraft:salmon  (Total: 90)
[11:20:07] [Render thread/INFO]: [System] [CHAT] Lap Time: 98:20
[11:20:18] [Render thread/INFO]: [System] [CHAT] Caught: minecraft:salmon  (Total: 91)
[11:20:18] [Render thread/INFO]: [System] [CHAT] Lap Time: 98:30
[11:20:33] [Render thread/INFO]: [System] [CHAT] Fish caught, but item not detected.
[11:20:46] [Render thread/INFO]: [System] [CHAT] Caught: minecraft:cod  (Total: 191)
[11:20:46] [Render thread/INFO]: [System] [CHAT] Lap Time: 98:59
[11:20:54] [Render thread/INFO]: [System] [CHAT] Fish caught, but item not detected.
[11:21:04] [Render thread/INFO]: [System] [CHAT] Caught: minecraft:cod  (Total: 192)
[11:21:04] [Render thread/INFO]: [System] [CHAT] Lap Time: 99:17
[11:21:15] [Render thread/INFO]: [System] [CHAT] Caught: minecraft:cod  (Total: 193)
[11:21:15] [Render thread/INFO]: [System] [CHAT] Lap Time: 99:27
[11:21:31] [Render thread/INFO]: [System] [CHAT] Caught: minecraft:cod  (Total: 194)
[11:21:31] [Render thread/INFO]: [System] [CHAT] Lap Time: 99:43
[11:21:41] [Render thread/INFO]: [System] [CHAT] Caught: minecraft:cod  (Total: 195)
[11:21:41] [Render thread/INFO]: [System] [CHAT] Lap Time: 99:53
[11:21:50] [Render thread/INFO]: [System] [CHAT] Caught: minecraft:cod  (Total: 196)
[11:21:50] [Render thread/INFO]: [System] [CHAT] Lap Time: 100:02
[11:22:11] [Render thread/INFO]: [System] [CHAT] Fish caught, but item not detected.
[11:22:29] [Render thread/INFO]: [System] [CHAT] Caught: minecraft:cod  (Total: 197)
[11:22:29] [Render thread/INFO]: [System] [CHAT] Lap Time: 100:41
[11:22:38] [Render thread/INFO]: [System] [CHAT] Fish caught, but item not detected.
[11:22:47] [Render thread/INFO]: [System] [CHAT] Caught: minecraft:tropical_fish  (Total: 7)
[11:22:47] [Render thread/INFO]: [System] [CHAT] Lap Time: 100:59
[11:22:58] [Render thread/INFO]: [System] [CHAT] Caught: minecraft:pufferfish  (Total: 34)
[11:22:58] [Render thread/INFO]: [System] [CHAT] Lap Time: 101:11
[11:23:10] [Render thread/INFO]: [System] [CHAT] Caught: minecraft:tropical_fish  (Total: 8)
[11:23:10] [Render thread/INFO]: [System] [CHAT] Lap Time: 101:22
[11:23:22] [Render thread/INFO]: [System] [CHAT] Caught: minecraft:cod  (Total: 198)
[11:23:22] [Render thread/INFO]: [System] [CHAT] Lap Time: 101:34
[11:23:35] [Render thread/INFO]: [System] [CHAT] Caught: minecraft:cod  (Total: 199)
[11:23:35] [Render thread/INFO]: [System] [CHAT] Lap Time: 101:48
[11:23:46] [Render thread/INFO]: [System] [CHAT] Caught: minecraft:cod  (Total: 200)
[11:23:46] [Render thread/INFO]: [System] [CHAT] Lap Time: 101:58
[11:23:59] [Render thread/INFO]: [System] [CHAT] Caught: minecraft:cod  (Total: 201)
[11:23:59] [Render thread/INFO]: [System] [CHAT] Lap Time: 102:11
[11:24:08] [Render thread/INFO]: [System] [CHAT] Fish caught, but item not detected.
[11:24:19] [Render thread/INFO]: [System] [CHAT] Caught: minecraft:lily_pad  (Total: 5)
[11:24:19] [Render thread/INFO]: [System] [CHAT] Lap Time: 102:31
[11:24:25] [Render thread/INFO]: [System] [CHAT] Caught: minecraft:salmon  (Total: 92)
[11:24:25] [Render thread/INFO]: [System] [CHAT] Lap Time: 102:38
[11:24:37] [Render thread/INFO]: [System] [CHAT] Fish caught, but item not detected.
[11:24:55] [Render thread/INFO]: [System] [CHAT] Fish caught, but item not detected.
[11:25:12] [Render thread/INFO]: [System] [CHAT] Caught: minecraft:cod  (Total: 202)
[11:25:12] [Render thread/INFO]: [System] [CHAT] Lap Time: 103:25
[11:25:24] [Render thread/INFO]: [System] [CHAT] Caught: minecraft:cod  (Total: 203)
[11:25:24] [Render thread/INFO]: [System] [CHAT] Lap Time: 103:36
[11:25:39] [Render thread/INFO]: [System] [CHAT] Caught: minecraft:name_tag  (Total: 7)
[11:25:39] [Render thread/INFO]: [System] [CHAT] Lap Time: 103:51
[11:25:54] [Render thread/INFO]: [System] [CHAT] Caught: minecraft:salmon  (Total: 93)
[11:25:54] [Render thread/INFO]: [System] [CHAT] Lap Time: 104:06
[11:26:12] [Render thread/INFO]: [System] [CHAT] Caught: minecraft:cod  (Total: 204)
[11:26:12] [Render thread/INFO]: [System] [CHAT] Lap Time: 104:24
[11:26:26] [Render thread/INFO]: [System] [CHAT] Caught: minecraft:cod  (Total: 205)
[11:26:26] [Render thread/INFO]: [System] [CHAT] Lap Time: 104:38
[11:26:42] [Render thread/INFO]: [System] [CHAT] Caught: minecraft:cod  (Total: 206)
[11:26:42] [Render thread/INFO]: [System] [CHAT] Lap Time: 104:54
[11:26:53] [Render thread/INFO]: [System] [CHAT] Caught: minecraft:cod  (Total: 207)
[11:26:53] [Render thread/INFO]: [System] [CHAT] Lap Time: 105:06
[11:27:12] [Render thread/INFO]: [System] [CHAT] Caught: minecraft:cod  (Total: 208)
[11:27:12] [Render thread/INFO]: [System] [CHAT] Lap Time: 105:24
[11:27:30] [Render thread/INFO]: [System] [CHAT] Fish caught, but item not detected.
[11:27:43] [Render thread/INFO]: [System] [CHAT] Caught: minecraft:cod  (Total: 209)
[11:27:43] [Render thread/INFO]: [System] [CHAT] Lap Time: 105:55
[11:27:53] [Render thread/INFO]: [System] [CHAT] Caught: minecraft:cod  (Total: 210)
[11:27:53] [Render thread/INFO]: [System] [CHAT] Lap Time: 106:05
[11:28:11] [Render thread/INFO]: [System] [CHAT] Caught: minecraft:cod  (Total: 211)
[11:28:11] [Render thread/INFO]: [System] [CHAT] Lap Time: 106:24
[11:28:20] [Render thread/INFO]: [System] [CHAT] Fish caught, but item not detected.
[11:28:37] [Render thread/INFO]: [System] [CHAT] Caught: minecraft:salmon  (Total: 94)
[11:28:37] [Render thread/INFO]: [System] [CHAT] Lap Time: 106:49
[11:28:50] [Render thread/INFO]: [System] [CHAT] Caught: minecraft:salmon  (Total: 95)
[11:28:50] [Render thread/INFO]: [System] [CHAT] Lap Time: 107:02
[11:29:09] [Render thread/INFO]: [System] [CHAT] Caught: minecraft:nautilus_shell  (Total: 7)
[11:29:09] [Render thread/INFO]: [System] [CHAT] Lap Time: 107:21
[11:29:24] [Render thread/INFO]: [System] [CHAT] Fish caught, but item not detected.
[11:29:38] [Render thread/INFO]: [System] [CHAT] Caught: minecraft:cod  (Total: 212)
[11:29:38] [Render thread/INFO]: [System] [CHAT] Lap Time: 107:51
[11:29:45] [Render thread/INFO]: [System] [CHAT] Caught: minecraft:cod  (Total: 213)
[11:29:45] [Render thread/INFO]: [System] [CHAT] Lap Time: 107:57
[11:29:52] [Render thread/INFO]: [System] [CHAT] Caught: minecraft:salmon  (Total: 96)
[11:29:52] [Render thread/INFO]: [System] [CHAT] Lap Time: 108:04
[11:30:06] [Render thread/INFO]: [System] [CHAT] Caught: minecraft:nautilus_shell  (Total: 8)
[11:30:06] [Render thread/INFO]: [System] [CHAT] Lap Time: 108:18
[11:30:14] [Render thread/INFO]: [System] [CHAT] Caught: minecraft:cod  (Total: 214)
[11:30:14] [Render thread/INFO]: [System] [CHAT] Lap Time: 108:26
[11:30:29] [Render thread/INFO]: [System] [CHAT] Fish caught, but item not detected.
[11:30:45] [Render thread/INFO]: [System] [CHAT] Fish caught, but item not detected.
[11:31:00] [Render thread/INFO]: [System] [CHAT] Caught: minecraft:pufferfish  (Total: 35)
[11:31:00] [Render thread/INFO]: [System] [CHAT] Lap Time: 109:12
[11:31:19] [Render thread/INFO]: [System] [CHAT] Fish caught, but item not detected.
[11:31:32] [Render thread/INFO]: [System] [CHAT] Caught: minecraft:cod  (Total: 215)
[11:31:32] [Render thread/INFO]: [System] [CHAT] Lap Time: 109:44
[11:31:47] [Render thread/INFO]: [System] [CHAT] Caught: minecraft:cod  (Total: 216)
[11:31:47] [Render thread/INFO]: [System] [CHAT] Lap Time: 109:59
[11:32:01] [Render thread/INFO]: [System] [CHAT] Caught: minecraft:cod  (Total: 217)
[11:32:01] [Render thread/INFO]: [System] [CHAT] Lap Time: 110:13
[11:32:14] [Render thread/INFO]: [System] [CHAT] Fish caught, but item not detected.
[11:32:24] [Render thread/INFO]: [System] [CHAT] Caught: minecraft:nautilus_shell  (Total: 9)
[11:32:24] [Render thread/INFO]: [System] [CHAT] Lap Time: 110:36
[11:32:36] [Render thread/INFO]: [System] [CHAT] Caught: minecraft:cod  (Total: 218)
[11:32:36] [Render thread/INFO]: [System] [CHAT] Lap Time: 110:48
[11:32:56] [Render thread/INFO]: [System] [CHAT] Caught: minecraft:salmon  (Total: 97)
[11:32:56] [Render thread/INFO]: [System] [CHAT] Lap Time: 111:09
[11:33:05] [Render thread/INFO]: [System] [CHAT] Caught: minecraft:cod  (Total: 219)
[11:33:05] [Render thread/INFO]: [System] [CHAT] Lap Time: 111:17
[11:33:22] [Render thread/INFO]: [System] [CHAT] Caught: minecraft:cod  (Total: 220)
[11:33:22] [Render thread/INFO]: [System] [CHAT] Lap Time: 111:34
[11:33:40] [Render thread/INFO]: [System] [CHAT] Caught: minecraft:nautilus_shell  (Total: 10)
[11:33:40] [Render thread/INFO]: [System] [CHAT] Lap Time: 111:53
[11:33:53] [Render thread/INFO]: [System] [CHAT] Caught: minecraft:cod  (Total: 221)
[11:33:53] [Render thread/INFO]: [System] [CHAT] Lap Time: 112:05
[11:34:00] [Render thread/INFO]: [System] [CHAT] Caught: minecraft:cod  (Total: 222)
[11:34:00] [Render thread/INFO]: [System] [CHAT] Lap Time: 112:13
[11:34:08] [Render thread/INFO]: [System] [CHAT] Caught: minecraft:cod  (Total: 223)
[11:34:08] [Render thread/INFO]: [System] [CHAT] Lap Time: 112:20
[11:34:26] [Render thread/INFO]: [System] [CHAT] Caught: minecraft:cod  (Total: 224)
[11:34:26] [Render thread/INFO]: [System] [CHAT] Lap Time: 112:38
[11:34:42] [Render thread/INFO]: [System] [CHAT] Fish caught, but item not detected.
[11:34:44] [Render thread/INFO]: [System] [CHAT] ----- Catch Summary -----
[11:34:44] [Render thread/INFO]: [System] [CHAT]  - minecraft:cod: 224 times
[11:34:44] [Render thread/INFO]: [System] [CHAT]  - minecraft:salmon: 97 times
[11:34:44] [Render thread/INFO]: [System] [CHAT]  - minecraft:pufferfish: 35 times
[11:34:44] [Render thread/INFO]: [System] [CHAT]  - minecraft:tropical_fish: 8 times
[11:34:44] [Render thread/INFO]: [System] [CHAT]  - minecraft:bow: 2 times
[11:34:44] [Render thread/INFO]: [System] [CHAT]  - minecraft:potion: 1 times
[11:34:44] [Render thread/INFO]: [System] [CHAT]  - minecraft:name_tag: 7 times
[11:34:44] [Render thread/INFO]: [System] [CHAT]  - minecraft:leather: 2 times
[11:34:44] [Render thread/INFO]: [System] [CHAT]  - minecraft:lily_pad: 5 times
[11:34:44] [Render thread/INFO]: [System] [CHAT]  - minecraft:saddle: 2 times
[11:34:44] [Render thread/INFO]: [System] [CHAT]  - minecraft:enchanted_book: 2 times
[11:34:44] [Render thread/INFO]: [System] [CHAT]  - minecraft:nautilus_shell: 10 times
[11:34:44] [Render thread/INFO]: [System] [CHAT]  - minecraft:rotten_flesh: 2 times
[11:34:44] [Render thread/INFO]: [System] [CHAT]  - minecraft:ink_sac: 1 times
[11:34:44] [Render thread/INFO]: [System] [CHAT]  - minecraft:tripwire_hook: 1 times
[11:34:44] [Render thread/INFO]: [System] [CHAT]  - minecraft:stick: 1 times
[11:34:44] [Render thread/INFO]: [System] [CHAT]  - minecraft:string: 1 times
[11:34:44] [Render thread/INFO]: [System] [CHAT]  - minecraft:bowl: 2 times
[11:34:44] [Render thread/INFO]: [System] [CHAT]  - minecraft:leather_boots: 1 times
[11:34:44] [Render thread/INFO]: [System] [CHAT] Elapsed Time: 112:57
[11:34:45] [Render thread/INFO]: [System] [CHAT] Screenshot saved: autofish_20250705_113445.png
[11:34:45] [Render thread/INFO]: [System] [CHAT] Summary saved to: summary_20250705_113445.txt
[11:34:46] [Render thread/INFO]: [System] [CHAT] Saved screenshot as autofish_20250705_113445.png
[11:34:47] [Render thread/INFO]: [System] [CHAT] Inventory cleared.
[11:34:47] [Render thread/INFO]: [System] [CHAT] Rod restored.
[11:34:48] [Server thread/INFO]: [sampleeeeeee: Removed 200 item(s) from player sampleeeeeee]
[11:34:48] [Server thread/INFO]: [sampleeeeeee: Replaced a slot on sampleeeeeee with [Fishing Rod]]
[11:34:48] [Server thread/INFO]: [sampleeeeeee: Applied enchantment Luck of the Sea III to sampleeeeeee's item]
[11:34:48] [Server thread/INFO]: [sampleeeeeee: Applied enchantment Lure III to sampleeeeeee's item]
[11:34:48] [Server thread/INFO]: [sampleeeeeee: Applied enchantment Unbreaking III to sampleeeeeee's item]
[11:34:48] [Server thread/INFO]: [sampleeeeeee: Applied enchantment Mending to sampleeeeeee's item]
[11:34:48] [Render thread/INFO]: [System] [CHAT] Removed 200 item(s) from player sampleeeeeee
[11:34:48] [Render thread/INFO]: [System] [CHAT] Replaced a slot on sampleeeeeee with [Fishing Rod]
[11:34:48] [Render thread/INFO]: [System] [CHAT] Applied enchantment Luck of the Sea III to sampleeeeeee's item
[11:34:48] [Render thread/INFO]: [System] [CHAT] Applied enchantment Lure III to sampleeeeeee's item
[11:34:48] [Render thread/INFO]: [System] [CHAT] Applied enchantment Unbreaking III to sampleeeeeee's item
[11:34:48] [Render thread/INFO]: [System] [CHAT] Applied enchantment Mending to sampleeeeeee's item
[11:35:02] [Render thread/INFO]: [System] [CHAT] Fish caught, but item not detected.
[11:35:15] [Render thread/INFO]: [System] [CHAT] Caught: minecraft:salmon  (Total: 98)
[11:35:15] [Render thread/INFO]: [System] [CHAT] Lap Time: 113:28
[11:35:33] [Render thread/INFO]: [System] [CHAT] Fish caught, but item not detected.
[11:35:47] [Render thread/INFO]: [System] [CHAT] Caught: minecraft:salmon  (Total: 99)
[11:35:47] [Render thread/INFO]: [System] [CHAT] Lap Time: 113:59
[11:36:01] [Render thread/INFO]: [System] [CHAT] Caught: minecraft:cod  (Total: 225)
[11:36:01] [Render thread/INFO]: [System] [CHAT] Lap Time: 114:13
[11:36:17] [Render thread/INFO]: [System] [CHAT] Caught: minecraft:cod  (Total: 226)
[11:36:17] [Render thread/INFO]: [System] [CHAT] Lap Time: 114:29
[11:36:38] [Render thread/INFO]: [System] [CHAT] Caught: minecraft:pufferfish  (Total: 36)
[11:36:38] [Render thread/INFO]: [System] [CHAT] Lap Time: 114:50
[11:36:54] [Render thread/INFO]: [System] [CHAT] Caught: minecraft:cod  (Total: 227)
[11:36:54] [Render thread/INFO]: [System] [CHAT] Lap Time: 115:07
[11:37:16] [Render thread/INFO]: [System] [CHAT] Caught: minecraft:cod  (Total: 228)
[11:37:16] [Render thread/INFO]: [System] [CHAT] Lap Time: 115:28
[11:37:27] [Render thread/INFO]: [System] [CHAT] Caught: minecraft:cod  (Total: 229)
[11:37:27] [Render thread/INFO]: [System] [CHAT] Lap Time: 115:39
[11:37:44] [Render thread/INFO]: [System] [CHAT] Caught: minecraft:name_tag  (Total: 8)
[11:37:44] [Render thread/INFO]: [System] [CHAT] Lap Time: 115:56
[11:37:55] [Render thread/INFO]: [System] [CHAT] Caught: minecraft:cod  (Total: 230)
[11:37:55] [Render thread/INFO]: [System] [CHAT] Lap Time: 116:07
[11:38:06] [Render thread/INFO]: [System] [CHAT] Caught: minecraft:cod  (Total: 231)
[11:38:06] [Render thread/INFO]: [System] [CHAT] Lap Time: 116:18
[11:38:12] [Render thread/INFO]: [System] [CHAT] Caught: minecraft:cod  (Total: 232)
[11:38:12] [Render thread/INFO]: [System] [CHAT] Lap Time: 116:24
[11:38:31] [Render thread/INFO]: [System] [CHAT] Caught: minecraft:cod  (Total: 233)
[11:38:31] [Render thread/INFO]: [System] [CHAT] Lap Time: 116:44
[11:38:50] [Render thread/INFO]: [System] [CHAT] Caught: minecraft:tropical_fish  (Total: 9)
[11:38:50] [Render thread/INFO]: [System] [CHAT] Lap Time: 117:02
[11:39:06] [Render thread/INFO]: [System] [CHAT] Caught: minecraft:cod  (Total: 234)
[11:39:06] [Render thread/INFO]: [System] [CHAT] Lap Time: 117:18
[11:39:14] [Render thread/INFO]: [System] [CHAT] Caught: minecraft:pufferfish  (Total: 37)
[11:39:14] [Render thread/INFO]: [System] [CHAT] Lap Time: 117:27
[11:39:25] [Render thread/INFO]: [System] [CHAT] Caught: minecraft:leather_boots  (Total: 2)
[11:39:25] [Render thread/INFO]: [System] [CHAT] Lap Time: 117:37
[11:39:31] [Render thread/INFO]: [System] [CHAT] Caught: minecraft:cod  (Total: 235)
[11:39:31] [Render thread/INFO]: [System] [CHAT] Lap Time: 117:43
[11:39:46] [Render thread/INFO]: [System] [CHAT] Caught: minecraft:cod  (Total: 236)
[11:39:46] [Render thread/INFO]: [System] [CHAT] Lap Time: 117:59
[11:39:54] [Render thread/INFO]: [System] [CHAT] Caught: minecraft:cod  (Total: 237)
[11:39:54] [Render thread/INFO]: [System] [CHAT] Lap Time: 118:06
[11:40:03] [Render thread/INFO]: [System] [CHAT] Caught: minecraft:salmon  (Total: 100)
[11:40:03] [Render thread/INFO]: [System] [CHAT] Lap Time: 118:15
[11:40:11] [Render thread/INFO]: [System] [CHAT] Caught: minecraft:salmon  (Total: 101)
[11:40:11] [Render thread/INFO]: [System] [CHAT] Lap Time: 118:23
[11:40:22] [Render thread/INFO]: [System] [CHAT] Caught: minecraft:salmon  (Total: 102)
[11:40:22] [Render thread/INFO]: [System] [CHAT] Lap Time: 118:34
[11:40:32] [Render thread/INFO]: [System] [CHAT] Fish caught, but item not detected.
[11:40:39] [Render thread/INFO]: [System] [CHAT] Caught: minecraft:salmon  (Total: 103)
[11:40:39] [Render thread/INFO]: [System] [CHAT] Lap Time: 118:51
[11:40:47] [Render thread/INFO]: [System] [CHAT] Caught: minecraft:saddle  (Total: 3)
[11:40:47] [Render thread/INFO]: [System] [CHAT] Lap Time: 118:59
[11:41:03] [Render thread/INFO]: [System] [CHAT] Caught: minecraft:cod  (Total: 238)
[11:41:03] [Render thread/INFO]: [System] [CHAT] Lap Time: 119:15
[11:41:19] [Render thread/INFO]: [System] [CHAT] Caught: minecraft:cod  (Total: 239)
[11:41:19] [Render thread/INFO]: [System] [CHAT] Lap Time: 119:31
[11:41:30] [Render thread/INFO]: [System] [CHAT] Caught: minecraft:cod  (Total: 240)
[11:41:30] [Render thread/INFO]: [System] [CHAT] Lap Time: 119:42
[11:41:45] [Render thread/INFO]: [System] [CHAT] Caught: minecraft:salmon  (Total: 104)
[11:41:45] [Render thread/INFO]: [System] [CHAT] Lap Time: 119:57
[11:41:56] [Render thread/INFO]: [System] [CHAT] Fish caught, but item not detected.
[11:42:05] [Render thread/INFO]: [System] [CHAT] Caught: minecraft:cod  (Total: 241)
[11:42:05] [Render thread/INFO]: [System] [CHAT] Lap Time: 120:18
[11:42:15] [Render thread/INFO]: [System] [CHAT] Caught: minecraft:enchanted_book  (Total: 3)
[11:42:15] [Render thread/INFO]: [System] [CHAT] Lap Time: 120:27
[11:42:25] [Render thread/INFO]: [System] [CHAT] Fish caught, but item not detected.
[11:42:32] [Render thread/INFO]: [System] [CHAT] Caught: minecraft:cod  (Total: 242)
[11:42:32] [Render thread/INFO]: [System] [CHAT] Lap Time: 120:45
[11:42:49] [Render thread/INFO]: [System] [CHAT] Caught: minecraft:cod  (Total: 243)
[11:42:49] [Render thread/INFO]: [System] [CHAT] Lap Time: 121:01
[11:43:02] [Render thread/INFO]: [System] [CHAT] Fish caught, but item not detected.
[11:43:13] [Render thread/INFO]: [System] [CHAT] Caught: minecraft:cod  (Total: 244)
[11:43:13] [Render thread/INFO]: [System] [CHAT] Lap Time: 121:26
[11:43:28] [Render thread/INFO]: [System] [CHAT] Fish caught, but item not detected.
[11:43:34] [Render thread/INFO]: [System] [CHAT] Caught: minecraft:cod  (Total: 245)
[11:43:34] [Render thread/INFO]: [System] [CHAT] Lap Time: 121:47
[11:43:45] [Render thread/INFO]: [System] [CHAT] Fish caught, but item not detected.
[11:44:01] [Render thread/INFO]: [System] [CHAT] Fish caught, but item not detected.
[11:44:18] [Render thread/INFO]: [System] [CHAT] Caught: minecraft:pufferfish  (Total: 38)
[11:44:18] [Render thread/INFO]: [System] [CHAT] Lap Time: 122:31
[11:44:35] [Render thread/INFO]: [System] [CHAT] Fish caught, but item not detected.
[11:44:48] [Render thread/INFO]: [System] [CHAT] Fish caught, but item not detected.
[11:45:05] [Render thread/INFO]: [System] [CHAT] Caught: minecraft:cod  (Total: 246)
[11:45:05] [Render thread/INFO]: [System] [CHAT] Lap Time: 123:17
[11:45:25] [Render thread/INFO]: [System] [CHAT] Fish caught, but item not detected.
[11:45:45] [Render thread/INFO]: [System] [CHAT] Caught: minecraft:cod  (Total: 247)
[11:45:45] [Render thread/INFO]: [System] [CHAT] Lap Time: 123:57
[11:46:00] [Render thread/INFO]: [System] [CHAT] Caught: minecraft:tropical_fish  (Total: 10)
[11:46:00] [Render thread/INFO]: [System] [CHAT] Lap Time: 124:12
[11:46:14] [Render thread/INFO]: [System] [CHAT] Caught: minecraft:cod  (Total: 248)
[11:46:14] [Render thread/INFO]: [System] [CHAT] Lap Time: 124:26
[11:46:25] [Render thread/INFO]: [System] [CHAT] Caught: minecraft:cod  (Total: 249)
[11:46:25] [Render thread/INFO]: [System] [CHAT] Lap Time: 124:37
[11:46:43] [Render thread/INFO]: [System] [CHAT] Caught: minecraft:cod  (Total: 250)
[11:46:43] [Render thread/INFO]: [System] [CHAT] Lap Time: 124:55
[11:46:54] [Render thread/INFO]: [System] [CHAT] Caught: minecraft:salmon  (Total: 105)
[11:46:54] [Render thread/INFO]: [System] [CHAT] Lap Time: 125:06
[11:47:15] [Render thread/INFO]: [System] [CHAT] Fish caught, but item not detected.
[11:47:25] [Render thread/INFO]: [System] [CHAT] Caught: minecraft:bow  (Total: 3)
[11:47:25] [Render thread/INFO]: [System] [CHAT] Lap Time: 125:37
[11:47:43] [Render thread/INFO]: [System] [CHAT] Fish caught, but item not detected.
[11:47:58] [Render thread/INFO]: [System] [CHAT] Caught: minecraft:salmon  (Total: 106)
[11:47:58] [Render thread/INFO]: [System] [CHAT] Lap Time: 126:10
[11:48:12] [Render thread/INFO]: [System] [CHAT] Fish caught, but item not detected.
[11:48:24] [Render thread/INFO]: [System] [CHAT] Caught: minecraft:cod  (Total: 251)
[11:48:24] [Render thread/INFO]: [System] [CHAT] Lap Time: 126:36
[11:48:38] [Render thread/INFO]: [System] [CHAT] Caught: minecraft:salmon  (Total: 107)
[11:48:38] [Render thread/INFO]: [System] [CHAT] Lap Time: 126:50
[11:48:49] [Render thread/INFO]: [System] [CHAT] Caught: minecraft:cod  (Total: 252)
[11:48:49] [Render thread/INFO]: [System] [CHAT] Lap Time: 127:01
[11:48:55] [Render thread/INFO]: [System] [CHAT] Caught: minecraft:salmon  (Total: 108)
[11:48:55] [Render thread/INFO]: [System] [CHAT] Lap Time: 127:07
[11:49:11] [Render thread/INFO]: [System] [CHAT] Caught: minecraft:pufferfish  (Total: 39)
[11:49:11] [Render thread/INFO]: [System] [CHAT] Lap Time: 127:23
[11:49:31] [Render thread/INFO]: [System] [CHAT] Caught: minecraft:cod  (Total: 253)
[11:49:31] [Render thread/INFO]: [System] [CHAT] Lap Time: 127:43
[11:49:37] [Render thread/INFO]: [System] [CHAT] Fish caught, but item not detected.
[11:49:47] [Render thread/INFO]: [System] [CHAT] Caught: minecraft:cod  (Total: 254)
[11:49:47] [Render thread/INFO]: [System] [CHAT] Lap Time: 127:59
[11:50:04] [Render thread/INFO]: [System] [CHAT] Fish caught, but item not detected.
[11:50:22] [Render thread/INFO]: [System] [CHAT] Fish caught, but item not detected.
[11:50:29] [Render thread/INFO]: [System] [CHAT] Caught: minecraft:salmon  (Total: 109)
[11:50:29] [Render thread/INFO]: [System] [CHAT] Lap Time: 128:41
[11:50:45] [Render thread/INFO]: [System] [CHAT] Caught: minecraft:cod  (Total: 255)
[11:50:45] [Render thread/INFO]: [System] [CHAT] Lap Time: 128:57
[11:50:55] [Render thread/INFO]: [System] [CHAT] Caught: minecraft:nautilus_shell  (Total: 11)
[11:50:56] [Render thread/INFO]: [System] [CHAT] Lap Time: 129:08
[11:51:02] [Render thread/INFO]: [System] [CHAT] Caught: minecraft:salmon  (Total: 110)
[11:51:02] [Render thread/INFO]: [System] [CHAT] Lap Time: 129:14
[11:51:14] [Render thread/INFO]: [System] [CHAT] Caught: minecraft:salmon  (Total: 111)
[11:51:14] [Render thread/INFO]: [System] [CHAT] Lap Time: 129:27
[11:51:20] [Render thread/INFO]: [System] [CHAT] Caught: minecraft:cod  (Total: 256)
[11:51:20] [Render thread/INFO]: [System] [CHAT] Lap Time: 129:32
[11:51:38] [Render thread/INFO]: [System] [CHAT] Caught: minecraft:salmon  (Total: 112)
[11:51:38] [Render thread/INFO]: [System] [CHAT] Lap Time: 129:50
[11:51:48] [Render thread/INFO]: [System] [CHAT] Caught: minecraft:salmon  (Total: 113)
[11:51:48] [Render thread/INFO]: [System] [CHAT] Lap Time: 130:00
[11:51:57] [Render thread/INFO]: [System] [CHAT] Caught: minecraft:salmon  (Total: 114)
[11:51:57] [Render thread/INFO]: [System] [CHAT] Lap Time: 130:09
[11:52:07] [Render thread/INFO]: [System] [CHAT] Caught: minecraft:cod  (Total: 257)
[11:52:07] [Render thread/INFO]: [System] [CHAT] Lap Time: 130:19
[11:52:21] [Render thread/INFO]: [System] [CHAT] Caught: minecraft:salmon  (Total: 115)
[11:52:21] [Render thread/INFO]: [System] [CHAT] Lap Time: 130:33
[11:52:33] [Render thread/INFO]: [System] [CHAT] Caught: minecraft:cod  (Total: 258)
[11:52:33] [Render thread/INFO]: [System] [CHAT] Lap Time: 130:45
[11:52:40] [Render thread/INFO]: [System] [CHAT] Caught: minecraft:cod  (Total: 259)
[11:52:41] [Render thread/INFO]: [System] [CHAT] Lap Time: 130:53
[11:52:47] [Render thread/INFO]: [System] [CHAT] Caught: minecraft:salmon  (Total: 116)
[11:52:47] [Render thread/INFO]: [System] [CHAT] Lap Time: 130:59
[11:52:53] [Render thread/INFO]: [System] [CHAT] Caught: minecraft:cod  (Total: 260)
[11:52:53] [Render thread/INFO]: [System] [CHAT] Lap Time: 131:06
[11:53:12] [Render thread/INFO]: [System] [CHAT] Caught: minecraft:salmon  (Total: 117)
[11:53:12] [Render thread/INFO]: [System] [CHAT] Lap Time: 131:24
[11:53:27] [Render thread/INFO]: [System] [CHAT] Caught: minecraft:cod  (Total: 261)
[11:53:27] [Render thread/INFO]: [System] [CHAT] Lap Time: 131:40
[11:53:40] [Render thread/INFO]: [System] [CHAT] Caught: minecraft:cod  (Total: 262)
[11:53:40] [Render thread/INFO]: [System] [CHAT] Lap Time: 131:52
[11:53:49] [Render thread/INFO]: [System] [CHAT] Caught: minecraft:salmon  (Total: 118)
[11:53:49] [Render thread/INFO]: [System] [CHAT] Lap Time: 132:01
[11:54:05] [Render thread/INFO]: [System] [CHAT] Fish caught, but item not detected.
[11:54:15] [Render thread/INFO]: [System] [CHAT] Caught: minecraft:pufferfish  (Total: 40)
[11:54:15] [Render thread/INFO]: [System] [CHAT] Lap Time: 132:27
[11:54:29] [Render thread/INFO]: [System] [CHAT] Caught: minecraft:tripwire_hook  (Total: 2)
[11:54:29] [Render thread/INFO]: [System] [CHAT] Lap Time: 132:42
[11:54:44] [Render thread/INFO]: [System] [CHAT] Fish caught, but item not detected.
[11:54:57] [Render thread/INFO]: [System] [CHAT] Caught: minecraft:salmon  (Total: 119)
[11:54:57] [Render thread/INFO]: [System] [CHAT] Lap Time: 133:09
[11:55:08] [Render thread/INFO]: [System] [CHAT] Caught: minecraft:salmon  (Total: 120)
[11:55:08] [Render thread/INFO]: [System] [CHAT] Lap Time: 133:20
[11:55:23] [Render thread/INFO]: [System] [CHAT] Caught: minecraft:pufferfish  (Total: 41)
[11:55:23] [Render thread/INFO]: [System] [CHAT] Lap Time: 133:35
[11:55:31] [Render thread/INFO]: [System] [CHAT] Caught: minecraft:salmon  (Total: 121)
[11:55:31] [Render thread/INFO]: [System] [CHAT] Lap Time: 133:43
[11:55:39] [Render thread/INFO]: [System] [CHAT] Fish caught, but item not detected.
[11:55:53] [Render thread/INFO]: [System] [CHAT] Caught: minecraft:tropical_fish  (Total: 11)
[11:55:53] [Render thread/INFO]: [System] [CHAT] Lap Time: 134:06
[11:56:03] [Render thread/INFO]: [System] [CHAT] Caught: minecraft:cod  (Total: 263)
[11:56:03] [Render thread/INFO]: [System] [CHAT] Lap Time: 134:15
[11:56:20] [Render thread/INFO]: [System] [CHAT] Caught: minecraft:cod  (Total: 264)
[11:56:20] [Render thread/INFO]: [System] [CHAT] Lap Time: 134:32
[11:56:31] [Render thread/INFO]: [System] [CHAT] Fish caught, but item not detected.
[11:56:39] [Render thread/INFO]: [System] [CHAT] Fish caught, but item not detected.
[11:56:49] [Render thread/INFO]: [System] [CHAT] Caught: minecraft:cod  (Total: 265)
[11:56:49] [Render thread/INFO]: [System] [CHAT] Lap Time: 135:01
[11:57:01] [Render thread/INFO]: [System] [CHAT] Caught: minecraft:cod  (Total: 266)
[11:57:01] [Render thread/INFO]: [System] [CHAT] Lap Time: 135:13
[11:57:16] [Render thread/INFO]: [System] [CHAT] Fish caught, but item not detected.
[11:57:31] [Render thread/INFO]: [System] [CHAT] Caught: minecraft:salmon  (Total: 122)
[11:57:31] [Render thread/INFO]: [System] [CHAT] Lap Time: 135:44
[11:57:47] [Render thread/INFO]: [System] [CHAT] Caught: minecraft:salmon  (Total: 123)
[11:57:47] [Render thread/INFO]: [System] [CHAT] Lap Time: 136:00
[11:58:00] [Render thread/INFO]: [System] [CHAT] Caught: minecraft:pufferfish  (Total: 42)
[11:58:00] [Render thread/INFO]: [System] [CHAT] Lap Time: 136:12
[11:58:09] [Render thread/INFO]: [System] [CHAT] Caught: minecraft:cod  (Total: 267)
[11:58:09] [Render thread/INFO]: [System] [CHAT] Lap Time: 136:21
[11:58:16] [Render thread/INFO]: [System] [CHAT] Caught: minecraft:name_tag  (Total: 9)
[11:58:16] [Render thread/INFO]: [System] [CHAT] Lap Time: 136:28
[11:58:28] [Render thread/INFO]: [System] [CHAT] Caught: minecraft:salmon  (Total: 124)
[11:58:28] [Render thread/INFO]: [System] [CHAT] Lap Time: 136:40
[11:58:45] [Render thread/INFO]: [System] [CHAT] Caught: minecraft:salmon  (Total: 125)
[11:58:45] [Render thread/INFO]: [System] [CHAT] Lap Time: 136:57
[11:58:59] [Render thread/INFO]: [System] [CHAT] Caught: minecraft:pufferfish  (Total: 43)
[11:58:59] [Render thread/INFO]: [System] [CHAT] Lap Time: 137:11
[11:59:07] [Render thread/INFO]: [System] [CHAT] Caught: minecraft:cod  (Total: 268)
[11:59:07] [Render thread/INFO]: [System] [CHAT] Lap Time: 137:20
[11:59:21] [Render thread/INFO]: [System] [CHAT] Caught: minecraft:salmon  (Total: 126)
[11:59:21] [Render thread/INFO]: [System] [CHAT] Lap Time: 137:34
[11:59:28] [Render thread/INFO]: [System] [CHAT] Caught: minecraft:cod  (Total: 269)
[11:59:28] [Render thread/INFO]: [System] [CHAT] Lap Time: 137:40
[11:59:41] [Render thread/INFO]: [System] [CHAT] Caught: minecraft:salmon  (Total: 127)
[11:59:41] [Render thread/INFO]: [System] [CHAT] Lap Time: 137:53
[11:59:54] [Render thread/INFO]: [System] [CHAT] Caught: minecraft:pufferfish  (Total: 44)
[11:59:54] [Render thread/INFO]: [System] [CHAT] Lap Time: 138:07
[12:00:07] [Render thread/INFO]: [System] [CHAT] Fish caught, but item not detected.
[12:00:19] [Render thread/INFO]: [System] [CHAT] Fish caught, but item not detected.
[12:00:34] [Render thread/INFO]: [System] [CHAT] Fish caught, but item not detected.
[12:00:44] [Render thread/INFO]: [System] [CHAT] Caught: minecraft:salmon  (Total: 128)
[12:00:44] [Render thread/INFO]: [System] [CHAT] Lap Time: 138:56
[12:00:49] [Render thread/INFO]: [System] [CHAT] Caught: minecraft:pufferfish  (Total: 45)
[12:00:49] [Render thread/INFO]: [System] [CHAT] Lap Time: 139:01
[12:00:58] [Render thread/INFO]: [System] [CHAT] Fish caught, but item not detected.
[12:01:05] [Render thread/INFO]: [System] [CHAT] Caught: minecraft:salmon  (Total: 129)
[12:01:05] [Render thread/INFO]: [System] [CHAT] Lap Time: 139:17
[12:01:16] [Render thread/INFO]: [System] [CHAT] Caught: minecraft:cod  (Total: 270)
[12:01:16] [Render thread/INFO]: [System] [CHAT] Lap Time: 139:29
[12:01:33] [Render thread/INFO]: [System] [CHAT] Caught: minecraft:salmon  (Total: 130)
[12:01:33] [Render thread/INFO]: [System] [CHAT] Lap Time: 139:45
[12:01:42] [Render thread/INFO]: [System] [CHAT] Caught: minecraft:salmon  (Total: 131)
[12:01:42] [Render thread/INFO]: [System] [CHAT] Lap Time: 139:54
[12:01:58] [Render thread/INFO]: [System] [CHAT] Caught: minecraft:cod  (Total: 271)
[12:01:58] [Render thread/INFO]: [System] [CHAT] Lap Time: 140:10
[12:02:11] [Render thread/INFO]: [System] [CHAT] Caught: minecraft:cod  (Total: 272)
[12:02:11] [Render thread/INFO]: [System] [CHAT] Lap Time: 140:23
[12:02:27] [Render thread/INFO]: [System] [CHAT] Caught: minecraft:cod  (Total: 273)
[12:02:27] [Render thread/INFO]: [System] [CHAT] Lap Time: 140:40
[12:02:42] [Render thread/INFO]: [System] [CHAT] Caught: minecraft:cod  (Total: 274)
[12:02:42] [Render thread/INFO]: [System] [CHAT] Lap Time: 140:54
[12:02:59] [Render thread/INFO]: [System] [CHAT] Caught: minecraft:cod  (Total: 275)
[12:02:59] [Render thread/INFO]: [System] [CHAT] Lap Time: 141:11
[12:03:12] [Render thread/INFO]: [System] [CHAT] Caught: minecraft:cod  (Total: 276)
[12:03:12] [Render thread/INFO]: [System] [CHAT] Lap Time: 141:24
[12:03:22] [Render thread/INFO]: [System] [CHAT] Caught: minecraft:cod  (Total: 277)
[12:03:22] [Render thread/INFO]: [System] [CHAT] Lap Time: 141:34
[12:03:34] [Render thread/INFO]: [System] [CHAT] Caught: minecraft:cod  (Total: 278)
[12:03:34] [Render thread/INFO]: [System] [CHAT] Lap Time: 141:46
[12:03:43] [Render thread/INFO]: [System] [CHAT] Caught: minecraft:salmon  (Total: 132)
[12:03:43] [Render thread/INFO]: [System] [CHAT] Lap Time: 141:55
[12:03:59] [Render thread/INFO]: [System] [CHAT] Caught: minecraft:nautilus_shell  (Total: 12)
[12:03:59] [Render thread/INFO]: [System] [CHAT] Lap Time: 142:11
[12:04:05] [Render thread/INFO]: [System] [CHAT] Fish caught, but item not detected.
[12:04:21] [Render thread/INFO]: [System] [CHAT] Caught: minecraft:cod  (Total: 279)
[12:04:21] [Render thread/INFO]: [System] [CHAT] Lap Time: 142:33
[12:04:27] [Render thread/INFO]: [System] [CHAT] Caught: minecraft:cod  (Total: 280)
[12:04:27] [Render thread/INFO]: [System] [CHAT] Lap Time: 142:39
[12:04:35] [Render thread/INFO]: [System] [CHAT] Caught: minecraft:cod  (Total: 281)
[12:04:35] [Render thread/INFO]: [System] [CHAT] Lap Time: 142:47
[12:04:45] [Render thread/INFO]: [System] [CHAT] Caught: minecraft:salmon  (Total: 133)
[12:04:45] [Render thread/INFO]: [System] [CHAT] Lap Time: 142:57
[12:04:57] [Render thread/INFO]: [System] [CHAT] Caught: minecraft:cod  (Total: 282)
[12:04:57] [Render thread/INFO]: [System] [CHAT] Lap Time: 143:09
[12:05:14] [Render thread/INFO]: [System] [CHAT] Caught: minecraft:salmon  (Total: 134)
[12:05:14] [Render thread/INFO]: [System] [CHAT] Lap Time: 143:26
[12:05:25] [Render thread/INFO]: [System] [CHAT] Caught: minecraft:cod  (Total: 283)
[12:05:25] [Render thread/INFO]: [System] [CHAT] Lap Time: 143:37
[12:05:38] [Render thread/INFO]: [System] [CHAT] Caught: minecraft:pufferfish  (Total: 46)
[12:05:38] [Render thread/INFO]: [System] [CHAT] Lap Time: 143:50
[12:05:51] [Render thread/INFO]: Loaded 60 advancements
[12:05:51] [Render thread/INFO]: [System] [CHAT] Caught: minecraft:bone  (Total: 1)
[12:05:51] [Render thread/INFO]: [System] [CHAT] Lap Time: 144:04
[12:06:08] [Render thread/INFO]: [System] [CHAT] Caught: minecraft:cod  (Total: 284)
[12:06:08] [Render thread/INFO]: [System] [CHAT] Lap Time: 144:20
[12:06:17] [Render thread/INFO]: [System] [CHAT] Caught: minecraft:salmon  (Total: 135)
[12:06:17] [Render thread/INFO]: [System] [CHAT] Lap Time: 144:29
[12:06:35] [Render thread/INFO]: [System] [CHAT] Caught: minecraft:salmon  (Total: 136)
[12:06:35] [Render thread/INFO]: [System] [CHAT] Lap Time: 144:48
[12:06:51] [Render thread/INFO]: [System] [CHAT] Caught: minecraft:name_tag  (Total: 10)
[12:06:51] [Render thread/INFO]: [System] [CHAT] Lap Time: 145:03
[12:06:58] [Render thread/INFO]: [System] [CHAT] Caught: minecraft:cod  (Total: 285)
[12:06:58] [Render thread/INFO]: [System] [CHAT] Lap Time: 145:10
[12:07:04] [Render thread/INFO]: [System] [CHAT] Caught: minecraft:salmon  (Total: 137)
[12:07:04] [Render thread/INFO]: [System] [CHAT] Lap Time: 145:16
[12:07:10] [Render thread/INFO]: [System] [CHAT] Fish caught, but item not detected.
[12:07:30] [Render thread/INFO]: [System] [CHAT] Caught: minecraft:cod  (Total: 286)
[12:07:30] [Render thread/INFO]: [System] [CHAT] Lap Time: 145:42
[12:07:41] [Render thread/INFO]: [System] [CHAT] Fish caught, but item not detected.
[12:08:00] [Render thread/INFO]: [System] [CHAT] Caught: minecraft:cod  (Total: 287)
[12:08:00] [Render thread/INFO]: [System] [CHAT] Lap Time: 146:12
[12:08:10] [Render thread/INFO]: [System] [CHAT] Caught: minecraft:cod  (Total: 288)
[12:08:10] [Render thread/INFO]: [System] [CHAT] Lap Time: 146:22
[12:08:27] [Render thread/INFO]: [System] [CHAT] Fish caught, but item not detected.
[12:08:45] [Render thread/INFO]: [System] [CHAT] Caught: minecraft:cod  (Total: 289)
[12:08:45] [Render thread/INFO]: [System] [CHAT] Lap Time: 146:57
[12:08:54] [Render thread/INFO]: [System] [CHAT] Caught: minecraft:pufferfish  (Total: 47)
[12:08:54] [Render thread/INFO]: [System] [CHAT] Lap Time: 147:06
[12:09:04] [Render thread/INFO]: [System] [CHAT] Caught: minecraft:cod  (Total: 290)
[12:09:04] [Render thread/INFO]: [System] [CHAT] Lap Time: 147:17
[12:09:23] [Render thread/INFO]: [System] [CHAT] Caught: minecraft:pufferfish  (Total: 48)
[12:09:23] [Render thread/INFO]: [System] [CHAT] Lap Time: 147:35
[12:09:34] [Render thread/INFO]: [System] [CHAT] Caught: minecraft:cod  (Total: 291)
[12:09:34] [Render thread/INFO]: [System] [CHAT] Lap Time: 147:46
[12:09:43] [Render thread/INFO]: [System] [CHAT] Caught: minecraft:pufferfish  (Total: 49)
[12:09:43] [Render thread/INFO]: [System] [CHAT] Lap Time: 147:55
[12:10:01] [Render thread/INFO]: [System] [CHAT] Caught: minecraft:cod  (Total: 292)
[12:10:01] [Render thread/INFO]: [System] [CHAT] Lap Time: 148:14
[12:10:12] [Render thread/INFO]: [System] [CHAT] Caught: minecraft:cod  (Total: 293)
[12:10:12] [Render thread/INFO]: [System] [CHAT] Lap Time: 148:25
[12:10:29] [Render thread/INFO]: [System] [CHAT] Caught: minecraft:pufferfish  (Total: 50)
[12:10:29] [Render thread/INFO]: [System] [CHAT] Lap Time: 148:41
[12:10:40] [Render thread/INFO]: [System] [CHAT] Caught: minecraft:cod  (Total: 294)
[12:10:40] [Render thread/INFO]: [System] [CHAT] Lap Time: 148:52
[12:10:56] [Render thread/INFO]: [System] [CHAT] Caught: minecraft:salmon  (Total: 138)
[12:10:56] [Render thread/INFO]: [System] [CHAT] Lap Time: 149:08
[12:11:09] [Render thread/INFO]: [System] [CHAT] Caught: minecraft:tripwire_hook  (Total: 3)
[12:11:09] [Render thread/INFO]: [System] [CHAT] Lap Time: 149:21
[12:11:21] [Render thread/INFO]: [System] [CHAT] Caught: minecraft:cod  (Total: 295)
[12:11:21] [Render thread/INFO]: [System] [CHAT] Lap Time: 149:33
[12:11:30] [Render thread/INFO]: [System] [CHAT] Caught: minecraft:pufferfish  (Total: 51)
[12:11:30] [Render thread/INFO]: [System] [CHAT] Lap Time: 149:42
[12:11:49] [Render thread/INFO]: [System] [CHAT] Caught: minecraft:cod  (Total: 296)
[12:11:49] [Render thread/INFO]: [System] [CHAT] Lap Time: 150:02
[12:11:57] [Render thread/INFO]: [System] [CHAT] Caught: minecraft:pufferfish  (Total: 52)
[12:11:57] [Render thread/INFO]: [System] [CHAT] Lap Time: 150:09
[12:12:10] [Render thread/INFO]: [System] [CHAT] Caught: minecraft:bowl  (Total: 3)
[12:12:10] [Render thread/INFO]: [System] [CHAT] Lap Time: 150:23
[12:12:29] [Render thread/INFO]: [System] [CHAT] Caught: minecraft:salmon  (Total: 139)
[12:12:29] [Render thread/INFO]: [System] [CHAT] Lap Time: 150:41
[12:12:48] [Render thread/INFO]: [System] [CHAT] Caught: minecraft:cod  (Total: 297)
[12:12:48] [Render thread/INFO]: [System] [CHAT] Lap Time: 151:01
[12:13:00] [Render thread/INFO]: [System] [CHAT] Caught: minecraft:pufferfish  (Total: 53)
[12:13:00] [Render thread/INFO]: [System] [CHAT] Lap Time: 151:12
[12:13:09] [Render thread/INFO]: [System] [CHAT] Caught: minecraft:nautilus_shell  (Total: 13)
[12:13:09] [Render thread/INFO]: [System] [CHAT] Lap Time: 151:22
[12:13:21] [Render thread/INFO]: [System] [CHAT] Caught: minecraft:nautilus_shell  (Total: 14)
[12:13:21] [Render thread/INFO]: [System] [CHAT] Lap Time: 151:33
[12:13:43] [Render thread/INFO]: [System] [CHAT] Caught: minecraft:salmon  (Total: 140)
[12:13:43] [Render thread/INFO]: [System] [CHAT] Lap Time: 151:55
[12:13:52] [Render thread/INFO]: [System] [CHAT] Caught: minecraft:salmon  (Total: 141)
[12:13:52] [Render thread/INFO]: [System] [CHAT] Lap Time: 152:04
[12:13:59] [Render thread/INFO]: [System] [CHAT] Caught: minecraft:cod  (Total: 298)
[12:13:59] [Render thread/INFO]: [System] [CHAT] Lap Time: 152:12
[12:14:09] [Render thread/INFO]: [System] [CHAT] Caught: minecraft:cod  (Total: 299)
[12:14:09] [Render thread/INFO]: [System] [CHAT] Lap Time: 152:21
[12:14:22] [Render thread/INFO]: [System] [CHAT] Caught: minecraft:salmon  (Total: 142)
[12:14:22] [Render thread/INFO]: [System] [CHAT] Lap Time: 152:34
[12:14:33] [Render thread/INFO]: [System] [CHAT] Fish caught, but item not detected.
[12:14:54] [Render thread/INFO]: [System] [CHAT] Caught: minecraft:salmon  (Total: 143)
[12:14:54] [Render thread/INFO]: [System] [CHAT] Lap Time: 153:07
[12:15:09] [Render thread/INFO]: [System] [CHAT] Caught: minecraft:cod  (Total: 300)
[12:15:09] [Render thread/INFO]: [System] [CHAT] Lap Time: 153:21
[12:15:29] [Render thread/INFO]: [System] [CHAT] Caught: minecraft:salmon  (Total: 144)
[12:15:29] [Render thread/INFO]: [System] [CHAT] Lap Time: 153:41
[12:15:40] [Render thread/INFO]: [System] [CHAT] Caught: minecraft:cod  (Total: 301)
[12:15:40] [Render thread/INFO]: [System] [CHAT] Lap Time: 153:52
[12:15:50] [Render thread/INFO]: [System] [CHAT] Caught: minecraft:salmon  (Total: 145)
[12:15:50] [Render thread/INFO]: [System] [CHAT] Lap Time: 154:02
[12:16:00] [Render thread/INFO]: [System] [CHAT] Caught: minecraft:pufferfish  (Total: 54)
[12:16:00] [Render thread/INFO]: [System] [CHAT] Lap Time: 154:12
[12:16:19] [Render thread/INFO]: [System] [CHAT] Caught: minecraft:cod  (Total: 302)
[12:16:19] [Render thread/INFO]: [System] [CHAT] Lap Time: 154:32
[12:16:33] [Render thread/INFO]: [System] [CHAT] Caught: minecraft:cod  (Total: 303)
[12:16:33] [Render thread/INFO]: [System] [CHAT] Lap Time: 154:45
[12:16:40] [Render thread/INFO]: [System] [CHAT] Caught: minecraft:pufferfish  (Total: 55)
[12:16:40] [Render thread/INFO]: [System] [CHAT] Lap Time: 154:52
[12:17:00] [Render thread/INFO]: [System] [CHAT] Caught: minecraft:cod  (Total: 304)
[12:17:00] [Render thread/INFO]: [System] [CHAT] Lap Time: 155:12
[12:17:08] [Render thread/INFO]: [System] [CHAT] Caught: minecraft:cod  (Total: 305)
[12:17:08] [Render thread/INFO]: [System] [CHAT] Lap Time: 155:20
[12:17:25] [Render thread/INFO]: [System] [CHAT] Caught: minecraft:name_tag  (Total: 11)
[12:17:25] [Render thread/INFO]: [System] [CHAT] Lap Time: 155:38
[12:17:44] [Render thread/INFO]: [System] [CHAT] Caught: minecraft:name_tag  (Total: 12)
[12:17:44] [Render thread/INFO]: [System] [CHAT] Lap Time: 155:56
[12:18:05] [Render thread/INFO]: [System] [CHAT] Caught: minecraft:cod  (Total: 306)
[12:18:05] [Render thread/INFO]: [System] [CHAT] Lap Time: 156:17
[12:18:24] [Render thread/INFO]: [System] [CHAT] Caught: minecraft:salmon  (Total: 146)
[12:18:24] [Render thread/INFO]: [System] [CHAT] Lap Time: 156:36
[12:18:39] [Render thread/INFO]: [System] [CHAT] Caught: minecraft:cod  (Total: 307)
[12:18:39] [Render thread/INFO]: [System] [CHAT] Lap Time: 156:51
[12:18:48] [Render thread/INFO]: [System] [CHAT] Fish caught, but item not detected.
[12:19:00] [Render thread/INFO]: [System] [CHAT] Caught: minecraft:cod  (Total: 308)
[12:19:00] [Render thread/INFO]: [System] [CHAT] Lap Time: 157:12
[12:19:12] [Render thread/INFO]: [System] [CHAT] Caught: minecraft:pufferfish  (Total: 56)
[12:19:12] [Render thread/INFO]: [System] [CHAT] Lap Time: 157:24
[12:19:23] [Render thread/INFO]: [System] [CHAT] Fish caught, but item not detected.
[12:19:40] [Render thread/INFO]: [System] [CHAT] Fish caught, but item not detected.
[12:19:45] [Render thread/INFO]: [System] [CHAT] Caught: minecraft:cod  (Total: 309)
[12:19:45] [Render thread/INFO]: [System] [CHAT] Lap Time: 157:57
[12:19:56] [Render thread/INFO]: [System] [CHAT] Fish caught, but item not detected.
[12:20:10] [Render thread/INFO]: [System] [CHAT] Caught: minecraft:pufferfish  (Total: 57)
[12:20:10] [Render thread/INFO]: [System] [CHAT] Lap Time: 158:22
[12:20:20] [Render thread/INFO]: [System] [CHAT] Caught: minecraft:cod  (Total: 310)
[12:20:20] [Render thread/INFO]: [System] [CHAT] Lap Time: 158:32
[12:20:40] [Render thread/INFO]: [System] [CHAT] Caught: minecraft:pufferfish  (Total: 58)
[12:20:40] [Render thread/INFO]: [System] [CHAT] Lap Time: 158:52
[12:21:00] [Render thread/INFO]: [System] [CHAT] Caught: minecraft:salmon  (Total: 147)
[12:21:00] [Render thread/INFO]: [System] [CHAT] Lap Time: 159:12
[12:21:19] [Render thread/INFO]: [System] [CHAT] Caught: minecraft:cod  (Total: 311)
[12:21:19] [Render thread/INFO]: [System] [CHAT] Lap Time: 159:31
[12:21:27] [Render thread/INFO]: [System] [CHAT] Caught: minecraft:cod  (Total: 312)
[12:21:27] [Render thread/INFO]: [System] [CHAT] Lap Time: 159:39
[12:21:43] [Render thread/INFO]: [System] [CHAT] Caught: minecraft:cod  (Total: 313)
[12:21:43] [Render thread/INFO]: [System] [CHAT] Lap Time: 159:55
[12:21:57] [Render thread/INFO]: [System] [CHAT] Caught: minecraft:tropical_fish  (Total: 12)
[12:21:57] [Render thread/INFO]: [System] [CHAT] Lap Time: 160:09
[12:22:09] [Render thread/INFO]: [System] [CHAT] Fish caught, but item not detected.
[12:22:18] [Render thread/INFO]: [System] [CHAT] Fish caught, but item not detected.
[12:22:24] [Render thread/INFO]: [System] [CHAT] Caught: minecraft:cod  (Total: 314)
[12:22:24] [Render thread/INFO]: [System] [CHAT] Lap Time: 160:37
[12:22:32] [Render thread/INFO]: [System] [CHAT] Caught: minecraft:cod  (Total: 315)
[12:22:32] [Render thread/INFO]: [System] [CHAT] Lap Time: 160:45
[12:22:46] [Render thread/INFO]: [System] [CHAT] Caught: minecraft:salmon  (Total: 148)
[12:22:46] [Render thread/INFO]: [System] [CHAT] Lap Time: 160:58
[12:23:03] [Render thread/INFO]: [System] [CHAT] Caught: minecraft:cod  (Total: 316)
[12:23:03] [Render thread/INFO]: [System] [CHAT] Lap Time: 161:15
[12:23:18] [Render thread/INFO]: [System] [CHAT] Caught: minecraft:cod  (Total: 317)
[12:23:18] [Render thread/INFO]: [System] [CHAT] Lap Time: 161:30
[12:23:39] [Render thread/INFO]: [System] [CHAT] Fish caught, but item not detected.
[12:23:47] [Render thread/INFO]: [System] [CHAT] Caught: minecraft:pufferfish  (Total: 59)
[12:23:47] [Render thread/INFO]: [System] [CHAT] Lap Time: 161:59
[12:24:06] [Render thread/INFO]: [System] [CHAT] Caught: minecraft:bowl  (Total: 4)
[12:24:06] [Render thread/INFO]: [System] [CHAT] Lap Time: 162:18
[12:24:13] [Render thread/INFO]: [System] [CHAT] Caught: minecraft:tripwire_hook  (Total: 4)
[12:24:13] [Render thread/INFO]: [System] [CHAT] Lap Time: 162:25
[12:24:29] [Render thread/INFO]: [System] [CHAT] Fish caught, but item not detected.
[12:24:46] [Render thread/INFO]: [System] [CHAT] Caught: minecraft:cod  (Total: 318)
[12:24:46] [Render thread/INFO]: [System] [CHAT] Lap Time: 162:58
[12:25:03] [Render thread/INFO]: [System] [CHAT] Caught: minecraft:cod  (Total: 319)
[12:25:03] [Render thread/INFO]: [System] [CHAT] Lap Time: 163:15
[12:25:13] [Render thread/INFO]: [System] [CHAT] Caught: minecraft:salmon  (Total: 149)
[12:25:13] [Render thread/INFO]: [System] [CHAT] Lap Time: 163:25
[12:25:26] [Render thread/INFO]: [System] [CHAT] Caught: minecraft:cod  (Total: 320)
[12:25:26] [Render thread/INFO]: [System] [CHAT] Lap Time: 163:38
[12:25:46] [Render thread/INFO]: [System] [CHAT] Caught: minecraft:cod  (Total: 321)
[12:25:46] [Render thread/INFO]: [System] [CHAT] Lap Time: 163:58
[12:26:08] [Render thread/INFO]: [System] [CHAT] Caught: minecraft:cod  (Total: 322)
[12:26:08] [Render thread/INFO]: [System] [CHAT] Lap Time: 164:20
[12:26:18] [Render thread/INFO]: [System] [CHAT] Fish caught, but item not detected.
[12:26:35] [Render thread/INFO]: [System] [CHAT] Caught: minecraft:salmon  (Total: 150)
[12:26:35] [Render thread/INFO]: [System] [CHAT] Lap Time: 164:47
[12:26:55] [Render thread/INFO]: [System] [CHAT] Caught: minecraft:salmon  (Total: 151)
[12:26:55] [Render thread/INFO]: [System] [CHAT] Lap Time: 165:07
[12:27:05] [Render thread/INFO]: [System] [CHAT] Caught: minecraft:cod  (Total: 323)
[12:27:05] [Render thread/INFO]: [System] [CHAT] Lap Time: 165:18
[12:27:26] [Render thread/INFO]: [System] [CHAT] Caught: minecraft:cod  (Total: 324)
[12:27:26] [Render thread/INFO]: [System] [CHAT] Lap Time: 165:38
[12:27:33] [Render thread/INFO]: [System] [CHAT] Caught: minecraft:cod  (Total: 325)
[12:27:33] [Render thread/INFO]: [System] [CHAT] Lap Time: 165:45
[12:27:52] [Render thread/INFO]: [System] [CHAT] Caught: minecraft:pufferfish  (Total: 60)
[12:27:52] [Render thread/INFO]: [System] [CHAT] Lap Time: 166:04
[12:28:08] [Render thread/INFO]: [System] [CHAT] Caught: minecraft:salmon  (Total: 152)
[12:28:08] [Render thread/INFO]: [System] [CHAT] Lap Time: 166:21
[12:28:14] [Render thread/INFO]: [System] [CHAT] Caught: minecraft:salmon  (Total: 153)
[12:28:14] [Render thread/INFO]: [System] [CHAT] Lap Time: 166:27
[12:28:37] [Render thread/INFO]: [System] [CHAT] Caught: minecraft:salmon  (Total: 154)
[12:28:37] [Render thread/INFO]: [System] [CHAT] Lap Time: 166:49
[12:28:56] [Render thread/INFO]: [System] [CHAT] Caught: minecraft:salmon  (Total: 155)
[12:28:56] [Render thread/INFO]: [System] [CHAT] Lap Time: 167:08
[12:29:07] [Render thread/INFO]: [System] [CHAT] Fish caught, but item not detected.
[12:29:21] [Render thread/INFO]: [System] [CHAT] Fish caught, but item not detected.
[12:29:40] [Render thread/INFO]: [System] [CHAT] Caught: minecraft:cod  (Total: 326)
[12:29:40] [Render thread/INFO]: [System] [CHAT] Lap Time: 167:52
[12:29:57] [Render thread/INFO]: [System] [CHAT] Fish caught, but item not detected.
[12:30:08] [Render thread/INFO]: [System] [CHAT] Caught: minecraft:cod  (Total: 327)
[12:30:08] [Render thread/INFO]: [System] [CHAT] Lap Time: 168:20
[12:30:20] [Render thread/INFO]: [System] [CHAT] Caught: minecraft:cod  (Total: 328)
[12:30:20] [Render thread/INFO]: [System] [CHAT] Lap Time: 168:32
[12:30:26] [Render thread/INFO]: [System] [CHAT] Caught: minecraft:salmon  (Total: 156)
[12:30:26] [Render thread/INFO]: [System] [CHAT] Lap Time: 168:38
[12:30:43] [Render thread/INFO]: [System] [CHAT] Caught: minecraft:salmon  (Total: 157)
[12:30:43] [Render thread/INFO]: [System] [CHAT] Lap Time: 168:56
[12:30:51] [Render thread/INFO]: [System] [CHAT] Fish caught, but item not detected.
[12:30:59] [Render thread/INFO]: [System] [CHAT] Caught: minecraft:cod  (Total: 329)
[12:30:59] [Render thread/INFO]: [System] [CHAT] Lap Time: 169:11
[12:31:09] [Render thread/INFO]: [System] [CHAT] Caught: minecraft:cod  (Total: 330)
[12:31:09] [Render thread/INFO]: [System] [CHAT] Lap Time: 169:22
[12:31:29] [Render thread/INFO]: [System] [CHAT] Caught: minecraft:cod  (Total: 331)
[12:31:29] [Render thread/INFO]: [System] [CHAT] Lap Time: 169:41
[12:31:39] [Render thread/INFO]: [System] [CHAT] Caught: minecraft:cod  (Total: 332)
[12:31:39] [Render thread/INFO]: [System] [CHAT] Lap Time: 169:51
[12:31:56] [Render thread/INFO]: [System] [CHAT] Caught: minecraft:pufferfish  (Total: 61)
[12:31:56] [Render thread/INFO]: [System] [CHAT] Lap Time: 170:08
[12:32:15] [Render thread/INFO]: [System] [CHAT] Caught: minecraft:salmon  (Total: 158)
[12:32:15] [Render thread/INFO]: [System] [CHAT] Lap Time: 170:27
[12:32:35] [Render thread/INFO]: [System] [CHAT] Caught: minecraft:cod  (Total: 333)
[12:32:35] [Render thread/INFO]: [System] [CHAT] Lap Time: 170:48
[12:32:53] [Render thread/INFO]: [System] [CHAT] Caught: minecraft:lily_pad  (Total: 6)
[12:32:53] [Render thread/INFO]: [System] [CHAT] Lap Time: 171:05
[12:33:08] [Render thread/INFO]: [System] [CHAT] Caught: minecraft:salmon  (Total: 159)
[12:33:08] [Render thread/INFO]: [System] [CHAT] Lap Time: 171:20
[12:33:25] [Render thread/INFO]: [System] [CHAT] Fish caught, but item not detected.
[12:33:46] [Render thread/INFO]: [System] [CHAT] Fish caught, but item not detected.
[12:33:55] [Render thread/INFO]: [System] [CHAT] Caught: minecraft:cod  (Total: 334)
[12:33:55] [Render thread/INFO]: [System] [CHAT] Lap Time: 172:08
[12:34:12] [Render thread/INFO]: [System] [CHAT] Fish caught, but item not detected.
[12:34:23] [Render thread/INFO]: [System] [CHAT] Caught: minecraft:cod  (Total: 335)
[12:34:23] [Render thread/INFO]: [System] [CHAT] Lap Time: 172:36
[12:34:31] [Render thread/INFO]: [System] [CHAT] Caught: minecraft:cod  (Total: 336)
[12:34:31] [Render thread/INFO]: [System] [CHAT] Lap Time: 172:43
[12:34:42] [Render thread/INFO]: [System] [CHAT] Caught: minecraft:cod  (Total: 337)
[12:34:42] [Render thread/INFO]: [System] [CHAT] Lap Time: 172:54
[12:34:59] [Render thread/INFO]: [System] [CHAT] Caught: minecraft:cod  (Total: 338)
[12:34:59] [Render thread/INFO]: [System] [CHAT] Lap Time: 173:11
[12:35:13] [Render thread/INFO]: [System] [CHAT] Caught: minecraft:cod  (Total: 339)
[12:35:13] [Render thread/INFO]: [System] [CHAT] Lap Time: 173:25
[12:35:30] [Render thread/INFO]: [System] [CHAT] Caught: minecraft:leather  (Total: 3)
[12:35:30] [Render thread/INFO]: [System] [CHAT] Lap Time: 173:42
[12:35:31] [Render thread/INFO]: [System] [CHAT] ----- Catch Summary -----
[12:35:31] [Render thread/INFO]: [System] [CHAT]  - minecraft:cod: 339 times
[12:35:31] [Render thread/INFO]: [System] [CHAT]  - minecraft:salmon: 159 times
[12:35:31] [Render thread/INFO]: [System] [CHAT]  - minecraft:pufferfish: 61 times
[12:35:31] [Render thread/INFO]: [System] [CHAT]  - minecraft:tropical_fish: 12 times
[12:35:31] [Render thread/INFO]: [System] [CHAT]  - minecraft:bow: 3 times
[12:35:31] [Render thread/INFO]: [System] [CHAT]  - minecraft:potion: 1 times
[12:35:31] [Render thread/INFO]: [System] [CHAT]  - minecraft:name_tag: 12 times
[12:35:31] [Render thread/INFO]: [System] [CHAT]  - minecraft:leather: 3 times
[12:35:31] [Render thread/INFO]: [System] [CHAT]  - minecraft:lily_pad: 6 times
[12:35:31] [Render thread/INFO]: [System] [CHAT]  - minecraft:saddle: 3 times
[12:35:31] [Render thread/INFO]: [System] [CHAT]  - minecraft:enchanted_book: 3 times
[12:35:31] [Render thread/INFO]: [System] [CHAT]  - minecraft:nautilus_shell: 14 times
[12:35:31] [Render thread/INFO]: [System] [CHAT]  - minecraft:rotten_flesh: 2 times
[12:35:31] [Render thread/INFO]: [System] [CHAT]  - minecraft:ink_sac: 1 times
[12:35:32] [Render thread/INFO]: [System] [CHAT]  - minecraft:tripwire_hook: 4 times
[12:35:32] [Render thread/INFO]: [System] [CHAT]  - minecraft:stick: 1 times
[12:35:32] [Render thread/INFO]: [System] [CHAT]  - minecraft:string: 1 times
[12:35:32] [Render thread/INFO]: [System] [CHAT]  - minecraft:bowl: 4 times
[12:35:32] [Render thread/INFO]: [System] [CHAT]  - minecraft:leather_boots: 2 times
[12:35:32] [Render thread/INFO]: [System] [CHAT]  - minecraft:bone: 1 times
[12:35:32] [Render thread/INFO]: [System] [CHAT] Elapsed Time: 173:44
[12:35:33] [Render thread/INFO]: [System] [CHAT] Screenshot saved: autofish_20250705_123532.png
[12:35:33] [Render thread/INFO]: [System] [CHAT] Summary saved to: summary_20250705_123533.txt
[12:35:34] [Render thread/INFO]: [System] [CHAT] Saved screenshot as autofish_20250705_123532.png
[12:35:35] [Render thread/INFO]: [System] [CHAT] Inventory cleared.
[12:35:35] [Render thread/INFO]: [System] [CHAT] Rod restored.
[12:35:35] [Server thread/INFO]: [sampleeeeeee: Removed 250 item(s) from player sampleeeeeee]
[12:35:35] [Server thread/INFO]: [sampleeeeeee: Replaced a slot on sampleeeeeee with [Fishing Rod]]
[12:35:35] [Server thread/INFO]: [sampleeeeeee: Applied enchantment Luck of the Sea III to sampleeeeeee's item]
[12:35:35] [Server thread/INFO]: [sampleeeeeee: Applied enchantment Lure III to sampleeeeeee's item]
[12:35:35] [Server thread/INFO]: [sampleeeeeee: Applied enchantment Unbreaking III to sampleeeeeee's item]
[12:35:35] [Render thread/INFO]: [System] [CHAT] Removed 250 item(s) from player sampleeeeeee
[12:35:35] [Render thread/INFO]: [System] [CHAT] Replaced a slot on sampleeeeeee with [Fishing Rod]
[12:35:35] [Render thread/INFO]: [System] [CHAT] Applied enchantment Luck of the Sea III to sampleeeeeee's item
[12:35:35] [Render thread/INFO]: [System] [CHAT] Applied enchantment Lure III to sampleeeeeee's item
[12:35:35] [Render thread/INFO]: [System] [CHAT] Applied enchantment Unbreaking III to sampleeeeeee's item
[12:35:35] [Server thread/INFO]: [sampleeeeeee: Applied enchantment Mending to sampleeeeeee's item]
[12:35:35] [Render thread/INFO]: [System] [CHAT] Applied enchantment Mending to sampleeeeeee's item
[12:35:47] [Render thread/INFO]: [System] [CHAT] Fish caught, but item not detected.
[12:35:58] [Render thread/INFO]: [System] [CHAT] Caught: minecraft:cod  (Total: 340)
[12:35:58] [Render thread/INFO]: [System] [CHAT] Lap Time: 174:10
[12:36:13] [Render thread/INFO]: [System] [CHAT] Caught: minecraft:cod  (Total: 341)
[12:36:13] [Render thread/INFO]: [System] [CHAT] Lap Time: 174:25
[12:36:32] [Render thread/INFO]: [System] [CHAT] Caught: minecraft:pufferfish  (Total: 62)
[12:36:32] [Render thread/INFO]: [System] [CHAT] Lap Time: 174:44
[12:36:51] [Render thread/INFO]: [System] [CHAT] Caught: minecraft:pufferfish  (Total: 63)
[12:36:51] [Render thread/INFO]: [System] [CHAT] Lap Time: 175:04
[12:37:00] [Render thread/INFO]: [System] [CHAT] Caught: minecraft:bow  (Total: 4)
[12:37:00] [Render thread/INFO]: [System] [CHAT] Lap Time: 175:12
[12:37:07] [Render thread/INFO]: [System] [CHAT] Caught: minecraft:pufferfish  (Total: 64)
[12:37:07] [Render thread/INFO]: [System] [CHAT] Lap Time: 175:19
[12:37:21] [Render thread/INFO]: [System] [CHAT] Caught: minecraft:cod  (Total: 342)
[12:37:21] [Render thread/INFO]: [System] [CHAT] Lap Time: 175:34
[12:37:42] [Render thread/INFO]: [System] [CHAT] Caught: minecraft:cod  (Total: 343)
[12:37:42] [Render thread/INFO]: [System] [CHAT] Lap Time: 175:54
[12:37:58] [Render thread/INFO]: [System] [CHAT] Caught: minecraft:cod  (Total: 344)
[12:37:58] [Render thread/INFO]: [System] [CHAT] Lap Time: 176:11
[12:38:08] [Render thread/INFO]: [System] [CHAT] Caught: minecraft:cod  (Total: 345)
[12:38:08] [Render thread/INFO]: [System] [CHAT] Lap Time: 176:20
[12:38:21] [Render thread/INFO]: [System] [CHAT] Caught: minecraft:cod  (Total: 346)
[12:38:21] [Render thread/INFO]: [System] [CHAT] Lap Time: 176:33
[12:38:33] [Render thread/INFO]: [System] [CHAT] Caught: minecraft:leather_boots  (Total: 3)
[12:38:33] [Render thread/INFO]: [System] [CHAT] Lap Time: 176:46
[12:38:50] [Render thread/INFO]: [System] [CHAT] Caught: minecraft:cod  (Total: 347)
[12:38:50] [Render thread/INFO]: [System] [CHAT] Lap Time: 177:03
[12:39:07] [Render thread/INFO]: [System] [CHAT] Caught: minecraft:name_tag  (Total: 13)
[12:39:07] [Render thread/INFO]: [System] [CHAT] Lap Time: 177:19
[12:39:17] [Render thread/INFO]: [System] [CHAT] Caught: minecraft:pufferfish  (Total: 65)
[12:39:17] [Render thread/INFO]: [System] [CHAT] Lap Time: 177:29
[12:39:23] [Render thread/INFO]: [System] [CHAT] Caught: minecraft:cod  (Total: 348)
[12:39:23] [Render thread/INFO]: [System] [CHAT] Lap Time: 177:35
[12:39:31] [Render thread/INFO]: [System] [CHAT] Fish caught, but item not detected.
[12:39:41] [Render thread/INFO]: [System] [CHAT] Caught: minecraft:cod  (Total: 349)
[12:39:41] [Render thread/INFO]: [System] [CHAT] Lap Time: 177:53
[12:39:55] [Render thread/INFO]: [System] [CHAT] Caught: minecraft:cod  (Total: 350)
[12:39:55] [Render thread/INFO]: [System] [CHAT] Lap Time: 178:07
[12:40:05] [Render thread/INFO]: [System] [CHAT] Caught: minecraft:pufferfish  (Total: 66)
[12:40:05] [Render thread/INFO]: [System] [CHAT] Lap Time: 178:17
[12:40:17] [Render thread/INFO]: [System] [CHAT] Caught: minecraft:cod  (Total: 351)
[12:40:17] [Render thread/INFO]: [System] [CHAT] Lap Time: 178:30
[12:40:38] [Render thread/INFO]: [System] [CHAT] Caught: minecraft:cod  (Total: 352)
[12:40:38] [Render thread/INFO]: [System] [CHAT] Lap Time: 178:50
[12:40:48] [Render thread/INFO]: [System] [CHAT] Caught: minecraft:potion  (Total: 2)
[12:40:48] [Render thread/INFO]: [System] [CHAT] Lap Time: 179:00
[12:41:00] [Render thread/INFO]: [System] [CHAT] Caught: minecraft:cod  (Total: 353)
[12:41:00] [Render thread/INFO]: [System] [CHAT] Lap Time: 179:13
[12:41:11] [Render thread/INFO]: [System] [CHAT] Caught: minecraft:cod  (Total: 354)
[12:41:11] [Render thread/INFO]: [System] [CHAT] Lap Time: 179:24
[12:41:26] [Render thread/INFO]: [System] [CHAT] Caught: minecraft:pufferfish  (Total: 67)
[12:41:26] [Render thread/INFO]: [System] [CHAT] Lap Time: 179:38
[12:41:32] [Render thread/INFO]: [System] [CHAT] Caught: minecraft:pufferfish  (Total: 68)
[12:41:32] [Render thread/INFO]: [System] [CHAT] Lap Time: 179:44
[12:41:53] [Render thread/INFO]: [System] [CHAT] Caught: minecraft:leather  (Total: 4)
[12:41:53] [Render thread/INFO]: [System] [CHAT] Lap Time: 180:05
[12:42:03] [Render thread/INFO]: [System] [CHAT] Caught: minecraft:cod  (Total: 355)
[12:42:03] [Render thread/INFO]: [System] [CHAT] Lap Time: 180:15
[12:42:11] [Render thread/INFO]: [System] [CHAT] Caught: minecraft:pufferfish  (Total: 69)
[12:42:11] [Render thread/INFO]: [System] [CHAT] Lap Time: 180:23
[12:42:31] [Render thread/INFO]: [System] [CHAT] Fish caught, but item not detected.
[12:42:40] [Render thread/INFO]: [System] [CHAT] Fish caught, but item not detected.
[12:42:54] [Render thread/INFO]: [System] [CHAT] Fish caught, but item not detected.
[12:43:06] [Render thread/INFO]: [System] [CHAT] Caught: minecraft:cod  (Total: 356)
[12:43:06] [Render thread/INFO]: [System] [CHAT] Lap Time: 181:18
[12:43:17] [Render thread/INFO]: [System] [CHAT] Fish caught, but item not detected.
[12:43:30] [Render thread/INFO]: [System] [CHAT] Caught: minecraft:salmon  (Total: 160)
[12:43:30] [Render thread/INFO]: [System] [CHAT] Lap Time: 181:42
[12:43:51] [Render thread/INFO]: [System] [CHAT] Caught: minecraft:cod  (Total: 357)
[12:43:51] [Render thread/INFO]: [System] [CHAT] Lap Time: 182:03
[12:44:04] [Render thread/INFO]: [System] [CHAT] Fish caught, but item not detected.
[12:44:19] [Render thread/INFO]: [System] [CHAT] Fish caught, but item not detected.
[12:44:33] [Render thread/INFO]: [System] [CHAT] Caught: minecraft:enchanted_book  (Total: 4)
[12:44:33] [Render thread/INFO]: [System] [CHAT] Lap Time: 182:46
[12:44:43] [Render thread/INFO]: [System] [CHAT] Caught: minecraft:saddle  (Total: 4)
[12:44:43] [Render thread/INFO]: [System] [CHAT] Lap Time: 182:56
[12:44:53] [Render thread/INFO]: [System] [CHAT] Caught: minecraft:cod  (Total: 358)
[12:44:53] [Render thread/INFO]: [System] [CHAT] Lap Time: 183:05
[12:44:58] [Render thread/INFO]: [System] [CHAT] Caught: minecraft:nautilus_shell  (Total: 15)
[12:44:58] [Render thread/INFO]: [System] [CHAT] Lap Time: 183:11
[12:45:16] [Render thread/INFO]: [System] [CHAT] Caught: minecraft:salmon  (Total: 161)
[12:45:16] [Render thread/INFO]: [System] [CHAT] Lap Time: 183:28
[12:45:26] [Render thread/INFO]: [System] [CHAT] Caught: minecraft:salmon  (Total: 162)
[12:45:26] [Render thread/INFO]: [System] [CHAT] Lap Time: 183:38
[12:45:35] [Render thread/INFO]: [System] [CHAT] Caught: minecraft:cod  (Total: 359)
[12:45:35] [Render thread/INFO]: [System] [CHAT] Lap Time: 183:47
[12:45:40] [Render thread/INFO]: [System] [CHAT] Caught: minecraft:cod  (Total: 360)
[12:45:40] [Render thread/INFO]: [System] [CHAT] Lap Time: 183:52
[12:45:54] [Render thread/INFO]: [System] [CHAT] Fish caught, but item not detected.
[12:46:09] [Render thread/INFO]: [System] [CHAT] Caught: minecraft:nautilus_shell  (Total: 16)
[12:46:09] [Render thread/INFO]: [System] [CHAT] Lap Time: 184:21
[12:46:28] [Render thread/INFO]: [System] [CHAT] Caught: minecraft:cod  (Total: 361)
[12:46:28] [Render thread/INFO]: [System] [CHAT] Lap Time: 184:41
[12:46:37] [Render thread/INFO]: [System] [CHAT] Caught: minecraft:tropical_fish  (Total: 13)
[12:46:37] [Render thread/INFO]: [System] [CHAT] Lap Time: 184:49
[12:46:47] [Render thread/INFO]: [System] [CHAT] Caught: minecraft:pufferfish  (Total: 70)
[12:46:47] [Render thread/INFO]: [System] [CHAT] Lap Time: 184:59
[12:47:05] [Render thread/INFO]: [System] [CHAT] Caught: minecraft:cod  (Total: 362)
[12:47:05] [Render thread/INFO]: [System] [CHAT] Lap Time: 185:17
[12:47:20] [Render thread/INFO]: [System] [CHAT] Caught: minecraft:salmon  (Total: 163)
[12:47:20] [Render thread/INFO]: [System] [CHAT] Lap Time: 185:32
[12:47:30] [Render thread/INFO]: [System] [CHAT] Caught: minecraft:pufferfish  (Total: 71)
[12:47:30] [Render thread/INFO]: [System] [CHAT] Lap Time: 185:42
[12:47:49] [Render thread/INFO]: [System] [CHAT] Caught: minecraft:cod  (Total: 363)
[12:47:49] [Render thread/INFO]: [System] [CHAT] Lap Time: 186:01
[12:48:01] [Render thread/INFO]: [System] [CHAT] Caught: minecraft:pufferfish  (Total: 72)
[12:48:01] [Render thread/INFO]: [System] [CHAT] Lap Time: 186:14
[12:48:20] [Render thread/INFO]: [System] [CHAT] Fish caught, but item not detected.
[12:48:28] [Render thread/INFO]: [System] [CHAT] Caught: minecraft:salmon  (Total: 164)
[12:48:28] [Render thread/INFO]: [System] [CHAT] Lap Time: 186:40
[12:48:47] [Render thread/INFO]: [System] [CHAT] Caught: minecraft:salmon  (Total: 165)
[12:48:47] [Render thread/INFO]: [System] [CHAT] Lap Time: 186:59
[12:48:57] [Render thread/INFO]: [System] [CHAT] Caught: minecraft:cod  (Total: 364)
[12:48:57] [Render thread/INFO]: [System] [CHAT] Lap Time: 187:09
[12:49:11] [Render thread/INFO]: [System] [CHAT] Caught: minecraft:cod  (Total: 365)
[12:49:11] [Render thread/INFO]: [System] [CHAT] Lap Time: 187:23
[12:49:26] [Render thread/INFO]: [System] [CHAT] Caught: minecraft:cod  (Total: 366)
[12:49:26] [Render thread/INFO]: [System] [CHAT] Lap Time: 187:39
[12:49:39] [Render thread/INFO]: [System] [CHAT] Caught: minecraft:salmon  (Total: 166)
[12:49:39] [Render thread/INFO]: [System] [CHAT] Lap Time: 187:51
[12:49:57] [Render thread/INFO]: [System] [CHAT] Fish caught, but item not detected.
[12:50:03] [Render thread/INFO]: [System] [CHAT] Caught: minecraft:cod  (Total: 367)
[12:50:03] [Render thread/INFO]: [System] [CHAT] Lap Time: 188:16
[12:50:16] [Render thread/INFO]: [System] [CHAT] Caught: minecraft:cod  (Total: 368)
[12:50:16] [Render thread/INFO]: [System] [CHAT] Lap Time: 188:28
[12:50:35] [Render thread/INFO]: [System] [CHAT] Fish caught, but item not detected.
[12:50:49] [Render thread/INFO]: [System] [CHAT] Fish caught, but item not detected.
[12:50:57] [Render thread/INFO]: [System] [CHAT] Caught: minecraft:pufferfish  (Total: 73)
[12:50:57] [Render thread/INFO]: [System] [CHAT] Lap Time: 189:10
[12:51:15] [Render thread/INFO]: [System] [CHAT] Caught: minecraft:cod  (Total: 369)
[12:51:15] [Render thread/INFO]: [System] [CHAT] Lap Time: 189:27
[12:51:31] [Render thread/INFO]: [System] [CHAT] Caught: minecraft:cod  (Total: 370)
[12:51:31] [Render thread/INFO]: [System] [CHAT] Lap Time: 189:43
[12:51:50] [Render thread/INFO]: [System] [CHAT] Caught: minecraft:cod  (Total: 371)
[12:51:50] [Render thread/INFO]: [System] [CHAT] Lap Time: 190:02
[12:52:03] [Render thread/INFO]: [System] [CHAT] Caught: minecraft:cod  (Total: 372)
[12:52:03] [Render thread/INFO]: [System] [CHAT] Lap Time: 190:15
[12:52:18] [Render thread/INFO]: [System] [CHAT] Caught: minecraft:cod  (Total: 373)
[12:52:18] [Render thread/INFO]: [System] [CHAT] Lap Time: 190:30
[12:52:37] [Render thread/INFO]: [System] [CHAT] Caught: minecraft:cod  (Total: 374)
[12:52:37] [Render thread/INFO]: [System] [CHAT] Lap Time: 190:49
[12:52:44] [Render thread/INFO]: [System] [CHAT] Fish caught, but item not detected.
[12:52:58] [Render thread/INFO]: [System] [CHAT] Caught: minecraft:cod  (Total: 375)
[12:52:58] [Render thread/INFO]: [System] [CHAT] Lap Time: 191:10
[12:53:03] [Render thread/INFO]: [System] [CHAT] Caught: minecraft:salmon  (Total: 167)
[12:53:03] [Render thread/INFO]: [System] [CHAT] Lap Time: 191:16
[12:53:11] [Render thread/INFO]: [System] [CHAT] Caught: minecraft:cod  (Total: 376)
[12:53:11] [Render thread/INFO]: [System] [CHAT] Lap Time: 191:23
[12:53:21] [Render thread/INFO]: [System] [CHAT] Caught: minecraft:cod  (Total: 377)
[12:53:21] [Render thread/INFO]: [System] [CHAT] Lap Time: 191:34
[12:53:38] [Render thread/INFO]: [System] [CHAT] Caught: minecraft:cod  (Total: 378)
[12:53:38] [Render thread/INFO]: [System] [CHAT] Lap Time: 191:50
[12:53:50] [Render thread/INFO]: [System] [CHAT] Caught: minecraft:pufferfish  (Total: 74)
[12:53:50] [Render thread/INFO]: [System] [CHAT] Lap Time: 192:02
[12:53:58] [Render thread/INFO]: [System] [CHAT] Caught: minecraft:cod  (Total: 379)
[12:53:58] [Render thread/INFO]: [System] [CHAT] Lap Time: 192:10
[12:54:14] [Render thread/INFO]: [System] [CHAT] Caught: minecraft:cod  (Total: 380)
[12:54:14] [Render thread/INFO]: [System] [CHAT] Lap Time: 192:27
[12:54:30] [Render thread/INFO]: [System] [CHAT] Caught: minecraft:salmon  (Total: 168)
[12:54:30] [Render thread/INFO]: [System] [CHAT] Lap Time: 192:43
[12:54:40] [Render thread/INFO]: [System] [CHAT] Caught: minecraft:cod  (Total: 381)
[12:54:40] [Render thread/INFO]: [System] [CHAT] Lap Time: 192:53
[12:54:57] [Render thread/INFO]: [System] [CHAT] Caught: minecraft:pufferfish  (Total: 75)
[12:54:57] [Render thread/INFO]: [System] [CHAT] Lap Time: 193:09
[12:55:10] [Render thread/INFO]: [System] [CHAT] Caught: minecraft:salmon  (Total: 169)
[12:55:10] [Render thread/INFO]: [System] [CHAT] Lap Time: 193:22
[12:55:29] [Render thread/INFO]: [System] [CHAT] Caught: minecraft:cod  (Total: 382)
[12:55:29] [Render thread/INFO]: [System] [CHAT] Lap Time: 193:42
[12:55:38] [Render thread/INFO]: [System] [CHAT] Fish caught, but item not detected.
[12:55:46] [Render thread/INFO]: [System] [CHAT] Caught: minecraft:cod  (Total: 383)
[12:55:46] [Render thread/INFO]: [System] [CHAT] Lap Time: 193:58
[12:56:03] [Render thread/INFO]: [System] [CHAT] Caught: minecraft:cod  (Total: 384)
[12:56:03] [Render thread/INFO]: [System] [CHAT] Lap Time: 194:16
[12:56:15] [Render thread/INFO]: [System] [CHAT] Fish caught, but item not detected.
[12:56:21] [Render thread/INFO]: [System] [CHAT] Caught: minecraft:name_tag  (Total: 14)
[12:56:21] [Render thread/INFO]: [System] [CHAT] Lap Time: 194:33
[12:56:32] [Render thread/INFO]: [System] [CHAT] Fish caught, but item not detected.
[12:56:49] [Render thread/INFO]: [System] [CHAT] Caught: minecraft:salmon  (Total: 170)
[12:56:49] [Render thread/INFO]: [System] [CHAT] Lap Time: 195:01
[12:57:08] [Render thread/INFO]: [System] [CHAT] Fish caught, but item not detected.
[12:57:22] [Render thread/INFO]: [System] [CHAT] Caught: minecraft:cod  (Total: 385)
[12:57:22] [Render thread/INFO]: [System] [CHAT] Lap Time: 195:34
[12:57:37] [Render thread/INFO]: [System] [CHAT] Caught: minecraft:cod  (Total: 386)
[12:57:37] [Render thread/INFO]: [System] [CHAT] Lap Time: 195:49
[12:57:53] [Render thread/INFO]: [System] [CHAT] Caught: minecraft:salmon  (Total: 171)
[12:57:53] [Render thread/INFO]: [System] [CHAT] Lap Time: 196:05
[12:58:14] [Render thread/INFO]: [System] [CHAT] Caught: minecraft:cod  (Total: 387)
[12:58:14] [Render thread/INFO]: [System] [CHAT] Lap Time: 196:26
[12:58:23] [Render thread/INFO]: [System] [CHAT] Caught: minecraft:cod  (Total: 388)
[12:58:23] [Render thread/INFO]: [System] [CHAT] Lap Time: 196:35
[12:58:29] [Render thread/INFO]: [System] [CHAT] Caught: minecraft:cod  (Total: 389)
[12:58:29] [Render thread/INFO]: [System] [CHAT] Lap Time: 196:41
[12:58:42] [Render thread/INFO]: [System] [CHAT] Fish caught, but item not detected.
[12:59:02] [Render thread/INFO]: [System] [CHAT] Caught: minecraft:cod  (Total: 390)
[12:59:02] [Render thread/INFO]: [System] [CHAT] Lap Time: 197:14
[12:59:17] [Render thread/INFO]: [System] [CHAT] Fish caught, but item not detected.
[12:59:26] [Render thread/INFO]: [System] [CHAT] Fish caught, but item not detected.
[12:59:36] [Render thread/INFO]: [System] [CHAT] Caught: minecraft:cod  (Total: 391)
[12:59:36] [Render thread/INFO]: [System] [CHAT] Lap Time: 197:49
[12:59:58] [Render thread/INFO]: [System] [CHAT] Caught: minecraft:cod  (Total: 392)
[12:59:58] [Render thread/INFO]: [System] [CHAT] Lap Time: 198:10
[13:00:11] [Render thread/INFO]: [System] [CHAT] Fish caught, but item not detected.
[13:00:30] [Render thread/INFO]: [System] [CHAT] Caught: minecraft:nautilus_shell  (Total: 17)
[13:00:30] [Render thread/INFO]: [System] [CHAT] Lap Time: 198:43
[13:00:45] [Render thread/INFO]: [System] [CHAT] Caught: minecraft:cod  (Total: 393)
[13:00:45] [Render thread/INFO]: [System] [CHAT] Lap Time: 198:57
[13:00:58] [Render thread/INFO]: [System] [CHAT] Caught: minecraft:salmon  (Total: 172)
[13:00:58] [Render thread/INFO]: [System] [CHAT] Lap Time: 199:10
[13:01:17] [Render thread/INFO]: [System] [CHAT] Fish caught, but item not detected.
[13:01:38] [Render thread/INFO]: [System] [CHAT] Caught: minecraft:cod  (Total: 394)
[13:01:38] [Render thread/INFO]: [System] [CHAT] Lap Time: 199:50
[13:01:59] [Render thread/INFO]: [System] [CHAT] Caught: minecraft:salmon  (Total: 173)
[13:01:59] [Render thread/INFO]: [System] [CHAT] Lap Time: 200:12
[13:02:08] [Render thread/INFO]: [System] [CHAT] Caught: minecraft:salmon  (Total: 174)
[13:02:08] [Render thread/INFO]: [System] [CHAT] Lap Time: 200:20
[13:02:25] [Render thread/INFO]: [System] [CHAT] Caught: minecraft:cod  (Total: 395)
[13:02:25] [Render thread/INFO]: [System] [CHAT] Lap Time: 200:37
[13:02:30] [Render thread/INFO]: [System] [CHAT] Caught: minecraft:cod  (Total: 396)
[13:02:30] [Render thread/INFO]: [System] [CHAT] Lap Time: 200:43
[13:02:46] [Render thread/INFO]: [System] [CHAT] Fish caught, but item not detected.
[13:03:06] [Render thread/INFO]: [System] [CHAT] Caught: minecraft:cod  (Total: 397)
[13:03:06] [Render thread/INFO]: [System] [CHAT] Lap Time: 201:18
[13:03:14] [Render thread/INFO]: [System] [CHAT] Caught: minecraft:salmon  (Total: 175)
[13:03:14] [Render thread/INFO]: [System] [CHAT] Lap Time: 201:27
[13:03:30] [Render thread/INFO]: [System] [CHAT] Caught: minecraft:cod  (Total: 398)
[13:03:30] [Render thread/INFO]: [System] [CHAT] Lap Time: 201:42
[13:03:42] [Render thread/INFO]: [System] [CHAT] Caught: minecraft:cod  (Total: 399)
[13:03:42] [Render thread/INFO]: [System] [CHAT] Lap Time: 201:54
[13:03:59] [Render thread/INFO]: [System] [CHAT] Caught: minecraft:cod  (Total: 400)
[13:03:59] [Render thread/INFO]: [System] [CHAT] Lap Time: 202:11
[13:04:06] [Render thread/INFO]: [System] [CHAT] Caught: minecraft:salmon  (Total: 176)
[13:04:06] [Render thread/INFO]: [System] [CHAT] Lap Time: 202:19
[13:04:21] [Render thread/INFO]: [System] [CHAT] Caught: minecraft:cod  (Total: 401)
[13:04:21] [Render thread/INFO]: [System] [CHAT] Lap Time: 202:33
[13:04:37] [Render thread/INFO]: [System] [CHAT] Caught: minecraft:cod  (Total: 402)
[13:04:37] [Render thread/INFO]: [System] [CHAT] Lap Time: 202:49
[13:04:48] [Render thread/INFO]: [System] [CHAT] Fish caught, but item not detected.
[13:05:03] [Render thread/INFO]: [System] [CHAT] Caught: minecraft:name_tag  (Total: 15)
[13:05:03] [Render thread/INFO]: [System] [CHAT] Lap Time: 203:15
[13:05:16] [Render thread/INFO]: [System] [CHAT] Caught: minecraft:cod  (Total: 403)
[13:05:16] [Render thread/INFO]: [System] [CHAT] Lap Time: 203:28
[13:05:34] [Render thread/INFO]: [System] [CHAT] Caught: minecraft:nautilus_shell  (Total: 18)
[13:05:34] [Render thread/INFO]: [System] [CHAT] Lap Time: 203:46
[13:05:40] [Render thread/INFO]: [System] [CHAT] Caught: minecraft:lily_pad  (Total: 7)
[13:05:40] [Render thread/INFO]: [System] [CHAT] Lap Time: 203:52
[13:05:49] [Render thread/INFO]: [System] [CHAT] Fish caught, but item not detected.
[13:06:04] [Render thread/INFO]: [System] [CHAT] Caught: minecraft:pufferfish  (Total: 76)
[13:06:04] [Render thread/INFO]: [System] [CHAT] Lap Time: 204:16
[13:06:17] [Render thread/INFO]: [System] [CHAT] Fish caught, but item not detected.
[13:06:28] [Render thread/INFO]: [System] [CHAT] Caught: minecraft:cod  (Total: 404)
[13:06:28] [Render thread/INFO]: [System] [CHAT] Lap Time: 204:41
[13:06:37] [Render thread/INFO]: [System] [CHAT] Caught: minecraft:cod  (Total: 405)
[13:06:37] [Render thread/INFO]: [System] [CHAT] Lap Time: 204:50
[13:06:52] [Render thread/INFO]: [System] [CHAT] Caught: minecraft:cod  (Total: 406)
[13:06:52] [Render thread/INFO]: [System] [CHAT] Lap Time: 205:04
[13:07:12] [Render thread/INFO]: [System] [CHAT] Caught: minecraft:cod  (Total: 407)
[13:07:12] [Render thread/INFO]: [System] [CHAT] Lap Time: 205:25
[13:07:29] [Render thread/INFO]: [System] [CHAT] Fish caught, but item not detected.
[13:07:36] [Render thread/INFO]: [System] [CHAT] Fish caught, but item not detected.
[13:07:43] [Render thread/INFO]: [System] [CHAT] Caught: minecraft:lily_pad  (Total: 8)
[13:07:43] [Render thread/INFO]: [System] [CHAT] Lap Time: 205:55
[13:08:00] [Render thread/INFO]: [System] [CHAT] Caught: minecraft:cod  (Total: 408)
[13:08:00] [Render thread/INFO]: [System] [CHAT] Lap Time: 206:13
[13:08:16] [Render thread/INFO]: [System] [CHAT] Caught: minecraft:cod  (Total: 409)
[13:08:16] [Render thread/INFO]: [System] [CHAT] Lap Time: 206:29
[13:08:25] [Render thread/INFO]: [System] [CHAT] Caught: minecraft:salmon  (Total: 177)
[13:08:25] [Render thread/INFO]: [System] [CHAT] Lap Time: 206:37
[13:08:32] [Render thread/INFO]: [System] [CHAT] Caught: minecraft:pufferfish  (Total: 77)
[13:08:32] [Render thread/INFO]: [System] [CHAT] Lap Time: 206:44
[13:08:42] [Render thread/INFO]: [System] [CHAT] Caught: minecraft:tropical_fish  (Total: 14)
[13:08:42] [Render thread/INFO]: [System] [CHAT] Lap Time: 206:54
[13:09:00] [Render thread/INFO]: [System] [CHAT] Caught: minecraft:salmon  (Total: 178)
[13:09:00] [Render thread/INFO]: [System] [CHAT] Lap Time: 207:12
[13:09:07] [Render thread/INFO]: [System] [CHAT] Caught: minecraft:pufferfish  (Total: 78)
[13:09:07] [Render thread/INFO]: [System] [CHAT] Lap Time: 207:19
[13:09:27] [Render thread/INFO]: [System] [CHAT] Caught: minecraft:salmon  (Total: 179)
[13:09:27] [Render thread/INFO]: [System] [CHAT] Lap Time: 207:40
[13:09:47] [Render thread/INFO]: [System] [CHAT] Caught: minecraft:salmon  (Total: 180)
[13:09:47] [Render thread/INFO]: [System] [CHAT] Lap Time: 207:59
[13:10:03] [Render thread/INFO]: [System] [CHAT] Caught: minecraft:cod  (Total: 410)
[13:10:03] [Render thread/INFO]: [System] [CHAT] Lap Time: 208:16
[13:10:24] [Render thread/INFO]: [System] [CHAT] Caught: minecraft:cod  (Total: 411)
[13:10:24] [Render thread/INFO]: [System] [CHAT] Lap Time: 208:36
[13:10:44] [Render thread/INFO]: [System] [CHAT] Caught: minecraft:cod  (Total: 412)
[13:10:44] [Render thread/INFO]: [System] [CHAT] Lap Time: 208:57
[13:10:58] [Render thread/INFO]: [System] [CHAT] Caught: minecraft:salmon  (Total: 181)
[13:10:58] [Render thread/INFO]: [System] [CHAT] Lap Time: 209:10
[13:11:08] [Render thread/INFO]: [System] [CHAT] Caught: minecraft:cod  (Total: 413)
[13:11:08] [Render thread/INFO]: [System] [CHAT] Lap Time: 209:21
[13:11:29] [Render thread/INFO]: [System] [CHAT] Fish caught, but item not detected.
[13:11:39] [Render thread/INFO]: [System] [CHAT] Caught: minecraft:salmon  (Total: 182)
[13:11:39] [Render thread/INFO]: [System] [CHAT] Lap Time: 209:51
[13:11:54] [Render thread/INFO]: [System] [CHAT] Caught: minecraft:cod  (Total: 414)
[13:11:54] [Render thread/INFO]: [System] [CHAT] Lap Time: 210:07
[13:12:11] [Render thread/INFO]: [System] [CHAT] Caught: minecraft:salmon  (Total: 183)
[13:12:11] [Render thread/INFO]: [System] [CHAT] Lap Time: 210:23
[13:12:25] [Render thread/INFO]: [System] [CHAT] Caught: minecraft:pufferfish  (Total: 79)
[13:12:25] [Render thread/INFO]: [System] [CHAT] Lap Time: 210:37
[13:12:43] [Render thread/INFO]: [System] [CHAT] Caught: minecraft:cod  (Total: 415)
[13:12:43] [Render thread/INFO]: [System] [CHAT] Lap Time: 210:55
[13:12:51] [Render thread/INFO]: [System] [CHAT] Caught: minecraft:cod  (Total: 416)
[13:12:51] [Render thread/INFO]: [System] [CHAT] Lap Time: 211:04
[13:13:00] [Render thread/INFO]: [System] [CHAT] Caught: minecraft:salmon  (Total: 184)
[13:13:00] [Render thread/INFO]: [System] [CHAT] Lap Time: 211:12
[13:13:19] [Render thread/INFO]: [System] [CHAT] Fish caught, but item not detected.
[13:13:26] [Render thread/INFO]: [System] [CHAT] Caught: minecraft:name_tag  (Total: 16)
[13:13:26] [Render thread/INFO]: [System] [CHAT] Lap Time: 211:38
[13:13:45] [Render thread/INFO]: [System] [CHAT] Caught: minecraft:cod  (Total: 417)
[13:13:45] [Render thread/INFO]: [System] [CHAT] Lap Time: 211:57
[13:13:55] [Render thread/INFO]: [System] [CHAT] Caught: minecraft:cod  (Total: 418)
[13:13:55] [Render thread/INFO]: [System] [CHAT] Lap Time: 212:07
[13:14:15] [Render thread/INFO]: [System] [CHAT] Caught: minecraft:nautilus_shell  (Total: 19)
[13:14:15] [Render thread/INFO]: [System] [CHAT] Lap Time: 212:27
[13:14:27] [Render thread/INFO]: [System] [CHAT] Caught: minecraft:salmon  (Total: 185)
[13:14:27] [Render thread/INFO]: [System] [CHAT] Lap Time: 212:39
[13:14:40] [Render thread/INFO]: [System] [CHAT] Caught: minecraft:pufferfish  (Total: 80)
[13:14:40] [Render thread/INFO]: [System] [CHAT] Lap Time: 212:53
[13:14:57] [Render thread/INFO]: [System] [CHAT] Caught: minecraft:cod  (Total: 419)
[13:14:57] [Render thread/INFO]: [System] [CHAT] Lap Time: 213:09
[13:15:12] [Render thread/INFO]: [System] [CHAT] Caught: minecraft:cod  (Total: 420)
[13:15:12] [Render thread/INFO]: [System] [CHAT] Lap Time: 213:24
[13:15:25] [Render thread/INFO]: [System] [CHAT] Fish caught, but item not detected.
[13:15:35] [Render thread/INFO]: [System] [CHAT] Caught: minecraft:pufferfish  (Total: 81)
[13:15:35] [Render thread/INFO]: [System] [CHAT] Lap Time: 213:48
[13:15:44] [Render thread/INFO]: [System] [CHAT] Caught: minecraft:pufferfish  (Total: 82)
[13:15:44] [Render thread/INFO]: [System] [CHAT] Lap Time: 213:57
[13:15:55] [Render thread/INFO]: [System] [CHAT] Fish caught, but item not detected.
[13:16:12] [Render thread/INFO]: [System] [CHAT] Caught: minecraft:lily_pad  (Total: 9)
[13:16:12] [Render thread/INFO]: [System] [CHAT] Lap Time: 214:24
[13:16:20] [Render thread/INFO]: [System] [CHAT] Fish caught, but item not detected.
[13:16:40] [Render thread/INFO]: [System] [CHAT] Caught: minecraft:salmon  (Total: 186)
[13:16:40] [Render thread/INFO]: [System] [CHAT] Lap Time: 214:52
[13:16:58] [Render thread/INFO]: [System] [CHAT] Fish caught, but item not detected.
[13:17:10] [Render thread/INFO]: [System] [CHAT] Caught: minecraft:cod  (Total: 421)
[13:17:10] [Render thread/INFO]: [System] [CHAT] Lap Time: 215:22
[13:17:30] [Render thread/INFO]: [System] [CHAT] Caught: minecraft:pufferfish  (Total: 83)
[13:17:30] [Render thread/INFO]: [System] [CHAT] Lap Time: 215:42
[13:17:47] [Render thread/INFO]: [System] [CHAT] Caught: minecraft:cod  (Total: 422)
[13:17:47] [Render thread/INFO]: [System] [CHAT] Lap Time: 215:59
[13:17:54] [Render thread/INFO]: [System] [CHAT] Caught: minecraft:cod  (Total: 423)
[13:17:54] [Render thread/INFO]: [System] [CHAT] Lap Time: 216:07
[13:18:13] [Render thread/INFO]: [System] [CHAT] Caught: minecraft:salmon  (Total: 187)
[13:18:13] [Render thread/INFO]: [System] [CHAT] Lap Time: 216:25
[13:18:32] [Render thread/INFO]: [System] [CHAT] Fish caught, but item not detected.
[13:18:46] [Render thread/INFO]: [System] [CHAT] Caught: minecraft:pufferfish  (Total: 84)
[13:18:46] [Render thread/INFO]: [System] [CHAT] Lap Time: 216:59
[13:19:03] [Render thread/INFO]: [System] [CHAT] Caught: minecraft:salmon  (Total: 188)
[13:19:03] [Render thread/INFO]: [System] [CHAT] Lap Time: 217:15
[13:19:15] [Render thread/INFO]: [System] [CHAT] Fish caught, but item not detected.
[13:19:29] [Render thread/INFO]: [System] [CHAT] Caught: minecraft:salmon  (Total: 189)
[13:19:29] [Render thread/INFO]: [System] [CHAT] Lap Time: 217:41
[13:19:38] [Render thread/INFO]: [System] [CHAT] Caught: minecraft:cod  (Total: 424)
[13:19:38] [Render thread/INFO]: [System] [CHAT] Lap Time: 217:50
[13:19:51] [Render thread/INFO]: [System] [CHAT] Caught: minecraft:cod  (Total: 425)
[13:19:51] [Render thread/INFO]: [System] [CHAT] Lap Time: 218:03
[13:20:11] [Render thread/INFO]: [System] [CHAT] Fish caught, but item not detected.
[13:20:18] [Render thread/INFO]: [System] [CHAT] Fish caught, but item not detected.
[13:20:25] [Render thread/INFO]: [System] [CHAT] Caught: minecraft:salmon  (Total: 190)
[13:20:25] [Render thread/INFO]: [System] [CHAT] Lap Time: 218:37
[13:20:39] [Render thread/INFO]: [System] [CHAT] Caught: minecraft:cod  (Total: 426)
[13:20:39] [Render thread/INFO]: [System] [CHAT] Lap Time: 218:52
[13:20:52] [Render thread/INFO]: [System] [CHAT] Caught: minecraft:cod  (Total: 427)
[13:20:52] [Render thread/INFO]: [System] [CHAT] Lap Time: 219:05
[13:21:03] [Render thread/INFO]: [System] [CHAT] Caught: minecraft:cod  (Total: 428)
[13:21:03] [Render thread/INFO]: [System] [CHAT] Lap Time: 219:15
[13:21:21] [Render thread/INFO]: [System] [CHAT] Caught: minecraft:cod  (Total: 429)
[13:21:21] [Render thread/INFO]: [System] [CHAT] Lap Time: 219:33
[13:21:29] [Render thread/INFO]: [System] [CHAT] Caught: minecraft:salmon  (Total: 191)
[13:21:29] [Render thread/INFO]: [System] [CHAT] Lap Time: 219:41
[13:21:38] [Render thread/INFO]: [System] [CHAT] Caught: minecraft:cod  (Total: 430)
[13:21:38] [Render thread/INFO]: [System] [CHAT] Lap Time: 219:51
[13:21:57] [Render thread/INFO]: [System] [CHAT] Caught: minecraft:cod  (Total: 431)
[13:21:57] [Render thread/INFO]: [System] [CHAT] Lap Time: 220:09
[13:22:16] [Render thread/INFO]: [System] [CHAT] Caught: minecraft:name_tag  (Total: 17)
[13:22:16] [Render thread/INFO]: [System] [CHAT] Lap Time: 220:28
[13:22:28] [Render thread/INFO]: [System] [CHAT] Caught: minecraft:cod  (Total: 432)
[13:22:28] [Render thread/INFO]: [System] [CHAT] Lap Time: 220:40
[13:22:38] [Render thread/INFO]: [System] [CHAT] Caught: minecraft:cod  (Total: 433)
[13:22:38] [Render thread/INFO]: [System] [CHAT] Lap Time: 220:50
[13:22:53] [Render thread/INFO]: [System] [CHAT] Caught: minecraft:cod  (Total: 434)
[13:22:53] [Render thread/INFO]: [System] [CHAT] Lap Time: 221:05
[13:23:13] [Render thread/INFO]: [System] [CHAT] Caught: minecraft:tropical_fish  (Total: 15)
[13:23:13] [Render thread/INFO]: [System] [CHAT] Lap Time: 221:25
[13:23:35] [Render thread/INFO]: [System] [CHAT] Caught: minecraft:salmon  (Total: 192)
[13:23:35] [Render thread/INFO]: [System] [CHAT] Lap Time: 221:48
[13:23:54] [Render thread/INFO]: [System] [CHAT] Caught: minecraft:cod  (Total: 435)
[13:23:54] [Render thread/INFO]: [System] [CHAT] Lap Time: 222:06
[13:24:11] [Render thread/INFO]: [System] [CHAT] Caught: minecraft:salmon  (Total: 193)
[13:24:11] [Render thread/INFO]: [System] [CHAT] Lap Time: 222:23
[13:24:26] [Render thread/INFO]: [System] [CHAT] Caught: minecraft:cod  (Total: 436)
[13:24:26] [Render thread/INFO]: [System] [CHAT] Lap Time: 222:38
[13:24:34] [Render thread/INFO]: [System] [CHAT] Fish caught, but item not detected.
[13:24:44] [Render thread/INFO]: [System] [CHAT] Caught: minecraft:nautilus_shell  (Total: 20)
[13:24:44] [Render thread/INFO]: [System] [CHAT] Lap Time: 222:56
[13:25:04] [Render thread/INFO]: [System] [CHAT] Caught: minecraft:cod  (Total: 437)
[13:25:04] [Render thread/INFO]: [System] [CHAT] Lap Time: 223:16
[13:25:15] [Render thread/INFO]: [System] [CHAT] Caught: minecraft:pufferfish  (Total: 85)
[13:25:15] [Render thread/INFO]: [System] [CHAT] Lap Time: 223:27
[13:25:30] [Render thread/INFO]: [System] [CHAT] Caught: minecraft:pufferfish  (Total: 86)
[13:25:30] [Render thread/INFO]: [System] [CHAT] Lap Time: 223:42
[13:25:50] [Render thread/INFO]: [System] [CHAT] Caught: minecraft:cod  (Total: 438)
[13:25:50] [Render thread/INFO]: [System] [CHAT] Lap Time: 224:03
[13:25:58] [Render thread/INFO]: [System] [CHAT] Caught: minecraft:pufferfish  (Total: 87)
[13:25:58] [Render thread/INFO]: [System] [CHAT] Lap Time: 224:10
[13:26:18] [Render thread/INFO]: [System] [CHAT] Fish caught, but item not detected.
[13:26:30] [Render thread/INFO]: [System] [CHAT] Fish caught, but item not detected.
[13:26:39] [Render thread/INFO]: [System] [CHAT] Caught: minecraft:tropical_fish  (Total: 16)
[13:26:39] [Render thread/INFO]: [System] [CHAT] Lap Time: 224:51
[13:26:59] [Render thread/INFO]: [System] [CHAT] Caught: minecraft:cod  (Total: 439)
[13:26:59] [Render thread/INFO]: [System] [CHAT] Lap Time: 225:11
[13:27:12] [Render thread/INFO]: [System] [CHAT] Caught: minecraft:salmon  (Total: 194)
[13:27:12] [Render thread/INFO]: [System] [CHAT] Lap Time: 225:24
[13:27:24] [Render thread/INFO]: [System] [CHAT] Fish caught, but item not detected.
[13:27:42] [Render thread/INFO]: [System] [CHAT] Caught: minecraft:cod  (Total: 440)
[13:27:42] [Render thread/INFO]: [System] [CHAT] Lap Time: 225:54
[13:27:53] [Render thread/INFO]: [System] [CHAT] Caught: minecraft:salmon  (Total: 195)
[13:27:53] [Render thread/INFO]: [System] [CHAT] Lap Time: 226:05
[13:28:11] [Render thread/INFO]: [System] [CHAT] Caught: minecraft:pufferfish  (Total: 88)
[13:28:11] [Render thread/INFO]: [System] [CHAT] Lap Time: 226:23
[13:28:21] [Render thread/INFO]: [System] [CHAT] Caught: minecraft:salmon  (Total: 196)
[13:28:21] [Render thread/INFO]: [System] [CHAT] Lap Time: 226:33
[13:28:35] [Render thread/INFO]: [System] [CHAT] Caught: minecraft:pufferfish  (Total: 89)
[13:28:35] [Render thread/INFO]: [System] [CHAT] Lap Time: 226:47
[13:28:53] [Render thread/INFO]: [System] [CHAT] Caught: minecraft:pufferfish  (Total: 90)
[13:28:53] [Render thread/INFO]: [System] [CHAT] Lap Time: 227:05
[13:29:09] [Render thread/INFO]: [System] [CHAT] Caught: minecraft:pufferfish  (Total: 91)
[13:29:09] [Render thread/INFO]: [System] [CHAT] Lap Time: 227:21
[13:29:19] [Render thread/INFO]: [System] [CHAT] Fish caught, but item not detected.
[13:29:27] [Render thread/INFO]: [System] [CHAT] Caught: minecraft:salmon  (Total: 197)
[13:29:27] [Render thread/INFO]: [System] [CHAT] Lap Time: 227:39
[13:29:45] [Render thread/INFO]: [System] [CHAT] Caught: minecraft:cod  (Total: 441)
[13:29:45] [Render thread/INFO]: [System] [CHAT] Lap Time: 227:57
[13:30:07] [Render thread/INFO]: [System] [CHAT] Caught: minecraft:cod  (Total: 442)
[13:30:07] [Render thread/INFO]: [System] [CHAT] Lap Time: 228:20
[13:30:18] [Render thread/INFO]: [System] [CHAT] Caught: minecraft:cod  (Total: 443)
[13:30:18] [Render thread/INFO]: [System] [CHAT] Lap Time: 228:31
[13:30:35] [Render thread/INFO]: [System] [CHAT] Caught: minecraft:nautilus_shell  (Total: 21)
[13:30:35] [Render thread/INFO]: [System] [CHAT] Lap Time: 228:47
[13:30:54] [Render thread/INFO]: [System] [CHAT] Caught: minecraft:pufferfish  (Total: 92)
[13:30:55] [Render thread/INFO]: [System] [CHAT] Lap Time: 229:07
[13:31:02] [Render thread/INFO]: [System] [CHAT] Caught: minecraft:cod  (Total: 444)
[13:31:02] [Render thread/INFO]: [System] [CHAT] Lap Time: 229:15
[13:31:19] [Render thread/INFO]: [System] [CHAT] Caught: minecraft:cod  (Total: 445)
[13:31:19] [Render thread/INFO]: [System] [CHAT] Lap Time: 229:31
[13:31:36] [Render thread/INFO]: [System] [CHAT] Caught: minecraft:cod  (Total: 446)
[13:31:36] [Render thread/INFO]: [System] [CHAT] Lap Time: 229:48
[13:31:45] [Render thread/INFO]: [System] [CHAT] Caught: minecraft:cod  (Total: 447)
[13:31:45] [Render thread/INFO]: [System] [CHAT] Lap Time: 229:57
[13:32:02] [Render thread/INFO]: [System] [CHAT] Fish caught, but item not detected.
[13:32:20] [Render thread/INFO]: [System] [CHAT] Caught: minecraft:cod  (Total: 448)
[13:32:20] [Render thread/INFO]: [System] [CHAT] Lap Time: 230:32
[13:32:37] [Render thread/INFO]: [System] [CHAT] Caught: minecraft:salmon  (Total: 198)
[13:32:37] [Render thread/INFO]: [System] [CHAT] Lap Time: 230:49
[13:32:49] [Render thread/INFO]: [System] [CHAT] Caught: minecraft:lily_pad  (Total: 10)
[13:32:49] [Render thread/INFO]: [System] [CHAT] Lap Time: 231:01
[13:33:08] [Render thread/INFO]: [System] [CHAT] Caught: minecraft:salmon  (Total: 199)
[13:33:08] [Render thread/INFO]: [System] [CHAT] Lap Time: 231:21
[13:33:21] [Render thread/INFO]: [System] [CHAT] Caught: minecraft:salmon  (Total: 200)
[13:33:21] [Render thread/INFO]: [System] [CHAT] Lap Time: 231:33
[13:33:37] [Render thread/INFO]: [System] [CHAT] Caught: minecraft:cod  (Total: 449)
[13:33:37] [Render thread/INFO]: [System] [CHAT] Lap Time: 231:49
[13:33:59] [Render thread/INFO]: [System] [CHAT] Fish caught, but item not detected.
[13:34:20] [Render thread/INFO]: [System] [CHAT] Caught: minecraft:cod  (Total: 450)
[13:34:20] [Render thread/INFO]: [System] [CHAT] Lap Time: 232:32
[13:34:37] [Render thread/INFO]: [System] [CHAT] Fish caught, but item not detected.
[13:34:55] [Render thread/INFO]: [System] [CHAT] Caught: minecraft:pufferfish  (Total: 93)
[13:34:55] [Render thread/INFO]: [System] [CHAT] Lap Time: 233:07
[13:35:03] [Render thread/INFO]: [System] [CHAT] Caught: minecraft:cod  (Total: 451)
[13:35:03] [Render thread/INFO]: [System] [CHAT] Lap Time: 233:15
[13:35:12] [Render thread/INFO]: [System] [CHAT] Fish caught, but item not detected.
[13:35:20] [Render thread/INFO]: [System] [CHAT] Caught: minecraft:cod  (Total: 452)
[13:35:20] [Render thread/INFO]: [System] [CHAT] Lap Time: 233:32
[13:35:40] [Render thread/INFO]: [System] [CHAT] Caught: minecraft:cod  (Total: 453)
[13:35:40] [Render thread/INFO]: [System] [CHAT] Lap Time: 233:52
[13:35:52] [Render thread/INFO]: [System] [CHAT] Caught: minecraft:cod  (Total: 454)
[13:35:52] [Render thread/INFO]: [System] [CHAT] Lap Time: 234:04
[13:36:04] [Render thread/INFO]: [System] [CHAT] Caught: minecraft:cod  (Total: 455)
[13:36:04] [Render thread/INFO]: [System] [CHAT] Lap Time: 234:16
[13:36:15] [Render thread/INFO]: [System] [CHAT] Caught: minecraft:cod  (Total: 456)
[13:36:15] [Render thread/INFO]: [System] [CHAT] Lap Time: 234:27
[13:36:28] [Render thread/INFO]: [System] [CHAT] Caught: minecraft:cod  (Total: 457)
[13:36:28] [Render thread/INFO]: [System] [CHAT] Lap Time: 234:41
[13:36:36] [Render thread/INFO]: [System] [CHAT] Caught: minecraft:salmon  (Total: 201)
[13:36:36] [Render thread/INFO]: [System] [CHAT] Lap Time: 234:48
[13:36:54] [Render thread/INFO]: [System] [CHAT] Caught: minecraft:salmon  (Total: 202)
[13:36:54] [Render thread/INFO]: [System] [CHAT] Lap Time: 235:06
[13:37:12] [Render thread/INFO]: [System] [CHAT] Caught: minecraft:cod  (Total: 458)
[13:37:12] [Render thread/INFO]: [System] [CHAT] Lap Time: 235:24
[13:37:30] [Render thread/INFO]: [System] [CHAT] Fish caught, but item not detected.
[13:37:47] [Render thread/INFO]: [System] [CHAT] Caught: minecraft:pufferfish  (Total: 94)
[13:37:47] [Render thread/INFO]: [System] [CHAT] Lap Time: 235:59
[13:37:56] [Render thread/INFO]: [System] [CHAT] Fish caught, but item not detected.
[13:38:04] [Render thread/INFO]: [System] [CHAT] Caught: minecraft:cod  (Total: 459)
[13:38:04] [Render thread/INFO]: [System] [CHAT] Lap Time: 236:16
[13:38:22] [Render thread/INFO]: [System] [CHAT] Fish caught, but item not detected.
[13:38:32] [Render thread/INFO]: [System] [CHAT] Caught: minecraft:cod  (Total: 460)
[13:38:32] [Render thread/INFO]: [System] [CHAT] Lap Time: 236:44
[13:38:48] [Render thread/INFO]: [System] [CHAT] Caught: minecraft:cod  (Total: 461)
[13:38:48] [Render thread/INFO]: [System] [CHAT] Lap Time: 237:00
[13:38:56] [Render thread/INFO]: [System] [CHAT] Fish caught, but item not detected.
[13:39:06] [Render thread/INFO]: [System] [CHAT] Caught: minecraft:cod  (Total: 462)
[13:39:06] [Render thread/INFO]: [System] [CHAT] Lap Time: 237:18
[13:39:27] [Render thread/INFO]: [System] [CHAT] Caught: minecraft:cod  (Total: 463)
[13:39:27] [Render thread/INFO]: [System] [CHAT] Lap Time: 237:39
[13:39:41] [Render thread/INFO]: [System] [CHAT] Caught: minecraft:cod  (Total: 464)
[13:39:41] [Render thread/INFO]: [System] [CHAT] Lap Time: 237:53
[13:39:50] [Render thread/INFO]: [System] [CHAT] Fish caught, but item not detected.
[13:40:02] [Render thread/INFO]: [System] [CHAT] Caught: minecraft:salmon  (Total: 203)
[13:40:02] [Render thread/INFO]: [System] [CHAT] Lap Time: 238:14
[13:40:07] [Render thread/INFO]: [System] [CHAT] Caught: minecraft:salmon  (Total: 204)
[13:40:07] [Render thread/INFO]: [System] [CHAT] Lap Time: 238:19
[13:40:18] [Render thread/INFO]: [System] [CHAT] Caught: minecraft:salmon  (Total: 205)
[13:40:18] [Render thread/INFO]: [System] [CHAT] Lap Time: 238:31
[13:40:26] [Render thread/INFO]: [System] [CHAT] Caught: minecraft:pufferfish  (Total: 95)
[13:40:26] [Render thread/INFO]: [System] [CHAT] Lap Time: 238:38
[13:40:41] [Render thread/INFO]: [System] [CHAT] Caught: minecraft:salmon  (Total: 206)
[13:40:41] [Render thread/INFO]: [System] [CHAT] Lap Time: 238:53
[13:40:48] [Render thread/INFO]: [System] [CHAT] Caught: minecraft:cod  (Total: 465)
[13:40:48] [Render thread/INFO]: [System] [CHAT] Lap Time: 239:00
[13:41:04] [Render thread/INFO]: [System] [CHAT] Caught: minecraft:cod  (Total: 466)
[13:41:04] [Render thread/INFO]: [System] [CHAT] Lap Time: 239:17
[13:41:14] [Render thread/INFO]: [System] [CHAT] Caught: minecraft:salmon  (Total: 207)
[13:41:14] [Render thread/INFO]: [System] [CHAT] Lap Time: 239:26
[13:41:27] [Render thread/INFO]: [System] [CHAT] Caught: minecraft:salmon  (Total: 208)
[13:41:27] [Render thread/INFO]: [System] [CHAT] Lap Time: 239:39
[13:41:38] [Render thread/INFO]: [System] [CHAT] Caught: minecraft:cod  (Total: 467)
[13:41:38] [Render thread/INFO]: [System] [CHAT] Lap Time: 239:50
[13:41:53] [Render thread/INFO]: [System] [CHAT] Fish caught, but item not detected.
[13:42:09] [Render thread/INFO]: [System] [CHAT] Caught: minecraft:cod  (Total: 468)
[13:42:09] [Render thread/INFO]: [System] [CHAT] Lap Time: 240:21
[13:42:22] [Render thread/INFO]: [System] [CHAT] Caught: minecraft:cod  (Total: 469)
[13:42:22] [Render thread/INFO]: [System] [CHAT] Lap Time: 240:34
[13:42:43] [Render thread/INFO]: [System] [CHAT] Caught: minecraft:salmon  (Total: 209)
[13:42:43] [Render thread/INFO]: [System] [CHAT] Lap Time: 240:55
[13:42:55] [Render thread/INFO]: [System] [CHAT] Caught: minecraft:salmon  (Total: 210)
[13:42:55] [Render thread/INFO]: [System] [CHAT] Lap Time: 241:07
[13:43:14] [Render thread/INFO]: [System] [CHAT] Fish caught, but item not detected.
[13:43:35] [Render thread/INFO]: [System] [CHAT] Caught: minecraft:pufferfish  (Total: 96)
[13:43:35] [Render thread/INFO]: [System] [CHAT] Lap Time: 241:47
[13:43:57] [Render thread/INFO]: [System] [CHAT] Caught: minecraft:tropical_fish  (Total: 17)
[13:43:57] [Render thread/INFO]: [System] [CHAT] Lap Time: 242:09
[13:44:05] [Render thread/INFO]: [System] [CHAT] Caught: minecraft:pufferfish  (Total: 97)
[13:44:05] [Render thread/INFO]: [System] [CHAT] Lap Time: 242:18
[13:44:20] [Render thread/INFO]: [System] [CHAT] Fish caught, but item not detected.
[13:44:22] [Render thread/INFO]: [System] [CHAT] ----- Catch Summary -----
[13:44:22] [Render thread/INFO]: [System] [CHAT]  - minecraft:cod: 469 times
[13:44:22] [Render thread/INFO]: [System] [CHAT]  - minecraft:salmon: 210 times
[13:44:22] [Render thread/INFO]: [System] [CHAT]  - minecraft:pufferfish: 97 times
[13:44:22] [Render thread/INFO]: [System] [CHAT]  - minecraft:tropical_fish: 17 times
[13:44:22] [Render thread/INFO]: [System] [CHAT]  - minecraft:bow: 4 times
[13:44:22] [Render thread/INFO]: [System] [CHAT]  - minecraft:potion: 2 times
[13:44:22] [Render thread/INFO]: [System] [CHAT]  - minecraft:name_tag: 17 times
[13:44:22] [Render thread/INFO]: [System] [CHAT]  - minecraft:leather: 4 times
[13:44:22] [Render thread/INFO]: [System] [CHAT]  - minecraft:lily_pad: 10 times
[13:44:22] [Render thread/INFO]: [System] [CHAT]  - minecraft:saddle: 4 times
[13:44:22] [Render thread/INFO]: [System] [CHAT]  - minecraft:enchanted_book: 4 times
[13:44:22] [Render thread/INFO]: [System] [CHAT]  - minecraft:nautilus_shell: 21 times
[13:44:22] [Render thread/INFO]: [System] [CHAT]  - minecraft:rotten_flesh: 2 times
[13:44:22] [Render thread/INFO]: [System] [CHAT]  - minecraft:ink_sac: 1 times
[13:44:22] [Render thread/INFO]: [System] [CHAT]  - minecraft:tripwire_hook: 4 times
[13:44:22] [Render thread/INFO]: [System] [CHAT]  - minecraft:stick: 1 times
[13:44:22] [Render thread/INFO]: [System] [CHAT]  - minecraft:string: 1 times
[13:44:22] [Render thread/INFO]: [System] [CHAT]  - minecraft:bowl: 4 times
[13:44:22] [Render thread/INFO]: [System] [CHAT]  - minecraft:leather_boots: 3 times
[13:44:22] [Render thread/INFO]: [System] [CHAT]  - minecraft:bone: 1 times
[13:44:22] [Render thread/INFO]: [System] [CHAT] Elapsed Time: 242:34
[13:44:23] [Render thread/INFO]: [System] [CHAT] Screenshot saved: autofish_20250705_134423.png
[13:44:23] [Render thread/INFO]: [System] [CHAT] Summary saved to: summary_20250705_134423.txt
[13:44:25] [Render thread/INFO]: [System] [CHAT] Saved screenshot as autofish_20250705_134423.png
[13:44:25] [Render thread/INFO]: [System] [CHAT] Inventory cleared.
[13:44:25] [Render thread/INFO]: [System] [CHAT] Rod restored.
[13:44:26] [Server thread/INFO]: [sampleeeeeee: Removed 269 item(s) from player sampleeeeeee]
[13:44:26] [Server thread/INFO]: [sampleeeeeee: Replaced a slot on sampleeeeeee with [Fishing Rod]]
[13:44:26] [Server thread/INFO]: [sampleeeeeee: Applied enchantment Luck of the Sea III to sampleeeeeee's item]
[13:44:26] [Render thread/INFO]: [System] [CHAT] Removed 269 item(s) from player sampleeeeeee
[13:44:26] [Render thread/INFO]: [System] [CHAT] Replaced a slot on sampleeeeeee with [Fishing Rod]
[13:44:26] [Render thread/INFO]: [System] [CHAT] Applied enchantment Luck of the Sea III to sampleeeeeee's item
[13:44:26] [Server thread/INFO]: [sampleeeeeee: Applied enchantment Lure III to sampleeeeeee's item]
[13:44:26] [Server thread/INFO]: [sampleeeeeee: Applied enchantment Unbreaking III to sampleeeeeee's item]
[13:44:26] [Server thread/INFO]: [sampleeeeeee: Applied enchantment Mending to sampleeeeeee's item]
[13:44:26] [Render thread/INFO]: [System] [CHAT] Applied enchantment Lure III to sampleeeeeee's item
[13:44:26] [Render thread/INFO]: [System] [CHAT] Applied enchantment Unbreaking III to sampleeeeeee's item
[13:44:26] [Render thread/INFO]: [System] [CHAT] Applied enchantment Mending to sampleeeeeee's item
[13:44:42] [Render thread/INFO]: [System] [CHAT] Caught: minecraft:tripwire_hook  (Total: 5)
[13:44:42] [Render thread/INFO]: [System] [CHAT] Lap Time: 242:54
[13:44:59] [Render thread/INFO]: [System] [CHAT] Caught: minecraft:cod  (Total: 470)
[13:44:59] [Render thread/INFO]: [System] [CHAT] Lap Time: 243:11
[13:45:15] [Render thread/INFO]: [System] [CHAT] Caught: minecraft:cod  (Total: 471)
[13:45:15] [Render thread/INFO]: [System] [CHAT] Lap Time: 243:27
[13:45:34] [Render thread/INFO]: [System] [CHAT] Caught: minecraft:cod  (Total: 472)
[13:45:34] [Render thread/INFO]: [System] [CHAT] Lap Time: 243:47
[13:45:53] [Render thread/INFO]: [System] [CHAT] Caught: minecraft:salmon  (Total: 211)
[13:45:53] [Render thread/INFO]: [System] [CHAT] Lap Time: 244:06
[13:46:10] [Render thread/INFO]: [System] [CHAT] Caught: minecraft:cod  (Total: 473)
[13:46:10] [Render thread/INFO]: [System] [CHAT] Lap Time: 244:22
[13:46:30] [Render thread/INFO]: [System] [CHAT] Caught: minecraft:cod  (Total: 474)
[13:46:30] [Render thread/INFO]: [System] [CHAT] Lap Time: 244:42
[13:46:44] [Render thread/INFO]: [System] [CHAT] Caught: minecraft:tropical_fish  (Total: 18)
[13:46:44] [Render thread/INFO]: [System] [CHAT] Lap Time: 244:56
[13:46:51] [Render thread/INFO]: [System] [CHAT] Caught: minecraft:cod  (Total: 475)
[13:46:51] [Render thread/INFO]: [System] [CHAT] Lap Time: 245:03
[13:47:04] [Render thread/INFO]: [System] [CHAT] Caught: minecraft:cod  (Total: 476)
[13:47:04] [Render thread/INFO]: [System] [CHAT] Lap Time: 245:16
[13:47:21] [Render thread/INFO]: [System] [CHAT] Caught: minecraft:cod  (Total: 477)
[13:47:21] [Render thread/INFO]: [System] [CHAT] Lap Time: 245:33
[13:47:35] [Render thread/INFO]: [System] [CHAT] Caught: minecraft:cod  (Total: 478)
[13:47:35] [Render thread/INFO]: [System] [CHAT] Lap Time: 245:47
[13:47:44] [Render thread/INFO]: [System] [CHAT] Caught: minecraft:cod  (Total: 479)
[13:47:44] [Render thread/INFO]: [System] [CHAT] Lap Time: 245:57
[13:47:52] [Render thread/INFO]: [System] [CHAT] Caught: minecraft:cod  (Total: 480)
[13:47:52] [Render thread/INFO]: [System] [CHAT] Lap Time: 246:04
[13:47:57] [Render thread/INFO]: [System] [CHAT] Caught: minecraft:cod  (Total: 481)
[13:47:57] [Render thread/INFO]: [System] [CHAT] Lap Time: 246:10
[13:48:16] [Render thread/INFO]: [System] [CHAT] Caught: minecraft:cod  (Total: 482)
[13:48:16] [Render thread/INFO]: [System] [CHAT] Lap Time: 246:28
[13:48:36] [Render thread/INFO]: [System] [CHAT] Caught: minecraft:cod  (Total: 483)
[13:48:36] [Render thread/INFO]: [System] [CHAT] Lap Time: 246:48
[13:48:50] [Render thread/INFO]: [System] [CHAT] Caught: minecraft:nautilus_shell  (Total: 22)
[13:48:50] [Render thread/INFO]: [System] [CHAT] Lap Time: 247:02
[13:49:01] [Render thread/INFO]: [System] [CHAT] Caught: minecraft:salmon  (Total: 212)
[13:49:01] [Render thread/INFO]: [System] [CHAT] Lap Time: 247:13
[13:49:11] [Render thread/INFO]: [System] [CHAT] Caught: minecraft:pufferfish  (Total: 98)
[13:49:11] [Render thread/INFO]: [System] [CHAT] Lap Time: 247:24
[13:49:24] [Render thread/INFO]: [System] [CHAT] Caught: minecraft:salmon  (Total: 213)
[13:49:24] [Render thread/INFO]: [System] [CHAT] Lap Time: 247:36
[13:49:33] [Render thread/INFO]: [System] [CHAT] Caught: minecraft:cod  (Total: 484)
[13:49:33] [Render thread/INFO]: [System] [CHAT] Lap Time: 247:46
[13:49:49] [Render thread/INFO]: [System] [CHAT] Caught: minecraft:cod  (Total: 485)
[13:49:49] [Render thread/INFO]: [System] [CHAT] Lap Time: 248:02
[13:50:02] [Render thread/INFO]: [System] [CHAT] Caught: minecraft:saddle  (Total: 5)
[13:50:02] [Render thread/INFO]: [System] [CHAT] Lap Time: 248:14
[13:50:19] [Render thread/INFO]: [System] [CHAT] Caught: minecraft:tropical_fish  (Total: 19)
[13:50:19] [Render thread/INFO]: [System] [CHAT] Lap Time: 248:32
[13:50:35] [Render thread/INFO]: [System] [CHAT] Caught: minecraft:tropical_fish  (Total: 20)
[13:50:35] [Render thread/INFO]: [System] [CHAT] Lap Time: 248:47
[13:50:51] [Render thread/INFO]: [System] [CHAT] Fish caught, but item not detected.
[13:51:03] [Render thread/INFO]: [System] [CHAT] Caught: minecraft:cod  (Total: 486)
[13:51:03] [Render thread/INFO]: [System] [CHAT] Lap Time: 249:15
[13:51:18] [Render thread/INFO]: [System] [CHAT] Caught: minecraft:pufferfish  (Total: 99)
[13:51:18] [Render thread/INFO]: [System] [CHAT] Lap Time: 249:30
[13:51:25] [Render thread/INFO]: [System] [CHAT] Caught: minecraft:cod  (Total: 487)
[13:51:25] [Render thread/INFO]: [System] [CHAT] Lap Time: 249:37
[13:51:36] [Render thread/INFO]: [System] [CHAT] Caught: minecraft:bow  (Total: 5)
[13:51:36] [Render thread/INFO]: [System] [CHAT] Lap Time: 249:48
[13:51:41] [Render thread/INFO]: [System] [CHAT] Caught: minecraft:salmon  (Total: 214)
[13:51:41] [Render thread/INFO]: [System] [CHAT] Lap Time: 249:53
[13:51:57] [Render thread/INFO]: [System] [CHAT] Caught: minecraft:cod  (Total: 488)
[13:51:57] [Render thread/INFO]: [System] [CHAT] Lap Time: 250:09
[13:52:11] [Render thread/INFO]: [System] [CHAT] Fish caught, but item not detected.
[13:52:25] [Render thread/INFO]: [System] [CHAT] Fish caught, but item not detected.
[13:52:35] [Render thread/INFO]: [System] [CHAT] Fish caught, but item not detected.
[13:52:52] [Render thread/INFO]: [System] [CHAT] Caught: minecraft:cod  (Total: 489)
[13:52:52] [Render thread/INFO]: [System] [CHAT] Lap Time: 251:04
[13:53:00] [Render thread/INFO]: [System] [CHAT] Caught: minecraft:cod  (Total: 490)
[13:53:00] [Render thread/INFO]: [System] [CHAT] Lap Time: 251:12
[13:53:11] [Render thread/INFO]: [System] [CHAT] Caught: minecraft:cod  (Total: 491)
[13:53:11] [Render thread/INFO]: [System] [CHAT] Lap Time: 251:24
[13:53:28] [Render thread/INFO]: [System] [CHAT] Caught: minecraft:pufferfish  (Total: 100)
[13:53:28] [Render thread/INFO]: [System] [CHAT] Lap Time: 251:40
[13:53:44] [Render thread/INFO]: [System] [CHAT] Caught: minecraft:cod  (Total: 492)
[13:53:44] [Render thread/INFO]: [System] [CHAT] Lap Time: 251:56
[13:54:02] [Render thread/INFO]: [System] [CHAT] Caught: minecraft:cod  (Total: 493)
[13:54:02] [Render thread/INFO]: [System] [CHAT] Lap Time: 252:15
[13:54:16] [Render thread/INFO]: [System] [CHAT] Caught: minecraft:cod  (Total: 494)
[13:54:16] [Render thread/INFO]: [System] [CHAT] Lap Time: 252:28
[13:54:32] [Render thread/INFO]: [System] [CHAT] Caught: minecraft:pufferfish  (Total: 101)
[13:54:32] [Render thread/INFO]: [System] [CHAT] Lap Time: 252:44
[13:54:46] [Render thread/INFO]: [System] [CHAT] Caught: minecraft:cod  (Total: 495)
[13:54:46] [Render thread/INFO]: [System] [CHAT] Lap Time: 252:59
[13:54:59] [Render thread/INFO]: [System] [CHAT] Caught: minecraft:pufferfish  (Total: 102)
[13:54:59] [Render thread/INFO]: [System] [CHAT] Lap Time: 253:11
[13:55:15] [Render thread/INFO]: [System] [CHAT] Caught: minecraft:salmon  (Total: 215)
[13:55:15] [Render thread/INFO]: [System] [CHAT] Lap Time: 253:28
[13:55:26] [Render thread/INFO]: [System] [CHAT] Caught: minecraft:pufferfish  (Total: 103)
[13:55:26] [Render thread/INFO]: [System] [CHAT] Lap Time: 253:38
[13:55:38] [Render thread/INFO]: [System] [CHAT] Caught: minecraft:tropical_fish  (Total: 21)
[13:55:38] [Render thread/INFO]: [System] [CHAT] Lap Time: 253:51
[13:55:50] [Render thread/INFO]: [System] [CHAT] Caught: minecraft:cod  (Total: 496)
[13:55:50] [Render thread/INFO]: [System] [CHAT] Lap Time: 254:02
[13:55:58] [Render thread/INFO]: [System] [CHAT] Fish caught, but item not detected.
[13:56:11] [Render thread/INFO]: [System] [CHAT] Caught: minecraft:salmon  (Total: 216)
[13:56:11] [Render thread/INFO]: [System] [CHAT] Lap Time: 254:23
[13:56:26] [Render thread/INFO]: [System] [CHAT] Caught: minecraft:cod  (Total: 497)
[13:56:26] [Render thread/INFO]: [System] [CHAT] Lap Time: 254:39
[13:56:36] [Render thread/INFO]: [System] [CHAT] Fish caught, but item not detected.
[13:56:43] [Render thread/INFO]: [System] [CHAT] Caught: minecraft:cod  (Total: 498)
[13:56:43] [Render thread/INFO]: [System] [CHAT] Lap Time: 254:55
[13:56:57] [Render thread/INFO]: [System] [CHAT] Caught: minecraft:cod  (Total: 499)
[13:56:57] [Render thread/INFO]: [System] [CHAT] Lap Time: 255:09
[13:57:12] [Render thread/INFO]: [System] [CHAT] Caught: minecraft:cod  (Total: 500)
[13:57:12] [Render thread/INFO]: [System] [CHAT] Lap Time: 255:25
[13:57:25] [Render thread/INFO]: [System] [CHAT] Caught: minecraft:cod  (Total: 501)
[13:57:25] [Render thread/INFO]: [System] [CHAT] Lap Time: 255:37
[13:57:31] [Render thread/INFO]: [System] [CHAT] Caught: minecraft:cod  (Total: 502)
[13:57:31] [Render thread/INFO]: [System] [CHAT] Lap Time: 255:43
[13:57:46] [Render thread/INFO]: [System] [CHAT] Caught: minecraft:salmon  (Total: 217)
[13:57:46] [Render thread/INFO]: [System] [CHAT] Lap Time: 255:58
[13:58:00] [Render thread/INFO]: [System] [CHAT] Caught: minecraft:cod  (Total: 503)
[13:58:00] [Render thread/INFO]: [System] [CHAT] Lap Time: 256:12
[13:58:06] [Render thread/INFO]: [System] [CHAT] Caught: minecraft:salmon  (Total: 218)
[13:58:06] [Render thread/INFO]: [System] [CHAT] Lap Time: 256:19
[13:58:17] [Render thread/INFO]: [System] [CHAT] Caught: minecraft:cod  (Total: 504)
[13:58:17] [Render thread/INFO]: [System] [CHAT] Lap Time: 256:30
[13:58:24] [Render thread/INFO]: [System] [CHAT] Caught: minecraft:cod  (Total: 505)
[13:58:24] [Render thread/INFO]: [System] [CHAT] Lap Time: 256:36
[13:58:35] [Render thread/INFO]: [System] [CHAT] Caught: minecraft:enchanted_book  (Total: 5)
[13:58:35] [Render thread/INFO]: [System] [CHAT] Lap Time: 256:47
[13:58:45] [Render thread/INFO]: [System] [CHAT] Caught: minecraft:cod  (Total: 506)
[13:58:45] [Render thread/INFO]: [System] [CHAT] Lap Time: 256:57
[13:58:51] [Render thread/INFO]: [System] [CHAT] Caught: minecraft:cod  (Total: 507)
[13:58:51] [Render thread/INFO]: [System] [CHAT] Lap Time: 257:03
[13:59:07] [Render thread/INFO]: [System] [CHAT] Caught: minecraft:salmon  (Total: 219)
[13:59:07] [Render thread/INFO]: [System] [CHAT] Lap Time: 257:19
[13:59:23] [Render thread/INFO]: [System] [CHAT] Fish caught, but item not detected.
[13:59:29] [Render thread/INFO]: [System] [CHAT] Caught: minecraft:cod  (Total: 508)
[13:59:29] [Render thread/INFO]: [System] [CHAT] Lap Time: 257:41
[13:59:35] [Render thread/INFO]: [System] [CHAT] Caught: minecraft:cod  (Total: 509)
[13:59:35] [Render thread/INFO]: [System] [CHAT] Lap Time: 257:48
[13:59:43] [Render thread/INFO]: [System] [CHAT] Caught: minecraft:cod  (Total: 510)
[13:59:43] [Render thread/INFO]: [System] [CHAT] Lap Time: 257:55
[14:00:00] [Render thread/INFO]: [System] [CHAT] Caught: minecraft:cod  (Total: 511)
[14:00:00] [Render thread/INFO]: [System] [CHAT] Lap Time: 258:12
[14:00:16] [Render thread/INFO]: [System] [CHAT] Fish caught, but item not detected.
[14:00:30] [Render thread/INFO]: [System] [CHAT] Caught: minecraft:salmon  (Total: 220)
[14:00:30] [Render thread/INFO]: [System] [CHAT] Lap Time: 258:42
[14:00:46] [Render thread/INFO]: [System] [CHAT] Caught: minecraft:cod  (Total: 512)
[14:00:46] [Render thread/INFO]: [System] [CHAT] Lap Time: 258:58
[14:01:01] [Render thread/INFO]: [System] [CHAT] Fish caught, but item not detected.
[14:01:14] [Render thread/INFO]: [System] [CHAT] Caught: minecraft:cod  (Total: 513)
[14:01:14] [Render thread/INFO]: [System] [CHAT] Lap Time: 259:26
[14:01:21] [Render thread/INFO]: [System] [CHAT] Caught: minecraft:cod  (Total: 514)
[14:01:21] [Render thread/INFO]: [System] [CHAT] Lap Time: 259:33
[14:01:33] [Render thread/INFO]: [System] [CHAT] Caught: minecraft:nautilus_shell  (Total: 23)
[14:01:33] [Render thread/INFO]: [System] [CHAT] Lap Time: 259:45
[14:01:47] [Render thread/INFO]: [System] [CHAT] Caught: minecraft:cod  (Total: 515)
[14:01:47] [Render thread/INFO]: [System] [CHAT] Lap Time: 259:59
[14:01:54] [Render thread/INFO]: [System] [CHAT] Caught: minecraft:cod  (Total: 516)
[14:01:54] [Render thread/INFO]: [System] [CHAT] Lap Time: 260:06
[14:02:07] [Render thread/INFO]: [System] [CHAT] Caught: minecraft:salmon  (Total: 221)
[14:02:07] [Render thread/INFO]: [System] [CHAT] Lap Time: 260:20
[14:02:18] [Render thread/INFO]: [System] [CHAT] Caught: minecraft:name_tag  (Total: 18)
[14:02:18] [Render thread/INFO]: [System] [CHAT] Lap Time: 260:30
[14:02:29] [Render thread/INFO]: [System] [CHAT] Caught: minecraft:salmon  (Total: 222)
[14:02:29] [Render thread/INFO]: [System] [CHAT] Lap Time: 260:41
[14:02:35] [Render thread/INFO]: [System] [CHAT] Caught: minecraft:cod  (Total: 517)
[14:02:35] [Render thread/INFO]: [System] [CHAT] Lap Time: 260:48
[14:02:51] [Render thread/INFO]: [System] [CHAT] Caught: minecraft:bone  (Total: 2)
[14:02:51] [Render thread/INFO]: [System] [CHAT] Lap Time: 261:03
[14:02:59] [Render thread/INFO]: [System] [CHAT] Caught: minecraft:pufferfish  (Total: 104)
[14:02:59] [Render thread/INFO]: [System] [CHAT] Lap Time: 261:11
[14:03:13] [Render thread/INFO]: [System] [CHAT] Fish caught, but item not detected.
[14:03:24] [Render thread/INFO]: [System] [CHAT] Caught: minecraft:pufferfish  (Total: 105)
[14:03:24] [Render thread/INFO]: [System] [CHAT] Lap Time: 261:37
[14:03:41] [Render thread/INFO]: [System] [CHAT] Caught: minecraft:cod  (Total: 518)
[14:03:41] [Render thread/INFO]: [System] [CHAT] Lap Time: 261:53
[14:03:58] [Render thread/INFO]: [System] [CHAT] Fish caught, but item not detected.
[14:04:08] [Render thread/INFO]: [System] [CHAT] Caught: minecraft:salmon  (Total: 223)
[14:04:08] [Render thread/INFO]: [System] [CHAT] Lap Time: 262:21
[14:04:15] [Render thread/INFO]: [System] [CHAT] Caught: minecraft:salmon  (Total: 224)
[14:04:15] [Render thread/INFO]: [System] [CHAT] Lap Time: 262:28
[14:04:23] [Render thread/INFO]: [System] [CHAT] Caught: minecraft:salmon  (Total: 225)
[14:04:23] [Render thread/INFO]: [System] [CHAT] Lap Time: 262:36
[14:04:40] [Render thread/INFO]: [System] [CHAT] Caught: minecraft:salmon  (Total: 226)
[14:04:40] [Render thread/INFO]: [System] [CHAT] Lap Time: 262:52
[14:04:50] [Render thread/INFO]: [System] [CHAT] Caught: minecraft:cod  (Total: 519)
[14:04:50] [Render thread/INFO]: [System] [CHAT] Lap Time: 263:02
[14:05:07] [Render thread/INFO]: [System] [CHAT] Caught: minecraft:cod  (Total: 520)
[14:05:07] [Render thread/INFO]: [System] [CHAT] Lap Time: 263:19
[14:05:22] [Render thread/INFO]: [System] [CHAT] Caught: minecraft:cod  (Total: 521)
[14:05:22] [Render thread/INFO]: [System] [CHAT] Lap Time: 263:34
[14:05:31] [Render thread/INFO]: [System] [CHAT] Caught: minecraft:cod  (Total: 522)
[14:05:31] [Render thread/INFO]: [System] [CHAT] Lap Time: 263:43
[14:05:39] [Render thread/INFO]: [System] [CHAT] Caught: minecraft:salmon  (Total: 227)
[14:05:39] [Render thread/INFO]: [System] [CHAT] Lap Time: 263:51
[14:05:54] [Render thread/INFO]: [System] [CHAT] Caught: minecraft:cod  (Total: 523)
[14:05:54] [Render thread/INFO]: [System] [CHAT] Lap Time: 264:06
[14:06:10] [Render thread/INFO]: [System] [CHAT] Caught: minecraft:cod  (Total: 524)
[14:06:10] [Render thread/INFO]: [System] [CHAT] Lap Time: 264:22
[14:06:27] [Render thread/INFO]: [System] [CHAT] Fish caught, but item not detected.
[14:06:34] [Render thread/INFO]: [System] [CHAT] Caught: minecraft:cod  (Total: 525)
[14:06:34] [Render thread/INFO]: [System] [CHAT] Lap Time: 264:46
[14:06:47] [Render thread/INFO]: [System] [CHAT] Caught: minecraft:cod  (Total: 526)
[14:06:47] [Render thread/INFO]: [System] [CHAT] Lap Time: 264:59
[14:07:00] [Render thread/INFO]: [System] [CHAT] Fish caught, but item not detected.
[14:07:11] [Render thread/INFO]: [System] [CHAT] Fish caught, but item not detected.
[14:07:17] [Render thread/INFO]: [System] [CHAT] Caught: minecraft:salmon  (Total: 228)
[14:07:17] [Render thread/INFO]: [System] [CHAT] Lap Time: 265:29
[14:07:25] [Render thread/INFO]: [System] [CHAT] Caught: minecraft:nautilus_shell  (Total: 24)
[14:07:25] [Render thread/INFO]: [System] [CHAT] Lap Time: 265:38
[14:07:45] [Render thread/INFO]: [System] [CHAT] Caught: minecraft:cod  (Total: 527)
[14:07:45] [Render thread/INFO]: [System] [CHAT] Lap Time: 265:57
[14:08:02] [Render thread/INFO]: [System] [CHAT] Fish caught, but item not detected.
[14:08:15] [Render thread/INFO]: [System] [CHAT] Caught: minecraft:salmon  (Total: 229)
[14:08:15] [Render thread/INFO]: [System] [CHAT] Lap Time: 266:28
[14:08:22] [Render thread/INFO]: [System] [CHAT] Caught: minecraft:cod  (Total: 528)
[14:08:22] [Render thread/INFO]: [System] [CHAT] Lap Time: 266:34
[14:08:33] [Render thread/INFO]: [System] [CHAT] Fish caught, but item not detected.
[14:08:51] [Render thread/INFO]: [System] [CHAT] Fish caught, but item not detected.
[14:09:01] [Render thread/INFO]: [System] [CHAT] Fish caught, but item not detected.
[14:09:17] [Render thread/INFO]: [System] [CHAT] Caught: minecraft:cod  (Total: 529)
[14:09:17] [Render thread/INFO]: [System] [CHAT] Lap Time: 267:29
[14:09:32] [Render thread/INFO]: [System] [CHAT] Caught: minecraft:cod  (Total: 530)
[14:09:32] [Render thread/INFO]: [System] [CHAT] Lap Time: 267:44
[14:09:51] [Render thread/INFO]: [System] [CHAT] Caught: minecraft:salmon  (Total: 230)
[14:09:51] [Render thread/INFO]: [System] [CHAT] Lap Time: 268:04
[14:10:11] [Render thread/INFO]: [System] [CHAT] Caught: minecraft:lily_pad  (Total: 11)
[14:10:11] [Render thread/INFO]: [System] [CHAT] Lap Time: 268:24
[14:10:27] [Render thread/INFO]: [System] [CHAT] Caught: minecraft:nautilus_shell  (Total: 25)
[14:10:27] [Render thread/INFO]: [System] [CHAT] Lap Time: 268:39
[14:10:37] [Render thread/INFO]: [System] [CHAT] Caught: minecraft:pufferfish  (Total: 106)
[14:10:37] [Render thread/INFO]: [System] [CHAT] Lap Time: 268:50
[14:10:58] [Render thread/INFO]: [System] [CHAT] Fish caught, but item not detected.
[14:11:10] [Render thread/INFO]: [System] [CHAT] Fish caught, but item not detected.
[14:11:17] [Render thread/INFO]: [System] [CHAT] Fish caught, but item not detected.
[14:11:34] [Render thread/INFO]: [System] [CHAT] Caught: minecraft:cod  (Total: 531)
[14:11:34] [Render thread/INFO]: [System] [CHAT] Lap Time: 269:46
[14:11:43] [Render thread/INFO]: [System] [CHAT] Caught: minecraft:pufferfish  (Total: 107)
[14:11:43] [Render thread/INFO]: [System] [CHAT] Lap Time: 269:55
[14:11:51] [Render thread/INFO]: [System] [CHAT] Caught: minecraft:cod  (Total: 532)
[14:11:51] [Render thread/INFO]: [System] [CHAT] Lap Time: 270:04
[14:12:07] [Render thread/INFO]: [System] [CHAT] Fish caught, but item not detected.
[14:12:26] [Render thread/INFO]: [System] [CHAT] Caught: minecraft:pufferfish  (Total: 108)
[14:12:26] [Render thread/INFO]: [System] [CHAT] Lap Time: 270:38
[14:12:47] [Render thread/INFO]: [System] [CHAT] Caught: minecraft:cod  (Total: 533)
[14:12:47] [Render thread/INFO]: [System] [CHAT] Lap Time: 270:59
[14:13:00] [Render thread/INFO]: [System] [CHAT] Caught: minecraft:name_tag  (Total: 19)
[14:13:00] [Render thread/INFO]: [System] [CHAT] Lap Time: 271:13
[14:13:21] [Render thread/INFO]: [System] [CHAT] Fish caught, but item not detected.
[14:13:41] [Render thread/INFO]: [System] [CHAT] Caught: minecraft:cod  (Total: 534)
[14:13:41] [Render thread/INFO]: [System] [CHAT] Lap Time: 271:54
[14:14:00] [Render thread/INFO]: [System] [CHAT] Caught: minecraft:bowl  (Total: 5)
[14:14:00] [Render thread/INFO]: [System] [CHAT] Lap Time: 272:12
[14:14:17] [Render thread/INFO]: [System] [CHAT] Caught: minecraft:salmon  (Total: 231)
[14:14:17] [Render thread/INFO]: [System] [CHAT] Lap Time: 272:29
[14:14:31] [Render thread/INFO]: [System] [CHAT] Caught: minecraft:cod  (Total: 535)
[14:14:31] [Render thread/INFO]: [System] [CHAT] Lap Time: 272:43
[14:14:50] [Render thread/INFO]: [System] [CHAT] Caught: minecraft:salmon  (Total: 232)
[14:14:50] [Render thread/INFO]: [System] [CHAT] Lap Time: 273:02
[14:15:11] [Render thread/INFO]: [System] [CHAT] Caught: minecraft:nautilus_shell  (Total: 26)
[14:15:11] [Render thread/INFO]: [System] [CHAT] Lap Time: 273:23
[14:15:24] [Render thread/INFO]: [System] [CHAT] Fish caught, but item not detected.
[14:15:37] [Render thread/INFO]: [System] [CHAT] Caught: minecraft:cod  (Total: 536)
[14:15:37] [Render thread/INFO]: [System] [CHAT] Lap Time: 273:50
[14:15:52] [Render thread/INFO]: [System] [CHAT] Caught: minecraft:cod  (Total: 537)
[14:15:52] [Render thread/INFO]: [System] [CHAT] Lap Time: 274:05
[14:16:07] [Render thread/INFO]: [System] [CHAT] Caught: minecraft:salmon  (Total: 233)
[14:16:07] [Render thread/INFO]: [System] [CHAT] Lap Time: 274:19
[14:16:22] [Render thread/INFO]: [System] [CHAT] Caught: minecraft:pufferfish  (Total: 109)
[14:16:22] [Render thread/INFO]: [System] [CHAT] Lap Time: 274:34
[14:16:31] [Render thread/INFO]: [System] [CHAT] Caught: minecraft:cod  (Total: 538)
[14:16:31] [Render thread/INFO]: [System] [CHAT] Lap Time: 274:43
[14:16:41] [Render thread/INFO]: [System] [CHAT] Fish caught, but item not detected.
[14:17:03] [Render thread/INFO]: [System] [CHAT] Fish caught, but item not detected.
[14:17:14] [Render thread/INFO]: [System] [CHAT] Caught: minecraft:stick  (Total: 2)
[14:17:14] [Render thread/INFO]: [System] [CHAT] Lap Time: 275:26
[14:17:30] [Render thread/INFO]: [System] [CHAT] Caught: minecraft:cod  (Total: 539)
[14:17:30] [Render thread/INFO]: [System] [CHAT] Lap Time: 275:42
[14:17:43] [Render thread/INFO]: [System] [CHAT] Caught: minecraft:cod  (Total: 540)
[14:17:43] [Render thread/INFO]: [System] [CHAT] Lap Time: 275:55
[14:18:01] [Render thread/INFO]: [System] [CHAT] Caught: minecraft:cod  (Total: 541)
[14:18:01] [Render thread/INFO]: [System] [CHAT] Lap Time: 276:13
[14:18:20] [Render thread/INFO]: [System] [CHAT] Fish caught, but item not detected.
[14:18:31] [Render thread/INFO]: [System] [CHAT] Caught: minecraft:cod  (Total: 542)
[14:18:31] [Render thread/INFO]: [System] [CHAT] Lap Time: 276:43
[14:18:51] [Render thread/INFO]: [System] [CHAT] Caught: minecraft:cod  (Total: 543)
[14:18:51] [Render thread/INFO]: [System] [CHAT] Lap Time: 277:04
[14:19:10] [Render thread/INFO]: [System] [CHAT] Caught: minecraft:cod  (Total: 544)
[14:19:10] [Render thread/INFO]: [System] [CHAT] Lap Time: 277:22
[14:19:19] [Render thread/INFO]: [System] [CHAT] Caught: minecraft:salmon  (Total: 234)
[14:19:19] [Render thread/INFO]: [System] [CHAT] Lap Time: 277:31
[14:19:26] [Render thread/INFO]: [System] [CHAT] Caught: minecraft:cod  (Total: 545)
[14:19:26] [Render thread/INFO]: [System] [CHAT] Lap Time: 277:38
[14:19:38] [Render thread/INFO]: [System] [CHAT] Caught: minecraft:salmon  (Total: 235)
[14:19:38] [Render thread/INFO]: [System] [CHAT] Lap Time: 277:50
[14:19:56] [Render thread/INFO]: [System] [CHAT] Caught: minecraft:cod  (Total: 546)
[14:19:56] [Render thread/INFO]: [System] [CHAT] Lap Time: 278:08
[14:20:11] [Render thread/INFO]: [System] [CHAT] Caught: minecraft:salmon  (Total: 236)
[14:20:11] [Render thread/INFO]: [System] [CHAT] Lap Time: 278:24
[14:20:28] [Render thread/INFO]: [System] [CHAT] Fish caught, but item not detected.
[14:20:41] [Render thread/INFO]: [System] [CHAT] Caught: minecraft:salmon  (Total: 237)
[14:20:41] [Render thread/INFO]: [System] [CHAT] Lap Time: 278:53
[14:20:49] [Render thread/INFO]: [System] [CHAT] Caught: minecraft:bowl  (Total: 6)
[14:20:49] [Render thread/INFO]: [System] [CHAT] Lap Time: 279:01
[14:20:59] [Render thread/INFO]: [System] [CHAT] Caught: minecraft:cod  (Total: 547)
[14:20:59] [Render thread/INFO]: [System] [CHAT] Lap Time: 279:11
[14:21:09] [Render thread/INFO]: [System] [CHAT] Caught: minecraft:cod  (Total: 548)
[14:21:09] [Render thread/INFO]: [System] [CHAT] Lap Time: 279:21
[14:21:19] [Render thread/INFO]: [System] [CHAT] Fish caught, but item not detected.
[14:21:39] [Render thread/INFO]: [System] [CHAT] Fish caught, but item not detected.
[14:21:47] [Render thread/INFO]: [System] [CHAT] Caught: minecraft:cod  (Total: 549)
[14:21:47] [Render thread/INFO]: [System] [CHAT] Lap Time: 279:59
[14:21:58] [Render thread/INFO]: [System] [CHAT] Caught: minecraft:rotten_flesh  (Total: 3)
[14:21:58] [Render thread/INFO]: [System] [CHAT] Lap Time: 280:10
[14:22:16] [Render thread/INFO]: [System] [CHAT] Fish caught, but item not detected.
[14:22:36] [Render thread/INFO]: [System] [CHAT] Caught: minecraft:cod  (Total: 550)
[14:22:36] [Render thread/INFO]: [System] [CHAT] Lap Time: 280:48
[14:22:56] [Render thread/INFO]: [System] [CHAT] Caught: minecraft:salmon  (Total: 238)
[14:22:56] [Render thread/INFO]: [System] [CHAT] Lap Time: 281:09
[14:23:12] [Render thread/INFO]: [System] [CHAT] Caught: minecraft:nautilus_shell  (Total: 27)
[14:23:12] [Render thread/INFO]: [System] [CHAT] Lap Time: 281:25
[14:23:31] [Render thread/INFO]: [System] [CHAT] Caught: minecraft:salmon  (Total: 239)
[14:23:31] [Render thread/INFO]: [System] [CHAT] Lap Time: 281:43
[14:23:47] [Render thread/INFO]: [System] [CHAT] Fish caught, but item not detected.
[14:24:00] [Render thread/INFO]: [System] [CHAT] Caught: minecraft:pufferfish  (Total: 110)
[14:24:00] [Render thread/INFO]: [System] [CHAT] Lap Time: 282:12
[14:24:09] [Render thread/INFO]: [System] [CHAT] Caught: minecraft:rotten_flesh  (Total: 4)
[14:24:09] [Render thread/INFO]: [System] [CHAT] Lap Time: 282:21
[14:24:25] [Render thread/INFO]: [System] [CHAT] Fish caught, but item not detected.
[14:24:40] [Render thread/INFO]: [System] [CHAT] Caught: minecraft:rotten_flesh  (Total: 5)
[14:24:40] [Render thread/INFO]: [System] [CHAT] Lap Time: 282:52
[14:24:55] [Render thread/INFO]: [System] [CHAT] Caught: minecraft:pufferfish  (Total: 111)
[14:24:55] [Render thread/INFO]: [System] [CHAT] Lap Time: 283:07
[14:25:09] [Render thread/INFO]: [System] [CHAT] Fish caught, but item not detected.
[14:25:23] [Render thread/INFO]: [System] [CHAT] Fish caught, but item not detected.
[14:25:30] [Render thread/INFO]: [System] [CHAT] Fish caught, but item not detected.
[14:25:46] [Render thread/INFO]: [System] [CHAT] Caught: minecraft:pufferfish  (Total: 112)
[14:25:46] [Render thread/INFO]: [System] [CHAT] Lap Time: 283:58
[14:25:58] [Render thread/INFO]: [System] [CHAT] Caught: minecraft:pufferfish  (Total: 113)
[14:25:58] [Render thread/INFO]: [System] [CHAT] Lap Time: 284:11
[14:26:12] [Render thread/INFO]: [System] [CHAT] Caught: minecraft:salmon  (Total: 240)
[14:26:12] [Render thread/INFO]: [System] [CHAT] Lap Time: 284:24
[14:26:30] [Render thread/INFO]: [System] [CHAT] Caught: minecraft:salmon  (Total: 241)
[14:26:30] [Render thread/INFO]: [System] [CHAT] Lap Time: 284:42
[14:26:48] [Render thread/INFO]: [System] [CHAT] Caught: minecraft:pufferfish  (Total: 114)
[14:26:48] [Render thread/INFO]: [System] [CHAT] Lap Time: 285:00
[14:27:09] [Render thread/INFO]: [System] [CHAT] Fish caught, but item not detected.
[14:27:20] [Render thread/INFO]: [System] [CHAT] Caught: minecraft:salmon  (Total: 242)
[14:27:20] [Render thread/INFO]: [System] [CHAT] Lap Time: 285:32
[14:27:28] [Render thread/INFO]: [System] [CHAT] Caught: minecraft:salmon  (Total: 243)
[14:27:28] [Render thread/INFO]: [System] [CHAT] Lap Time: 285:40
[14:27:42] [Render thread/INFO]: [System] [CHAT] Caught: minecraft:pufferfish  (Total: 115)
[14:27:42] [Render thread/INFO]: [System] [CHAT] Lap Time: 285:55
[14:27:55] [Render thread/INFO]: [System] [CHAT] Caught: minecraft:cod  (Total: 551)
[14:27:55] [Render thread/INFO]: [System] [CHAT] Lap Time: 286:07
[14:28:01] [Render thread/INFO]: [System] [CHAT] Caught: minecraft:pufferfish  (Total: 116)
[14:28:01] [Render thread/INFO]: [System] [CHAT] Lap Time: 286:14
[14:28:11] [Render thread/INFO]: [System] [CHAT] Caught: minecraft:name_tag  (Total: 20)
[14:28:11] [Render thread/INFO]: [System] [CHAT] Lap Time: 286:23
[14:28:19] [Render thread/INFO]: [System] [CHAT] Fish caught, but item not detected.
[14:28:38] [Render thread/INFO]: [System] [CHAT] Caught: minecraft:cod  (Total: 552)
[14:28:38] [Render thread/INFO]: [System] [CHAT] Lap Time: 286:50
[14:28:52] [Render thread/INFO]: [System] [CHAT] Caught: minecraft:cod  (Total: 553)
[14:28:52] [Render thread/INFO]: [System] [CHAT] Lap Time: 287:04
[14:29:04] [Render thread/INFO]: [System] [CHAT] Caught: minecraft:cod  (Total: 554)
[14:29:04] [Render thread/INFO]: [System] [CHAT] Lap Time: 287:16
[14:29:22] [Render thread/INFO]: [System] [CHAT] Caught: minecraft:cod  (Total: 555)
[14:29:22] [Render thread/INFO]: [System] [CHAT] Lap Time: 287:34
[14:29:33] [Render thread/INFO]: [System] [CHAT] Caught: minecraft:cod  (Total: 556)
[14:29:33] [Render thread/INFO]: [System] [CHAT] Lap Time: 287:46
[14:29:40] [Render thread/INFO]: [System] [CHAT] Caught: minecraft:cod  (Total: 557)
[14:29:40] [Render thread/INFO]: [System] [CHAT] Lap Time: 287:53
[14:29:56] [Render thread/INFO]: [System] [CHAT] Caught: minecraft:cod  (Total: 558)
[14:29:56] [Render thread/INFO]: [System] [CHAT] Lap Time: 288:08
[14:30:16] [Render thread/INFO]: [System] [CHAT] Caught: minecraft:tropical_fish  (Total: 22)
[14:30:16] [Render thread/INFO]: [System] [CHAT] Lap Time: 288:28
[14:30:31] [Render thread/INFO]: [System] [CHAT] Caught: minecraft:cod  (Total: 559)
[14:30:31] [Render thread/INFO]: [System] [CHAT] Lap Time: 288:43
[14:30:44] [Render thread/INFO]: [System] [CHAT] Caught: minecraft:salmon  (Total: 244)
[14:30:44] [Render thread/INFO]: [System] [CHAT] Lap Time: 288:56
[14:31:03] [Render thread/INFO]: [System] [CHAT] Caught: minecraft:cod  (Total: 560)
[14:31:03] [Render thread/INFO]: [System] [CHAT] Lap Time: 289:15
[14:31:20] [Render thread/INFO]: [System] [CHAT] Fish caught, but item not detected.
[14:31:37] [Render thread/INFO]: [System] [CHAT] Caught: minecraft:cod  (Total: 561)
[14:31:37] [Render thread/INFO]: [System] [CHAT] Lap Time: 289:49
[14:31:47] [Render thread/INFO]: [System] [CHAT] Fish caught, but item not detected.
[14:32:01] [Render thread/INFO]: [System] [CHAT] Caught: minecraft:cod  (Total: 562)
[14:32:01] [Render thread/INFO]: [System] [CHAT] Lap Time: 290:13
[14:32:08] [Render thread/INFO]: [System] [CHAT] Caught: minecraft:salmon  (Total: 245)
[14:32:08] [Render thread/INFO]: [System] [CHAT] Lap Time: 290:20
[14:32:30] [Render thread/INFO]: [System] [CHAT] Caught: minecraft:pufferfish  (Total: 117)
[14:32:30] [Render thread/INFO]: [System] [CHAT] Lap Time: 290:42
[14:32:49] [Render thread/INFO]: [System] [CHAT] Caught: minecraft:pufferfish  (Total: 118)
[14:32:49] [Render thread/INFO]: [System] [CHAT] Lap Time: 291:01
[14:32:59] [Render thread/INFO]: [System] [CHAT] Caught: minecraft:cod  (Total: 563)
[14:32:59] [Render thread/INFO]: [System] [CHAT] Lap Time: 291:11
[14:33:06] [Render thread/INFO]: [System] [CHAT] Caught: minecraft:cod  (Total: 564)
[14:33:06] [Render thread/INFO]: [System] [CHAT] Lap Time: 291:19
[14:33:25] [Render thread/INFO]: [System] [CHAT] Fish caught, but item not detected.
[14:33:39] [Render thread/INFO]: [System] [CHAT] Caught: minecraft:cod  (Total: 565)
[14:33:39] [Render thread/INFO]: [System] [CHAT] Lap Time: 291:51
[14:33:47] [Render thread/INFO]: [System] [CHAT] Caught: minecraft:cod  (Total: 566)
[14:33:47] [Render thread/INFO]: [System] [CHAT] Lap Time: 291:59
[14:33:57] [Render thread/INFO]: [System] [CHAT] Caught: minecraft:pufferfish  (Total: 119)
[14:33:57] [Render thread/INFO]: [System] [CHAT] Lap Time: 292:10
[14:34:14] [Render thread/INFO]: [System] [CHAT] Fish caught, but item not detected.
[14:34:25] [Render thread/INFO]: [System] [CHAT] Caught: minecraft:salmon  (Total: 246)
[14:34:25] [Render thread/INFO]: [System] [CHAT] Lap Time: 292:37
[14:34:31] [Render thread/INFO]: [System] [CHAT] Caught: minecraft:pufferfish  (Total: 120)
[14:34:31] [Render thread/INFO]: [System] [CHAT] Lap Time: 292:43
[14:34:46] [Render thread/INFO]: [System] [CHAT] Caught: minecraft:cod  (Total: 567)
[14:34:46] [Render thread/INFO]: [System] [CHAT] Lap Time: 292:58
[14:34:55] [Render thread/INFO]: [System] [CHAT] Fish caught, but item not detected.
[14:35:11] [Render thread/INFO]: [System] [CHAT] Caught: minecraft:rotten_flesh  (Total: 6)
[14:35:11] [Render thread/INFO]: [System] [CHAT] Lap Time: 293:23
[14:35:24] [Render thread/INFO]: [System] [CHAT] Caught: minecraft:cod  (Total: 568)
[14:35:24] [Render thread/INFO]: [System] [CHAT] Lap Time: 293:36
[14:35:34] [Render thread/INFO]: [System] [CHAT] Caught: minecraft:nautilus_shell  (Total: 28)
[14:35:34] [Render thread/INFO]: [System] [CHAT] Lap Time: 293:46
[14:35:50] [Render thread/INFO]: [System] [CHAT] Caught: minecraft:cod  (Total: 569)
[14:35:50] [Render thread/INFO]: [System] [CHAT] Lap Time: 294:02
[14:36:06] [Render thread/INFO]: [System] [CHAT] Caught: minecraft:cod  (Total: 570)
[14:36:06] [Render thread/INFO]: [System] [CHAT] Lap Time: 294:18
[14:36:21] [Render thread/INFO]: [System] [CHAT] Caught: minecraft:pufferfish  (Total: 121)
[14:36:21] [Render thread/INFO]: [System] [CHAT] Lap Time: 294:34
[14:36:34] [Render thread/INFO]: [System] [CHAT] Caught: minecraft:salmon  (Total: 247)
[14:36:34] [Render thread/INFO]: [System] [CHAT] Lap Time: 294:46
[14:36:45] [Render thread/INFO]: [System] [CHAT] Caught: minecraft:salmon  (Total: 248)
[14:36:45] [Render thread/INFO]: [System] [CHAT] Lap Time: 294:57
[14:36:55] [Render thread/INFO]: [System] [CHAT] Caught: minecraft:nautilus_shell  (Total: 29)
[14:36:55] [Render thread/INFO]: [System] [CHAT] Lap Time: 295:07
[14:37:03] [Render thread/INFO]: [System] [CHAT] Caught: minecraft:cod  (Total: 571)
[14:37:03] [Render thread/INFO]: [System] [CHAT] Lap Time: 295:15
[14:37:16] [Render thread/INFO]: [System] [CHAT] Caught: minecraft:cod  (Total: 572)
[14:37:16] [Render thread/INFO]: [System] [CHAT] Lap Time: 295:28
[14:37:30] [Render thread/INFO]: [System] [CHAT] Caught: minecraft:cod  (Total: 573)
[14:37:30] [Render thread/INFO]: [System] [CHAT] Lap Time: 295:43
[14:37:37] [Render thread/INFO]: [System] [CHAT] Fish caught, but item not detected.
[14:37:54] [Render thread/INFO]: [System] [CHAT] Caught: minecraft:salmon  (Total: 249)
[14:37:54] [Render thread/INFO]: [System] [CHAT] Lap Time: 296:06
[14:38:06] [Render thread/INFO]: [System] [CHAT] Fish caught, but item not detected.
[14:38:17] [Render thread/INFO]: [System] [CHAT] Caught: minecraft:cod  (Total: 574)
[14:38:17] [Render thread/INFO]: [System] [CHAT] Lap Time: 296:29
[14:38:32] [Render thread/INFO]: [System] [CHAT] Fish caught, but item not detected.
[14:38:34] [Render thread/INFO]: [System] [CHAT] ----- Catch Summary -----
[14:38:34] [Render thread/INFO]: [System] [CHAT]  - minecraft:cod: 574 times
[14:38:34] [Render thread/INFO]: [System] [CHAT]  - minecraft:salmon: 249 times
[14:38:34] [Render thread/INFO]: [System] [CHAT]  - minecraft:pufferfish: 121 times
[14:38:34] [Render thread/INFO]: [System] [CHAT]  - minecraft:tropical_fish: 22 times
[14:38:34] [Render thread/INFO]: [System] [CHAT]  - minecraft:bow: 5 times
[14:38:34] [Render thread/INFO]: [System] [CHAT]  - minecraft:potion: 2 times
[14:38:34] [Render thread/INFO]: [System] [CHAT]  - minecraft:name_tag: 20 times
[14:38:34] [Render thread/INFO]: [System] [CHAT]  - minecraft:leather: 4 times
[14:38:34] [Render thread/INFO]: [System] [CHAT]  - minecraft:lily_pad: 11 times
[14:38:34] [Render thread/INFO]: [System] [CHAT]  - minecraft:saddle: 5 times
[14:38:34] [Render thread/INFO]: [System] [CHAT]  - minecraft:enchanted_book: 5 times
[14:38:34] [Render thread/INFO]: [System] [CHAT]  - minecraft:nautilus_shell: 29 times
[14:38:34] [Render thread/INFO]: [System] [CHAT]  - minecraft:rotten_flesh: 6 times
[14:38:34] [Render thread/INFO]: [System] [CHAT]  - minecraft:ink_sac: 1 times
[14:38:34] [Render thread/INFO]: [System] [CHAT]  - minecraft:tripwire_hook: 5 times
[14:38:34] [Render thread/INFO]: [System] [CHAT]  - minecraft:stick: 2 times
[14:38:34] [Render thread/INFO]: [System] [CHAT]  - minecraft:string: 1 times
[14:38:34] [Render thread/INFO]: [System] [CHAT]  - minecraft:bowl: 6 times
[14:38:34] [Render thread/INFO]: [System] [CHAT]  - minecraft:leather_boots: 3 times
[14:38:34] [Render thread/INFO]: [System] [CHAT]  - minecraft:bone: 2 times
[14:38:34] [Render thread/INFO]: [System] [CHAT] Elapsed Time: 296:46
[14:38:35] [Render thread/INFO]: [System] [CHAT] Screenshot saved: autofish_20250705_143835.png
[14:38:35] [Render thread/INFO]: [System] [CHAT] Summary saved to: summary_20250705_143835.txt
[14:38:37] [Render thread/INFO]: [System] [CHAT] Saved screenshot as autofish_20250705_143835.png
[14:38:37] [Render thread/INFO]: [System] [CHAT] Inventory cleared.
[14:38:37] [Render thread/INFO]: [System] [CHAT] Rod restored.
[14:38:37] [Server thread/INFO]: [sampleeeeeee: Removed 218 item(s) from player sampleeeeeee]
[14:38:37] [Server thread/INFO]: [sampleeeeeee: Replaced a slot on sampleeeeeee with [Fishing Rod]]
[14:38:37] [Server thread/INFO]: [sampleeeeeee: Applied enchantment Luck of the Sea III to sampleeeeeee's item]
[14:38:37] [Server thread/INFO]: [sampleeeeeee: Applied enchantment Lure III to sampleeeeeee's item]
[14:38:37] [Render thread/INFO]: [System] [CHAT] Removed 218 item(s) from player sampleeeeeee
[14:38:37] [Render thread/INFO]: [System] [CHAT] Replaced a slot on sampleeeeeee with [Fishing Rod]
[14:38:37] [Render thread/INFO]: [System] [CHAT] Applied enchantment Luck of the Sea III to sampleeeeeee's item
[14:38:37] [Render thread/INFO]: [System] [CHAT] Applied enchantment Lure III to sampleeeeeee's item
[14:38:37] [Render thread/INFO]: [System] [CHAT] Applied enchantment Unbreaking III to sampleeeeeee's item
[14:38:37] [Server thread/INFO]: [sampleeeeeee: Applied enchantment Unbreaking III to sampleeeeeee's item]
[14:38:37] [Server thread/INFO]: [sampleeeeeee: Applied enchantment Mending to sampleeeeeee's item]
[14:38:37] [Render thread/INFO]: [System] [CHAT] Applied enchantment Mending to sampleeeeeee's item
[14:38:47] [Render thread/INFO]: [System] [CHAT] Fish caught, but item not detected.
[14:38:53] [Render thread/INFO]: [System] [CHAT] Caught: minecraft:salmon  (Total: 250)
[14:38:53] [Render thread/INFO]: [System] [CHAT] Lap Time: 297:05
[14:39:09] [Render thread/INFO]: [System] [CHAT] Caught: minecraft:salmon  (Total: 251)
[14:39:09] [Render thread/INFO]: [System] [CHAT] Lap Time: 297:21
[14:39:12] [Render thread/INFO]: [System] [CHAT] No bite.
[14:39:19] [Render thread/INFO]: [System] [CHAT] Caught: minecraft:saddle  (Total: 6)
[14:39:19] [Render thread/INFO]: [System] [CHAT] Lap Time: 297:31
[14:39:31] [Render thread/INFO]: [System] [CHAT] Caught: minecraft:salmon  (Total: 252)
[14:39:31] [Render thread/INFO]: [System] [CHAT] Lap Time: 297:43
[14:39:38] [Render thread/INFO]: [System] [CHAT] Caught: minecraft:salmon  (Total: 253)
[14:39:38] [Render thread/INFO]: [System] [CHAT] Lap Time: 297:50
[14:39:48] [Render thread/INFO]: [System] [CHAT] Caught: minecraft:salmon  (Total: 254)
[14:39:48] [Render thread/INFO]: [System] [CHAT] Lap Time: 298:00
[14:39:56] [Render thread/INFO]: [System] [CHAT] Caught: minecraft:cod  (Total: 575)
[14:39:56] [Render thread/INFO]: [System] [CHAT] Lap Time: 298:08
[14:40:04] [Render thread/INFO]: [System] [CHAT] Caught: minecraft:salmon  (Total: 255)
[14:40:04] [Render thread/INFO]: [System] [CHAT] Lap Time: 298:16
[14:40:13] [Render thread/INFO]: [System] [CHAT] Caught: minecraft:cod  (Total: 576)
[14:40:13] [Render thread/INFO]: [System] [CHAT] Lap Time: 298:25
[14:40:27] [Render thread/INFO]: [System] [CHAT] Caught: minecraft:cod  (Total: 577)
[14:40:27] [Render thread/INFO]: [System] [CHAT] Lap Time: 298:39
[14:40:42] [Render thread/INFO]: [System] [CHAT] Caught: minecraft:salmon  (Total: 256)
[14:40:42] [Render thread/INFO]: [System] [CHAT] Lap Time: 298:54
[14:40:53] [Render thread/INFO]: [System] [CHAT] Caught: minecraft:cod  (Total: 578)
[14:40:53] [Render thread/INFO]: [System] [CHAT] Lap Time: 299:05
[14:41:03] [Render thread/INFO]: [System] [CHAT] Fish caught, but item not detected.
[14:41:15] [Render thread/INFO]: [System] [CHAT] Caught: minecraft:nautilus_shell  (Total: 30)
[14:41:15] [Render thread/INFO]: [System] [CHAT] Lap Time: 299:27
[14:41:24] [Render thread/INFO]: [System] [CHAT] Caught: minecraft:cod  (Total: 579)
[14:41:24] [Render thread/INFO]: [System] [CHAT] Lap Time: 299:36
[14:41:30] [Render thread/INFO]: [System] [CHAT] Caught: minecraft:salmon  (Total: 257)
[14:41:30] [Render thread/INFO]: [System] [CHAT] Lap Time: 299:42
[14:41:42] [Render thread/INFO]: [System] [CHAT] Caught: minecraft:cod  (Total: 580)
[14:41:42] [Render thread/INFO]: [System] [CHAT] Lap Time: 299:54
[14:41:54] [Render thread/INFO]: [System] [CHAT] Caught: minecraft:cod  (Total: 581)
[14:41:54] [Render thread/INFO]: [System] [CHAT] Lap Time: 300:07
[14:42:06] [Render thread/INFO]: [System] [CHAT] Fish caught, but item not detected.
[14:42:18] [Render thread/INFO]: [System] [CHAT] Caught: minecraft:cod  (Total: 582)
[14:42:18] [Render thread/INFO]: [System] [CHAT] Lap Time: 300:30
[14:42:29] [Render thread/INFO]: [System] [CHAT] Caught: minecraft:salmon  (Total: 258)
[14:42:29] [Render thread/INFO]: [System] [CHAT] Lap Time: 300:41
[14:42:36] [Render thread/INFO]: [System] [CHAT] Caught: minecraft:cod  (Total: 583)
[14:42:36] [Render thread/INFO]: [System] [CHAT] Lap Time: 300:48
[14:42:55] [Render thread/INFO]: [System] [CHAT] Caught: minecraft:pufferfish  (Total: 122)
[14:42:55] [Render thread/INFO]: [System] [CHAT] Lap Time: 301:07
[14:43:03] [Render thread/INFO]: [System] [CHAT] Caught: minecraft:pufferfish  (Total: 123)
[14:43:03] [Render thread/INFO]: [System] [CHAT] Lap Time: 301:16
[14:43:20] [Render thread/INFO]: [System] [CHAT] Caught: minecraft:cod  (Total: 584)
[14:43:20] [Render thread/INFO]: [System] [CHAT] Lap Time: 301:32
[14:43:29] [Render thread/INFO]: [System] [CHAT] Caught: minecraft:salmon  (Total: 259)
[14:43:29] [Render thread/INFO]: [System] [CHAT] Lap Time: 301:41
[14:43:35] [Render thread/INFO]: [System] [CHAT] Caught: minecraft:nautilus_shell  (Total: 31)
[14:43:35] [Render thread/INFO]: [System] [CHAT] Lap Time: 301:47
[14:43:50] [Render thread/INFO]: [System] [CHAT] Caught: minecraft:cod  (Total: 585)
[14:43:50] [Render thread/INFO]: [System] [CHAT] Lap Time: 302:02
[14:43:59] [Render thread/INFO]: [System] [CHAT] Caught: minecraft:cod  (Total: 586)
[14:43:59] [Render thread/INFO]: [System] [CHAT] Lap Time: 302:11
[14:44:09] [Render thread/INFO]: [System] [CHAT] Caught: minecraft:salmon  (Total: 260)
[14:44:09] [Render thread/INFO]: [System] [CHAT] Lap Time: 302:21
[14:44:18] [Render thread/INFO]: [System] [CHAT] Fish caught, but item not detected.
[14:44:25] [Render thread/INFO]: [System] [CHAT] Caught: minecraft:lily_pad  (Total: 12)
[14:44:25] [Render thread/INFO]: [System] [CHAT] Lap Time: 302:37
[14:44:39] [Render thread/INFO]: [System] [CHAT] Caught: minecraft:cod  (Total: 587)
[14:44:39] [Render thread/INFO]: [System] [CHAT] Lap Time: 302:51
[14:44:47] [Render thread/INFO]: [System] [CHAT] Caught: minecraft:cod  (Total: 588)
[14:44:47] [Render thread/INFO]: [System] [CHAT] Lap Time: 302:59
[14:44:57] [Render thread/INFO]: [System] [CHAT] Fish caught, but item not detected.
[14:45:15] [Render thread/INFO]: [System] [CHAT] Caught: minecraft:cod  (Total: 589)
[14:45:15] [Render thread/INFO]: [System] [CHAT] Lap Time: 303:27
[14:45:21] [Render thread/INFO]: [System] [CHAT] Caught: minecraft:cod  (Total: 590)
[14:45:21] [Render thread/INFO]: [System] [CHAT] Lap Time: 303:33
[14:45:34] [Render thread/INFO]: [System] [CHAT] Caught: minecraft:cod  (Total: 591)
[14:45:34] [Render thread/INFO]: [System] [CHAT] Lap Time: 303:46
[14:45:48] [Render thread/INFO]: [System] [CHAT] Caught: minecraft:cod  (Total: 592)
[14:45:48] [Render thread/INFO]: [System] [CHAT] Lap Time: 304:00
[14:46:03] [Render thread/INFO]: [System] [CHAT] Caught: minecraft:salmon  (Total: 261)
[14:46:03] [Render thread/INFO]: [System] [CHAT] Lap Time: 304:15
[14:46:21] [Render thread/INFO]: [System] [CHAT] Fish caught, but item not detected.
[14:46:30] [Render thread/INFO]: [System] [CHAT] Caught: minecraft:salmon  (Total: 262)
[14:46:30] [Render thread/INFO]: [System] [CHAT] Lap Time: 304:42
[14:46:45] [Render thread/INFO]: [System] [CHAT] Caught: minecraft:cod  (Total: 593)
[14:46:45] [Render thread/INFO]: [System] [CHAT] Lap Time: 304:57
[14:47:01] [Render thread/INFO]: [System] [CHAT] Fish caught, but item not detected.
[14:47:09] [Render thread/INFO]: [System] [CHAT] Caught: minecraft:cod  (Total: 594)
[14:47:09] [Render thread/INFO]: [System] [CHAT] Lap Time: 305:21
[14:47:20] [Render thread/INFO]: [System] [CHAT] Fish caught, but item not detected.
[14:47:35] [Render thread/INFO]: [System] [CHAT] Fish caught, but item not detected.
[14:47:48] [Render thread/INFO]: [System] [CHAT] Caught: minecraft:salmon  (Total: 263)
[14:47:48] [Render thread/INFO]: [System] [CHAT] Lap Time: 306:01
[14:48:10] [Render thread/INFO]: [System] [CHAT] Caught: minecraft:salmon  (Total: 264)
[14:48:10] [Render thread/INFO]: [System] [CHAT] Lap Time: 306:22
[14:48:20] [Render thread/INFO]: [System] [CHAT] Caught: minecraft:cod  (Total: 595)
[14:48:20] [Render thread/INFO]: [System] [CHAT] Lap Time: 306:32
[14:48:29] [Render thread/INFO]: [System] [CHAT] Caught: minecraft:cod  (Total: 596)
[14:48:29] [Render thread/INFO]: [System] [CHAT] Lap Time: 306:41
[14:48:48] [Render thread/INFO]: [System] [CHAT] Caught: minecraft:cod  (Total: 597)
[14:48:48] [Render thread/INFO]: [System] [CHAT] Lap Time: 307:00
[14:49:03] [Render thread/INFO]: [System] [CHAT] Caught: minecraft:lily_pad  (Total: 13)
[14:49:03] [Render thread/INFO]: [System] [CHAT] Lap Time: 307:16
[14:49:15] [Render thread/INFO]: [System] [CHAT] Fish caught, but item not detected.
[14:49:37] [Render thread/INFO]: [System] [CHAT] Caught: minecraft:cod  (Total: 598)
[14:49:37] [Render thread/INFO]: [System] [CHAT] Lap Time: 307:49
[14:49:47] [Render thread/INFO]: [System] [CHAT] Caught: minecraft:cod  (Total: 599)
[14:49:47] [Render thread/INFO]: [System] [CHAT] Lap Time: 308:00
[14:50:01] [Render thread/INFO]: [System] [CHAT] Caught: minecraft:salmon  (Total: 265)
[14:50:01] [Render thread/INFO]: [System] [CHAT] Lap Time: 308:13
[14:50:10] [Render thread/INFO]: [System] [CHAT] Caught: minecraft:cod  (Total: 600)
[14:50:10] [Render thread/INFO]: [System] [CHAT] Lap Time: 308:22
[14:50:29] [Render thread/INFO]: [System] [CHAT] Caught: minecraft:cod  (Total: 601)
[14:50:29] [Render thread/INFO]: [System] [CHAT] Lap Time: 308:41
[14:50:43] [Render thread/INFO]: [System] [CHAT] Caught: minecraft:cod  (Total: 602)
[14:50:43] [Render thread/INFO]: [System] [CHAT] Lap Time: 308:56
[14:50:57] [Render thread/INFO]: [System] [CHAT] Caught: minecraft:rotten_flesh  (Total: 7)
[14:50:57] [Render thread/INFO]: [System] [CHAT] Lap Time: 309:09
[14:51:19] [Render thread/INFO]: [System] [CHAT] Caught: minecraft:cod  (Total: 603)
[14:51:19] [Render thread/INFO]: [System] [CHAT] Lap Time: 309:31
[14:51:37] [Render thread/INFO]: [System] [CHAT] Caught: minecraft:cod  (Total: 604)
[14:51:37] [Render thread/INFO]: [System] [CHAT] Lap Time: 309:49
[14:51:49] [Render thread/INFO]: [System] [CHAT] Caught: minecraft:salmon  (Total: 266)
[14:51:49] [Render thread/INFO]: [System] [CHAT] Lap Time: 310:02
[14:52:11] [Render thread/INFO]: [System] [CHAT] Caught: minecraft:salmon  (Total: 267)
[14:52:11] [Render thread/INFO]: [System] [CHAT] Lap Time: 310:23
[14:52:22] [Render thread/INFO]: [System] [CHAT] Caught: minecraft:cod  (Total: 605)
[14:52:22] [Render thread/INFO]: [System] [CHAT] Lap Time: 310:34
[14:52:33] [Render thread/INFO]: [System] [CHAT] Caught: minecraft:pufferfish  (Total: 124)
[14:52:33] [Render thread/INFO]: [System] [CHAT] Lap Time: 310:45
[14:52:47] [Render thread/INFO]: [System] [CHAT] Caught: minecraft:pufferfish  (Total: 125)
[14:52:47] [Render thread/INFO]: [System] [CHAT] Lap Time: 310:59
[14:53:03] [Render thread/INFO]: [System] [CHAT] Caught: minecraft:salmon  (Total: 268)
[14:53:03] [Render thread/INFO]: [System] [CHAT] Lap Time: 311:15
[14:53:17] [Render thread/INFO]: [System] [CHAT] Caught: minecraft:pufferfish  (Total: 126)
[14:53:17] [Render thread/INFO]: [System] [CHAT] Lap Time: 311:29
[14:53:35] [Render thread/INFO]: [System] [CHAT] Caught: minecraft:salmon  (Total: 269)
[14:53:35] [Render thread/INFO]: [System] [CHAT] Lap Time: 311:47
[14:53:50] [Render thread/INFO]: [System] [CHAT] Caught: minecraft:nautilus_shell  (Total: 32)
[14:53:50] [Render thread/INFO]: [System] [CHAT] Lap Time: 312:02
[14:54:08] [Render thread/INFO]: [System] [CHAT] Caught: minecraft:cod  (Total: 606)
[14:54:08] [Render thread/INFO]: [System] [CHAT] Lap Time: 312:20
[14:54:15] [Render thread/INFO]: [System] [CHAT] Caught: minecraft:cod  (Total: 607)
[14:54:15] [Render thread/INFO]: [System] [CHAT] Lap Time: 312:28
[14:54:22] [Render thread/INFO]: [System] [CHAT] Caught: minecraft:cod  (Total: 608)
[14:54:22] [Render thread/INFO]: [System] [CHAT] Lap Time: 312:34
[14:54:32] [Render thread/INFO]: [System] [CHAT] Caught: minecraft:salmon  (Total: 270)
[14:54:32] [Render thread/INFO]: [System] [CHAT] Lap Time: 312:44
[14:54:44] [Render thread/INFO]: [System] [CHAT] Caught: minecraft:cod  (Total: 609)
[14:54:44] [Render thread/INFO]: [System] [CHAT] Lap Time: 312:56
[14:54:50] [Render thread/INFO]: [System] [CHAT] Caught: minecraft:cod  (Total: 610)
[14:54:50] [Render thread/INFO]: [System] [CHAT] Lap Time: 313:02
[14:55:07] [Render thread/INFO]: [System] [CHAT] Caught: minecraft:pufferfish  (Total: 127)
[14:55:07] [Render thread/INFO]: [System] [CHAT] Lap Time: 313:20
[14:55:27] [Render thread/INFO]: [System] [CHAT] Caught: minecraft:cod  (Total: 611)
[14:55:27] [Render thread/INFO]: [System] [CHAT] Lap Time: 313:39
[14:55:34] [Render thread/INFO]: [System] [CHAT] Caught: minecraft:salmon  (Total: 271)
[14:55:34] [Render thread/INFO]: [System] [CHAT] Lap Time: 313:46
[14:55:39] [Render thread/INFO]: [System] [CHAT] Caught: minecraft:cod  (Total: 612)
[14:55:39] [Render thread/INFO]: [System] [CHAT] Lap Time: 313:51
[14:55:57] [Render thread/INFO]: [System] [CHAT] Caught: minecraft:pufferfish  (Total: 128)
[14:55:57] [Render thread/INFO]: [System] [CHAT] Lap Time: 314:10
[14:56:17] [Render thread/INFO]: [System] [CHAT] Caught: minecraft:cod  (Total: 613)
[14:56:17] [Render thread/INFO]: [System] [CHAT] Lap Time: 314:29
[14:56:27] [Render thread/INFO]: [System] [CHAT] Caught: minecraft:leather  (Total: 5)
[14:56:27] [Render thread/INFO]: [System] [CHAT] Lap Time: 314:39
[14:56:37] [Render thread/INFO]: [System] [CHAT] Fish caught, but item not detected.
[14:56:49] [Render thread/INFO]: [System] [CHAT] Caught: minecraft:cod  (Total: 614)
[14:56:49] [Render thread/INFO]: [System] [CHAT] Lap Time: 315:01
[14:56:55] [Render thread/INFO]: [System] [CHAT] Caught: minecraft:salmon  (Total: 272)
[14:56:55] [Render thread/INFO]: [System] [CHAT] Lap Time: 315:07
[14:57:08] [Render thread/INFO]: [System] [CHAT] Caught: minecraft:cod  (Total: 615)
[14:57:08] [Render thread/INFO]: [System] [CHAT] Lap Time: 315:20
[14:57:20] [Render thread/INFO]: [System] [CHAT] Caught: minecraft:salmon  (Total: 273)
[14:57:20] [Render thread/INFO]: [System] [CHAT] Lap Time: 315:32
[14:57:36] [Render thread/INFO]: [System] [CHAT] Caught: minecraft:pufferfish  (Total: 129)
[14:57:36] [Render thread/INFO]: [System] [CHAT] Lap Time: 315:48
[14:57:53] [Render thread/INFO]: [System] [CHAT] Caught: minecraft:pufferfish  (Total: 130)
[14:57:53] [Render thread/INFO]: [System] [CHAT] Lap Time: 316:05
[14:58:14] [Render thread/INFO]: [System] [CHAT] Fish caught, but item not detected.
[14:58:20] [Render thread/INFO]: [System] [CHAT] Caught: minecraft:salmon  (Total: 274)
[14:58:20] [Render thread/INFO]: [System] [CHAT] Lap Time: 316:32
[14:58:34] [Render thread/INFO]: [System] [CHAT] Caught: minecraft:cod  (Total: 616)
[14:58:34] [Render thread/INFO]: [System] [CHAT] Lap Time: 316:46
[14:58:49] [Render thread/INFO]: [System] [CHAT] Caught: minecraft:cod  (Total: 617)
[14:58:49] [Render thread/INFO]: [System] [CHAT] Lap Time: 317:02
[14:59:03] [Render thread/INFO]: [System] [CHAT] Caught: minecraft:pufferfish  (Total: 131)
[14:59:03] [Render thread/INFO]: [System] [CHAT] Lap Time: 317:15
[14:59:12] [Render thread/INFO]: [System] [CHAT] Caught: minecraft:pufferfish  (Total: 132)
[14:59:12] [Render thread/INFO]: [System] [CHAT] Lap Time: 317:24
[14:59:21] [Render thread/INFO]: [System] [CHAT] Caught: minecraft:salmon  (Total: 275)
[14:59:21] [Render thread/INFO]: [System] [CHAT] Lap Time: 317:33
[14:59:36] [Render thread/INFO]: [System] [CHAT] Caught: minecraft:stick  (Total: 3)
[14:59:36] [Render thread/INFO]: [System] [CHAT] Lap Time: 317:48
[14:59:50] [Render thread/INFO]: [System] [CHAT] Caught: minecraft:salmon  (Total: 276)
[14:59:50] [Render thread/INFO]: [System] [CHAT] Lap Time: 318:02
[15:00:01] [Render thread/INFO]: [System] [CHAT] Caught: minecraft:cod  (Total: 618)
[15:00:01] [Render thread/INFO]: [System] [CHAT] Lap Time: 318:13
[15:00:13] [Render thread/INFO]: [System] [CHAT] Caught: minecraft:cod  (Total: 619)
[15:00:13] [Render thread/INFO]: [System] [CHAT] Lap Time: 318:25
[15:00:27] [Render thread/INFO]: [System] [CHAT] Caught: minecraft:cod  (Total: 620)
[15:00:27] [Render thread/INFO]: [System] [CHAT] Lap Time: 318:39
[15:00:36] [Render thread/INFO]: [System] [CHAT] Caught: minecraft:pufferfish  (Total: 133)
[15:00:36] [Render thread/INFO]: [System] [CHAT] Lap Time: 318:49
[15:00:43] [Render thread/INFO]: [System] [CHAT] Caught: minecraft:cod  (Total: 621)
[15:00:43] [Render thread/INFO]: [System] [CHAT] Lap Time: 318:55
[15:00:51] [Render thread/INFO]: [System] [CHAT] Caught: minecraft:pufferfish  (Total: 134)
[15:00:51] [Render thread/INFO]: [System] [CHAT] Lap Time: 319:03
[15:00:58] [Render thread/INFO]: [System] [CHAT] Caught: minecraft:cod  (Total: 622)
[15:00:58] [Render thread/INFO]: [System] [CHAT] Lap Time: 319:10
[15:01:06] [Render thread/INFO]: [System] [CHAT] Caught: minecraft:cod  (Total: 623)
[15:01:06] [Render thread/INFO]: [System] [CHAT] Lap Time: 319:18
[15:01:26] [Render thread/INFO]: [System] [CHAT] Fish caught, but item not detected.
[15:01:33] [Render thread/INFO]: [System] [CHAT] Fish caught, but item not detected.
[15:01:44] [Render thread/INFO]: [System] [CHAT] Caught: minecraft:cod  (Total: 624)
[15:01:44] [Render thread/INFO]: [System] [CHAT] Lap Time: 319:57
[15:01:58] [Render thread/INFO]: [System] [CHAT] Caught: minecraft:cod  (Total: 625)
[15:01:58] [Render thread/INFO]: [System] [CHAT] Lap Time: 320:10
[15:02:16] [Render thread/INFO]: [System] [CHAT] Caught: minecraft:stick  (Total: 4)
[15:02:16] [Render thread/INFO]: [System] [CHAT] Lap Time: 320:28
[15:02:31] [Render thread/INFO]: [System] [CHAT] Caught: minecraft:cod  (Total: 626)
[15:02:31] [Render thread/INFO]: [System] [CHAT] Lap Time: 320:43
[15:02:51] [Render thread/INFO]: [System] [CHAT] Caught: minecraft:cod  (Total: 627)
[15:02:51] [Render thread/INFO]: [System] [CHAT] Lap Time: 321:03
[15:03:07] [Render thread/INFO]: [System] [CHAT] Caught: minecraft:cod  (Total: 628)
[15:03:07] [Render thread/INFO]: [System] [CHAT] Lap Time: 321:19
[15:03:17] [Render thread/INFO]: [System] [CHAT] Caught: minecraft:salmon  (Total: 277)
[15:03:17] [Render thread/INFO]: [System] [CHAT] Lap Time: 321:30
[15:03:34] [Render thread/INFO]: [System] [CHAT] Caught: minecraft:salmon  (Total: 278)
[15:03:34] [Render thread/INFO]: [System] [CHAT] Lap Time: 321:46
[15:03:46] [Render thread/INFO]: [System] [CHAT] Caught: minecraft:pufferfish  (Total: 135)
[15:03:46] [Render thread/INFO]: [System] [CHAT] Lap Time: 321:59
[15:04:02] [Render thread/INFO]: [System] [CHAT] Caught: minecraft:salmon  (Total: 279)
[15:04:02] [Render thread/INFO]: [System] [CHAT] Lap Time: 322:15
[15:04:08] [Render thread/INFO]: [System] [CHAT] Caught: minecraft:cod  (Total: 629)
[15:04:08] [Render thread/INFO]: [System] [CHAT] Lap Time: 322:20
[15:04:14] [Render thread/INFO]: [System] [CHAT] Caught: minecraft:cod  (Total: 630)
[15:04:14] [Render thread/INFO]: [System] [CHAT] Lap Time: 322:26
[15:04:35] [Render thread/INFO]: [System] [CHAT] Caught: minecraft:cod  (Total: 631)
[15:04:35] [Render thread/INFO]: [System] [CHAT] Lap Time: 322:47
[15:04:42] [Render thread/INFO]: [System] [CHAT] Caught: minecraft:salmon  (Total: 280)
[15:04:42] [Render thread/INFO]: [System] [CHAT] Lap Time: 322:55
[15:04:53] [Render thread/INFO]: [System] [CHAT] Caught: minecraft:pufferfish  (Total: 136)
[15:04:53] [Render thread/INFO]: [System] [CHAT] Lap Time: 323:05
[15:05:04] [Render thread/INFO]: [System] [CHAT] Caught: minecraft:salmon  (Total: 281)
[15:05:04] [Render thread/INFO]: [System] [CHAT] Lap Time: 323:17
[15:05:26] [Render thread/INFO]: [System] [CHAT] Caught: minecraft:cod  (Total: 632)
[15:05:26] [Render thread/INFO]: [System] [CHAT] Lap Time: 323:39
[15:05:45] [Render thread/INFO]: [System] [CHAT] Caught: minecraft:cod  (Total: 633)
[15:05:45] [Render thread/INFO]: [System] [CHAT] Lap Time: 323:57
[15:05:50] [Render thread/INFO]: [System] [CHAT] Caught: minecraft:salmon  (Total: 282)
[15:05:50] [Render thread/INFO]: [System] [CHAT] Lap Time: 324:03
[15:06:11] [Render thread/INFO]: [System] [CHAT] Caught: minecraft:bow  (Total: 6)
[15:06:11] [Render thread/INFO]: [System] [CHAT] Lap Time: 324:24
[15:06:24] [Render thread/INFO]: [System] [CHAT] Caught: minecraft:salmon  (Total: 283)
[15:06:24] [Render thread/INFO]: [System] [CHAT] Lap Time: 324:36
[15:06:30] [Render thread/INFO]: [System] [CHAT] Caught: minecraft:cod  (Total: 634)
[15:06:30] [Render thread/INFO]: [System] [CHAT] Lap Time: 324:43
[15:06:39] [Render thread/INFO]: [System] [CHAT] Caught: minecraft:cod  (Total: 635)
[15:06:39] [Render thread/INFO]: [System] [CHAT] Lap Time: 324:51
[15:06:51] [Render thread/INFO]: [System] [CHAT] Caught: minecraft:cod  (Total: 636)
[15:06:51] [Render thread/INFO]: [System] [CHAT] Lap Time: 325:03
[15:07:07] [Render thread/INFO]: [System] [CHAT] Caught: minecraft:cod  (Total: 637)
[15:07:07] [Render thread/INFO]: [System] [CHAT] Lap Time: 325:19
[15:07:24] [Render thread/INFO]: [System] [CHAT] Caught: minecraft:cod  (Total: 638)
[15:07:24] [Render thread/INFO]: [System] [CHAT] Lap Time: 325:36
[15:07:38] [Render thread/INFO]: [System] [CHAT] Fish caught, but item not detected.
[15:07:50] [Render thread/INFO]: [System] [CHAT] Fish caught, but item not detected.
[15:08:04] [Render thread/INFO]: [System] [CHAT] Caught: minecraft:cod  (Total: 639)
[15:08:04] [Render thread/INFO]: [System] [CHAT] Lap Time: 326:16
[15:08:09] [Render thread/INFO]: [System] [CHAT] Caught: minecraft:cod  (Total: 640)
[15:08:09] [Render thread/INFO]: [System] [CHAT] Lap Time: 326:22
[15:08:16] [Render thread/INFO]: [System] [CHAT] Caught: minecraft:salmon  (Total: 284)
[15:08:16] [Render thread/INFO]: [System] [CHAT] Lap Time: 326:28
[15:08:37] [Render thread/INFO]: [System] [CHAT] Caught: minecraft:salmon  (Total: 285)
[15:08:37] [Render thread/INFO]: [System] [CHAT] Lap Time: 326:49
[15:08:53] [Render thread/INFO]: [System] [CHAT] Caught: minecraft:stick  (Total: 5)
[15:08:53] [Render thread/INFO]: [System] [CHAT] Lap Time: 327:05
[15:08:59] [Render thread/INFO]: [System] [CHAT] Caught: minecraft:tropical_fish  (Total: 23)
[15:08:59] [Render thread/INFO]: [System] [CHAT] Lap Time: 327:11
[15:09:15] [Render thread/INFO]: [System] [CHAT] Caught: minecraft:cod  (Total: 641)
[15:09:15] [Render thread/INFO]: [System] [CHAT] Lap Time: 327:27
[15:09:33] [Render thread/INFO]: [System] [CHAT] Caught: minecraft:potion  (Total: 3)
[15:09:33] [Render thread/INFO]: [System] [CHAT] Lap Time: 327:45
[15:09:50] [Render thread/INFO]: [System] [CHAT] Caught: minecraft:cod  (Total: 642)
[15:09:50] [Render thread/INFO]: [System] [CHAT] Lap Time: 328:03
[15:10:10] [Render thread/INFO]: [System] [CHAT] Caught: minecraft:salmon  (Total: 286)
[15:10:10] [Render thread/INFO]: [System] [CHAT] Lap Time: 328:22
[15:10:24] [Render thread/INFO]: [System] [CHAT] Caught: minecraft:cod  (Total: 643)
[15:10:24] [Render thread/INFO]: [System] [CHAT] Lap Time: 328:36
[15:10:44] [Render thread/INFO]: [System] [CHAT] Caught: minecraft:cod  (Total: 644)
[15:10:44] [Render thread/INFO]: [System] [CHAT] Lap Time: 328:56
[15:10:57] [Render thread/INFO]: [System] [CHAT] Caught: minecraft:cod  (Total: 645)
[15:10:57] [Render thread/INFO]: [System] [CHAT] Lap Time: 329:10
[15:11:13] [Render thread/INFO]: [System] [CHAT] Caught: minecraft:cod  (Total: 646)
[15:11:13] [Render thread/INFO]: [System] [CHAT] Lap Time: 329:25
[15:11:35] [Render thread/INFO]: [System] [CHAT] Caught: minecraft:cod  (Total: 647)
[15:11:35] [Render thread/INFO]: [System] [CHAT] Lap Time: 329:47
[15:11:45] [Render thread/INFO]: [System] [CHAT] Fish caught, but item not detected.
[15:12:06] [Render thread/INFO]: [System] [CHAT] Caught: minecraft:pufferfish  (Total: 137)
[15:12:06] [Render thread/INFO]: [System] [CHAT] Lap Time: 330:18
[15:12:20] [Render thread/INFO]: [System] [CHAT] Caught: minecraft:cod  (Total: 648)
[15:12:20] [Render thread/INFO]: [System] [CHAT] Lap Time: 330:33
[15:12:38] [Render thread/INFO]: [System] [CHAT] Caught: minecraft:cod  (Total: 649)
[15:12:38] [Render thread/INFO]: [System] [CHAT] Lap Time: 330:50
[15:12:54] [Render thread/INFO]: [System] [CHAT] Caught: minecraft:cod  (Total: 650)
[15:12:54] [Render thread/INFO]: [System] [CHAT] Lap Time: 331:07
[15:13:02] [Render thread/INFO]: [System] [CHAT] Fish caught, but item not detected.
[15:13:12] [Render thread/INFO]: [System] [CHAT] Caught: minecraft:cod  (Total: 651)
[15:13:12] [Render thread/INFO]: [System] [CHAT] Lap Time: 331:24
[15:13:25] [Render thread/INFO]: [System] [CHAT] Caught: minecraft:cod  (Total: 652)
[15:13:25] [Render thread/INFO]: [System] [CHAT] Lap Time: 331:37
[15:13:36] [Render thread/INFO]: [System] [CHAT] Caught: minecraft:salmon  (Total: 287)
[15:13:36] [Render thread/INFO]: [System] [CHAT] Lap Time: 331:48
[15:13:55] [Render thread/INFO]: [System] [CHAT] Caught: minecraft:cod  (Total: 653)
[15:13:55] [Render thread/INFO]: [System] [CHAT] Lap Time: 332:07
[15:14:13] [Render thread/INFO]: [System] [CHAT] Caught: minecraft:salmon  (Total: 288)
[15:14:13] [Render thread/INFO]: [System] [CHAT] Lap Time: 332:25
[15:14:23] [Render thread/INFO]: [System] [CHAT] Caught: minecraft:cod  (Total: 654)
[15:14:23] [Render thread/INFO]: [System] [CHAT] Lap Time: 332:35
[15:14:38] [Render thread/INFO]: [System] [CHAT] Caught: minecraft:pufferfish  (Total: 138)
[15:14:38] [Render thread/INFO]: [System] [CHAT] Lap Time: 332:50
[15:14:53] [Render thread/INFO]: [System] [CHAT] Fish caught, but item not detected.
[15:15:06] [Render thread/INFO]: [System] [CHAT] Fish caught, but item not detected.
[15:15:16] [Render thread/INFO]: [System] [CHAT] Fish caught, but item not detected.
[15:15:32] [Render thread/INFO]: [System] [CHAT] Fish caught, but item not detected.
[15:15:48] [Render thread/INFO]: [System] [CHAT] Caught: minecraft:salmon  (Total: 289)
[15:15:48] [Render thread/INFO]: [System] [CHAT] Lap Time: 334:00
[15:16:00] [Render thread/INFO]: [System] [CHAT] Fish caught, but item not detected.
[15:16:12] [Render thread/INFO]: [System] [CHAT] Caught: minecraft:cod  (Total: 655)
[15:16:12] [Render thread/INFO]: [System] [CHAT] Lap Time: 334:24
[15:16:25] [Render thread/INFO]: [System] [CHAT] Caught: minecraft:salmon  (Total: 290)
[15:16:25] [Render thread/INFO]: [System] [CHAT] Lap Time: 334:37
[15:16:38] [Render thread/INFO]: [System] [CHAT] Caught: minecraft:cod  (Total: 656)
[15:16:38] [Render thread/INFO]: [System] [CHAT] Lap Time: 334:50
[15:16:45] [Render thread/INFO]: [System] [CHAT] Caught: minecraft:pufferfish  (Total: 139)
[15:16:45] [Render thread/INFO]: [System] [CHAT] Lap Time: 334:57
[15:17:02] [Render thread/INFO]: [System] [CHAT] Fish caught, but item not detected.
[15:17:14] [Render thread/INFO]: [System] [CHAT] Caught: minecraft:cod  (Total: 657)
[15:17:14] [Render thread/INFO]: [System] [CHAT] Lap Time: 335:26
[15:17:30] [Render thread/INFO]: [System] [CHAT] Caught: minecraft:cod  (Total: 658)
[15:17:30] [Render thread/INFO]: [System] [CHAT] Lap Time: 335:42
[15:17:40] [Render thread/INFO]: [System] [CHAT] Caught: minecraft:cod  (Total: 659)
[15:17:40] [Render thread/INFO]: [System] [CHAT] Lap Time: 335:53
[15:17:55] [Render thread/INFO]: [System] [CHAT] Caught: minecraft:cod  (Total: 660)
[15:17:55] [Render thread/INFO]: [System] [CHAT] Lap Time: 336:07
[15:18:06] [Render thread/INFO]: [System] [CHAT] Caught: minecraft:cod  (Total: 661)
[15:18:06] [Render thread/INFO]: [System] [CHAT] Lap Time: 336:18
[15:18:20] [Render thread/INFO]: [System] [CHAT] Caught: minecraft:cod  (Total: 662)
[15:18:20] [Render thread/INFO]: [System] [CHAT] Lap Time: 336:32
[15:18:38] [Render thread/INFO]: [System] [CHAT] Caught: minecraft:cod  (Total: 663)
[15:18:38] [Render thread/INFO]: [System] [CHAT] Lap Time: 336:50
[15:18:53] [Render thread/INFO]: [System] [CHAT] Caught: minecraft:cod  (Total: 664)
[15:18:53] [Render thread/INFO]: [System] [CHAT] Lap Time: 337:05
[15:18:59] [Render thread/INFO]: [System] [CHAT] Caught: minecraft:salmon  (Total: 291)
[15:18:59] [Render thread/INFO]: [System] [CHAT] Lap Time: 337:11
[15:19:11] [Render thread/INFO]: [System] [CHAT] Caught: minecraft:salmon  (Total: 292)
[15:19:11] [Render thread/INFO]: [System] [CHAT] Lap Time: 337:23
[15:19:27] [Render thread/INFO]: [System] [CHAT] Fish caught, but item not detected.
[15:19:43] [Render thread/INFO]: [System] [CHAT] Caught: minecraft:leather  (Total: 6)
[15:19:43] [Render thread/INFO]: [System] [CHAT] Lap Time: 337:56
[15:19:57] [Render thread/INFO]: [System] [CHAT] Caught: minecraft:cod  (Total: 665)
[15:19:57] [Render thread/INFO]: [System] [CHAT] Lap Time: 338:09
[15:20:05] [Render thread/INFO]: [System] [CHAT] Fish caught, but item not detected.
[15:20:14] [Render thread/INFO]: [System] [CHAT] Caught: minecraft:cod  (Total: 666)
[15:20:14] [Render thread/INFO]: [System] [CHAT] Lap Time: 338:26
[15:20:28] [Render thread/INFO]: [System] [CHAT] Fish caught, but item not detected.
[15:20:35] [Render thread/INFO]: [System] [CHAT] Caught: minecraft:cod  (Total: 667)
[15:20:35] [Render thread/INFO]: [System] [CHAT] Lap Time: 338:47
[15:20:42] [Render thread/INFO]: [System] [CHAT] Caught: minecraft:salmon  (Total: 293)
[15:20:42] [Render thread/INFO]: [System] [CHAT] Lap Time: 338:54
[15:20:56] [Render thread/INFO]: [System] [CHAT] Caught: minecraft:cod  (Total: 668)
[15:20:56] [Render thread/INFO]: [System] [CHAT] Lap Time: 339:08
[15:21:05] [Render thread/INFO]: [System] [CHAT] Caught: minecraft:cod  (Total: 669)
[15:21:05] [Render thread/INFO]: [System] [CHAT] Lap Time: 339:17
[15:21:14] [Render thread/INFO]: [System] [CHAT] Caught: minecraft:pufferfish  (Total: 140)
[15:21:14] [Render thread/INFO]: [System] [CHAT] Lap Time: 339:27
[15:21:24] [Render thread/INFO]: [System] [CHAT] Caught: minecraft:cod  (Total: 670)
[15:21:24] [Render thread/INFO]: [System] [CHAT] Lap Time: 339:36
[15:21:30] [Render thread/INFO]: [System] [CHAT] Caught: minecraft:salmon  (Total: 294)
[15:21:30] [Render thread/INFO]: [System] [CHAT] Lap Time: 339:42
[15:21:48] [Render thread/INFO]: [System] [CHAT] Caught: minecraft:pufferfish  (Total: 141)
[15:21:48] [Render thread/INFO]: [System] [CHAT] Lap Time: 340:01
[15:22:02] [Render thread/INFO]: [System] [CHAT] Caught: minecraft:salmon  (Total: 295)
[15:22:02] [Render thread/INFO]: [System] [CHAT] Lap Time: 340:14
[15:22:19] [Render thread/INFO]: [System] [CHAT] Caught: minecraft:pufferfish  (Total: 142)
[15:22:20] [Render thread/INFO]: [System] [CHAT] Lap Time: 340:32
[15:22:33] [Render thread/INFO]: [System] [CHAT] Caught: minecraft:cod  (Total: 671)
[15:22:33] [Render thread/INFO]: [System] [CHAT] Lap Time: 340:45
[15:22:50] [Render thread/INFO]: [System] [CHAT] Fish caught, but item not detected.
[15:23:06] [Render thread/INFO]: [System] [CHAT] Caught: minecraft:tropical_fish  (Total: 24)
[15:23:06] [Render thread/INFO]: [System] [CHAT] Lap Time: 341:18
[15:23:16] [Render thread/INFO]: [System] [CHAT] Caught: minecraft:pufferfish  (Total: 143)
[15:23:16] [Render thread/INFO]: [System] [CHAT] Lap Time: 341:29
[15:23:25] [Render thread/INFO]: [System] [CHAT] Caught: minecraft:cod  (Total: 672)
[15:23:25] [Render thread/INFO]: [System] [CHAT] Lap Time: 341:37
[15:23:34] [Render thread/INFO]: [System] [CHAT] Caught: minecraft:enchanted_book  (Total: 6)
[15:23:34] [Render thread/INFO]: [System] [CHAT] Lap Time: 341:46
[15:23:43] [Render thread/INFO]: [System] [CHAT] Fish caught, but item not detected.
[15:23:54] [Render thread/INFO]: [System] [CHAT] Caught: minecraft:salmon  (Total: 296)
[15:23:54] [Render thread/INFO]: [System] [CHAT] Lap Time: 342:06
[15:24:02] [Render thread/INFO]: [System] [CHAT] Caught: minecraft:salmon  (Total: 297)
[15:24:02] [Render thread/INFO]: [System] [CHAT] Lap Time: 342:14
[15:24:13] [Render thread/INFO]: [System] [CHAT] Caught: minecraft:cod  (Total: 673)
[15:24:13] [Render thread/INFO]: [System] [CHAT] Lap Time: 342:26
[15:24:23] [Render thread/INFO]: [System] [CHAT] Caught: minecraft:salmon  (Total: 298)
[15:24:23] [Render thread/INFO]: [System] [CHAT] Lap Time: 342:35
[15:24:34] [Render thread/INFO]: [System] [CHAT] Caught: minecraft:cod  (Total: 674)
[15:24:34] [Render thread/INFO]: [System] [CHAT] Lap Time: 342:46
[15:24:47] [Render thread/INFO]: [System] [CHAT] Caught: minecraft:cod  (Total: 675)
[15:24:47] [Render thread/INFO]: [System] [CHAT] Lap Time: 343:00
[15:24:58] [Render thread/INFO]: [System] [CHAT] Caught: minecraft:salmon  (Total: 299)
[15:24:58] [Render thread/INFO]: [System] [CHAT] Lap Time: 343:10
[15:25:08] [Render thread/INFO]: [System] [CHAT] Caught: minecraft:cod  (Total: 676)
[15:25:08] [Render thread/INFO]: [System] [CHAT] Lap Time: 343:20
[15:25:26] [Render thread/INFO]: [System] [CHAT] Fish caught, but item not detected.
[15:25:37] [Render thread/INFO]: [System] [CHAT] Caught: minecraft:bone  (Total: 3)
[15:25:37] [Render thread/INFO]: [System] [CHAT] Lap Time: 343:49
[15:25:50] [Render thread/INFO]: [System] [CHAT] Caught: minecraft:pufferfish  (Total: 144)
[15:25:50] [Render thread/INFO]: [System] [CHAT] Lap Time: 344:03
[15:26:05] [Render thread/INFO]: [System] [CHAT] Caught: minecraft:cod  (Total: 677)
[15:26:05] [Render thread/INFO]: [System] [CHAT] Lap Time: 344:17
[15:26:22] [Render thread/INFO]: [System] [CHAT] Caught: minecraft:nautilus_shell  (Total: 33)
[15:26:22] [Render thread/INFO]: [System] [CHAT] Lap Time: 344:34
[15:26:28] [Render thread/INFO]: [System] [CHAT] Caught: minecraft:nautilus_shell  (Total: 34)
[15:26:28] [Render thread/INFO]: [System] [CHAT] Lap Time: 344:40
[15:26:35] [Render thread/INFO]: [System] [CHAT] Caught: minecraft:cod  (Total: 678)
[15:26:35] [Render thread/INFO]: [System] [CHAT] Lap Time: 344:47
[15:26:43] [Render thread/INFO]: [System] [CHAT] Caught: minecraft:cod  (Total: 679)
[15:26:43] [Render thread/INFO]: [System] [CHAT] Lap Time: 344:55
[15:26:59] [Render thread/INFO]: [System] [CHAT] Caught: minecraft:cod  (Total: 680)
[15:26:59] [Render thread/INFO]: [System] [CHAT] Lap Time: 345:12
[15:27:10] [Render thread/INFO]: [System] [CHAT] Caught: minecraft:cod  (Total: 681)
[15:27:10] [Render thread/INFO]: [System] [CHAT] Lap Time: 345:22
[15:27:25] [Render thread/INFO]: [System] [CHAT] Caught: minecraft:salmon  (Total: 300)
[15:27:25] [Render thread/INFO]: [System] [CHAT] Lap Time: 345:37
[15:27:36] [Render thread/INFO]: [System] [CHAT] Caught: minecraft:cod  (Total: 682)
[15:27:36] [Render thread/INFO]: [System] [CHAT] Lap Time: 345:48
[15:27:55] [Render thread/INFO]: [System] [CHAT] Caught: minecraft:cod  (Total: 683)
[15:27:55] [Render thread/INFO]: [System] [CHAT] Lap Time: 346:07
[15:28:04] [Render thread/INFO]: [System] [CHAT] Caught: minecraft:tropical_fish  (Total: 25)
[15:28:04] [Render thread/INFO]: [System] [CHAT] Lap Time: 346:16
[15:28:09] [Render thread/INFO]: [System] [CHAT] Caught: minecraft:pufferfish  (Total: 145)
[15:28:09] [Render thread/INFO]: [System] [CHAT] Lap Time: 346:21
[15:28:20] [Render thread/INFO]: [System] [CHAT] Caught: minecraft:cod  (Total: 684)
[15:28:20] [Render thread/INFO]: [System] [CHAT] Lap Time: 346:32
[15:28:39] [Render thread/INFO]: [System] [CHAT] Caught: minecraft:cod  (Total: 685)
[15:28:39] [Render thread/INFO]: [System] [CHAT] Lap Time: 346:51
[15:28:58] [Render thread/INFO]: [System] [CHAT] Caught: minecraft:cod  (Total: 686)
[15:28:58] [Render thread/INFO]: [System] [CHAT] Lap Time: 347:10
[15:29:19] [Render thread/INFO]: [System] [CHAT] Caught: minecraft:pufferfish  (Total: 146)
[15:29:19] [Render thread/INFO]: [System] [CHAT] Lap Time: 347:31
[15:29:31] [Render thread/INFO]: [System] [CHAT] Caught: minecraft:cod  (Total: 687)
[15:29:31] [Render thread/INFO]: [System] [CHAT] Lap Time: 347:43
[15:29:39] [Render thread/INFO]: [System] [CHAT] Fish caught, but item not detected.
[15:29:53] [Render thread/INFO]: [System] [CHAT] Caught: minecraft:cod  (Total: 688)
[15:29:53] [Render thread/INFO]: [System] [CHAT] Lap Time: 348:06
[15:30:00] [Render thread/INFO]: [System] [CHAT] Caught: minecraft:cod  (Total: 689)
[15:30:00] [Render thread/INFO]: [System] [CHAT] Lap Time: 348:12
[15:30:18] [Render thread/INFO]: [System] [CHAT] Caught: minecraft:cod  (Total: 690)
[15:30:18] [Render thread/INFO]: [System] [CHAT] Lap Time: 348:30
[15:30:37] [Render thread/INFO]: [System] [CHAT] Fish caught, but item not detected.
[15:30:44] [Render thread/INFO]: [System] [CHAT] Caught: minecraft:tropical_fish  (Total: 26)
[15:30:44] [Render thread/INFO]: [System] [CHAT] Lap Time: 348:56
[15:31:06] [Render thread/INFO]: [System] [CHAT] Caught: minecraft:pufferfish  (Total: 147)
[15:31:06] [Render thread/INFO]: [System] [CHAT] Lap Time: 349:18
[15:31:19] [Render thread/INFO]: [System] [CHAT] Caught: minecraft:cod  (Total: 691)
[15:31:19] [Render thread/INFO]: [System] [CHAT] Lap Time: 349:31
[15:31:33] [Render thread/INFO]: [System] [CHAT] Fish caught, but item not detected.
[15:31:43] [Render thread/INFO]: [System] [CHAT] Caught: minecraft:salmon  (Total: 301)
[15:31:43] [Render thread/INFO]: [System] [CHAT] Lap Time: 349:56
[15:31:57] [Render thread/INFO]: [System] [CHAT] Caught: minecraft:pufferfish  (Total: 148)
[15:31:57] [Render thread/INFO]: [System] [CHAT] Lap Time: 350:09
[15:32:16] [Render thread/INFO]: [System] [CHAT] Caught: minecraft:salmon  (Total: 302)
[15:32:16] [Render thread/INFO]: [System] [CHAT] Lap Time: 350:29
[15:32:36] [Render thread/INFO]: [System] [CHAT] Caught: minecraft:pufferfish  (Total: 149)
[15:32:36] [Render thread/INFO]: [System] [CHAT] Lap Time: 350:48
[15:32:56] [Render thread/INFO]: [System] [CHAT] Caught: minecraft:salmon  (Total: 303)
[15:32:56] [Render thread/INFO]: [System] [CHAT] Lap Time: 351:09
[15:33:08] [Render thread/INFO]: [System] [CHAT] Caught: minecraft:cod  (Total: 692)
[15:33:08] [Render thread/INFO]: [System] [CHAT] Lap Time: 351:20
[15:33:17] [Render thread/INFO]: [System] [CHAT] Fish caught, but item not detected.
[15:33:29] [Render thread/INFO]: [System] [CHAT] Fish caught, but item not detected.
[15:33:50] [Render thread/INFO]: [System] [CHAT] Caught: minecraft:salmon  (Total: 304)
[15:33:50] [Render thread/INFO]: [System] [CHAT] Lap Time: 352:03
[15:34:05] [Render thread/INFO]: [System] [CHAT] Caught: minecraft:pufferfish  (Total: 150)
[15:34:05] [Render thread/INFO]: [System] [CHAT] Lap Time: 352:18
[15:34:24] [Render thread/INFO]: [System] [CHAT] Caught: minecraft:cod  (Total: 693)
[15:34:24] [Render thread/INFO]: [System] [CHAT] Lap Time: 352:37
[15:34:25] [Server thread/WARN]: Can't keep up! Is the server overloaded? Running 2014ms or 40 ticks behind
[15:34:34] [Render thread/INFO]: [System] [CHAT] Caught: minecraft:cod  (Total: 694)
[15:34:34] [Render thread/INFO]: [System] [CHAT] Lap Time: 352:46
[15:34:45] [Render thread/INFO]: [System] [CHAT] Caught: minecraft:cod  (Total: 695)
[15:34:45] [Render thread/INFO]: [System] [CHAT] Lap Time: 352:58
[15:34:53] [Render thread/INFO]: [System] [CHAT] Caught: minecraft:tropical_fish  (Total: 27)
[15:34:53] [Render thread/INFO]: [System] [CHAT] Lap Time: 353:05
[15:35:00] [Render thread/INFO]: [System] [CHAT] Caught: minecraft:cod  (Total: 696)
[15:35:00] [Render thread/INFO]: [System] [CHAT] Lap Time: 353:12
[15:35:06] [Render thread/INFO]: [System] [CHAT] Fish caught, but item not detected.
[15:35:20] [Render thread/INFO]: [System] [CHAT] Caught: minecraft:salmon  (Total: 305)
[15:35:20] [Render thread/INFO]: [System] [CHAT] Lap Time: 353:32
[15:35:34] [Render thread/INFO]: [System] [CHAT] Caught: minecraft:cod  (Total: 697)
[15:35:34] [Render thread/INFO]: [System] [CHAT] Lap Time: 353:46
[15:35:41] [Render thread/INFO]: [System] [CHAT] Caught: minecraft:salmon  (Total: 306)
[15:35:41] [Render thread/INFO]: [System] [CHAT] Lap Time: 353:53
[15:35:57] [Render thread/INFO]: [System] [CHAT] Caught: minecraft:nautilus_shell  (Total: 35)
[15:35:57] [Render thread/INFO]: [System] [CHAT] Lap Time: 354:09
[15:36:18] [Render thread/INFO]: [System] [CHAT] Caught: minecraft:cod  (Total: 698)
[15:36:18] [Render thread/INFO]: [System] [CHAT] Lap Time: 354:30
[15:36:29] [Render thread/INFO]: [System] [CHAT] Caught: minecraft:pufferfish  (Total: 151)
[15:36:29] [Render thread/INFO]: [System] [CHAT] Lap Time: 354:41
[15:36:50] [Render thread/INFO]: [System] [CHAT] Fish caught, but item not detected.
[15:37:03] [Render thread/INFO]: [System] [CHAT] Fish caught, but item not detected.
[15:37:22] [Render thread/INFO]: [System] [CHAT] Caught: minecraft:cod  (Total: 699)
[15:37:22] [Render thread/INFO]: [System] [CHAT] Lap Time: 355:34
[15:37:30] [Render thread/INFO]: [System] [CHAT] Caught: minecraft:cod  (Total: 700)
[15:37:30] [Render thread/INFO]: [System] [CHAT] Lap Time: 355:42
[15:37:38] [Render thread/INFO]: [System] [CHAT] Caught: minecraft:pufferfish  (Total: 152)
[15:37:38] [Render thread/INFO]: [System] [CHAT] Lap Time: 355:50
[15:37:54] [Render thread/INFO]: [System] [CHAT] Fish caught, but item not detected.
[15:38:03] [Render thread/INFO]: [System] [CHAT] Caught: minecraft:cod  (Total: 701)
[15:38:03] [Render thread/INFO]: [System] [CHAT] Lap Time: 356:15
[15:38:14] [Render thread/INFO]: [System] [CHAT] Fish caught, but item not detected.
[15:38:31] [Render thread/INFO]: [System] [CHAT] Caught: minecraft:salmon  (Total: 307)
[15:38:31] [Render thread/INFO]: [System] [CHAT] Lap Time: 356:44
[15:38:37] [Render thread/INFO]: [System] [CHAT] Fish caught, but item not detected.
[15:38:58] [Render thread/INFO]: [System] [CHAT] Fish caught, but item not detected.
[15:39:13] [Render thread/INFO]: [System] [CHAT] Caught: minecraft:cod  (Total: 702)
[15:39:13] [Render thread/INFO]: [System] [CHAT] Lap Time: 357:26
[15:39:22] [Render thread/INFO]: [System] [CHAT] Caught: minecraft:cod  (Total: 703)
[15:39:22] [Render thread/INFO]: [System] [CHAT] Lap Time: 357:34
[15:39:30] [Render thread/INFO]: [System] [CHAT] Fish caught, but item not detected.
[15:39:46] [Render thread/INFO]: [System] [CHAT] Caught: minecraft:cod  (Total: 704)
[15:39:46] [Render thread/INFO]: [System] [CHAT] Lap Time: 357:58
[15:40:04] [Render thread/INFO]: [System] [CHAT] Caught: minecraft:salmon  (Total: 308)
[15:40:04] [Render thread/INFO]: [System] [CHAT] Lap Time: 358:16
[15:40:21] [Render thread/INFO]: [System] [CHAT] Caught: minecraft:cod  (Total: 705)
[15:40:21] [Render thread/INFO]: [System] [CHAT] Lap Time: 358:33
[15:40:33] [Render thread/INFO]: [System] [CHAT] Fish caught, but item not detected.
[15:40:51] [Render thread/INFO]: [System] [CHAT] Caught: minecraft:pufferfish  (Total: 153)
[15:40:51] [Render thread/INFO]: [System] [CHAT] Lap Time: 359:03
[15:41:07] [Render thread/INFO]: [System] [CHAT] Caught: minecraft:salmon  (Total: 309)
[15:41:07] [Render thread/INFO]: [System] [CHAT] Lap Time: 359:19
[15:41:18] [Render thread/INFO]: [System] [CHAT] Caught: minecraft:lily_pad  (Total: 14)
[15:41:18] [Render thread/INFO]: [System] [CHAT] Lap Time: 359:30
[15:41:33] [Render thread/INFO]: [System] [CHAT] Caught: minecraft:salmon  (Total: 310)
[15:41:33] [Render thread/INFO]: [System] [CHAT] Lap Time: 359:46
[15:41:46] [Render thread/INFO]: [System] [CHAT] Caught: minecraft:salmon  (Total: 311)
[15:41:46] [Render thread/INFO]: [System] [CHAT] Lap Time: 359:58
[15:42:01] [Render thread/INFO]: [System] [CHAT] Caught: minecraft:salmon  (Total: 312)
[15:42:01] [Render thread/INFO]: [System] [CHAT] Lap Time: 360:13
[15:42:17] [Render thread/INFO]: [System] [CHAT] Caught: minecraft:salmon  (Total: 313)
[15:42:17] [Render thread/INFO]: [System] [CHAT] Lap Time: 360:29
[15:42:29] [Render thread/INFO]: [System] [CHAT] Caught: minecraft:cod  (Total: 706)
[15:42:29] [Render thread/INFO]: [System] [CHAT] Lap Time: 360:42
[15:42:35] [Render thread/INFO]: [System] [CHAT] Fish caught, but item not detected.
[15:42:51] [Render thread/INFO]: [System] [CHAT] Fish caught, but item not detected.
[15:43:00] [Render thread/INFO]: [System] [CHAT] Caught: minecraft:cod  (Total: 707)
[15:43:00] [Render thread/INFO]: [System] [CHAT] Lap Time: 361:13
[15:43:08] [Render thread/INFO]: [System] [CHAT] Caught: minecraft:cod  (Total: 708)
[15:43:08] [Render thread/INFO]: [System] [CHAT] Lap Time: 361:21
[15:43:25] [Render thread/INFO]: [System] [CHAT] Caught: minecraft:salmon  (Total: 314)
[15:43:25] [Render thread/INFO]: [System] [CHAT] Lap Time: 361:37
[15:43:36] [Render thread/INFO]: [System] [CHAT] Caught: minecraft:nautilus_shell  (Total: 36)
[15:43:36] [Render thread/INFO]: [System] [CHAT] Lap Time: 361:48
[15:43:47] [Render thread/INFO]: [System] [CHAT] Caught: minecraft:cod  (Total: 709)
[15:43:47] [Render thread/INFO]: [System] [CHAT] Lap Time: 361:59
[15:43:57] [Render thread/INFO]: [System] [CHAT] Caught: minecraft:pufferfish  (Total: 154)
[15:43:57] [Render thread/INFO]: [System] [CHAT] Lap Time: 362:09
[15:44:10] [Render thread/INFO]: [System] [CHAT] Caught: minecraft:cod  (Total: 710)
[15:44:10] [Render thread/INFO]: [System] [CHAT] Lap Time: 362:22
[15:44:19] [Render thread/INFO]: [System] [CHAT] Caught: minecraft:cod  (Total: 711)
[15:44:19] [Render thread/INFO]: [System] [CHAT] Lap Time: 362:31
[15:44:35] [Render thread/INFO]: [System] [CHAT] Fish caught, but item not detected.
[15:44:50] [Render thread/INFO]: [System] [CHAT] Fish caught, but item not detected.
[15:44:59] [Render thread/INFO]: [System] [CHAT] Caught: minecraft:salmon  (Total: 315)
[15:44:59] [Render thread/INFO]: [System] [CHAT] Lap Time: 363:11
[15:45:14] [Render thread/INFO]: [System] [CHAT] Caught: minecraft:cod  (Total: 712)
[15:45:14] [Render thread/INFO]: [System] [CHAT] Lap Time: 363:26
[15:45:28] [Render thread/INFO]: [System] [CHAT] Fish caught, but item not detected.
[15:45:38] [Render thread/INFO]: [System] [CHAT] Fish caught, but item not detected.
[15:45:54] [Render thread/INFO]: [System] [CHAT] Caught: minecraft:cod  (Total: 713)
[15:45:54] [Render thread/INFO]: [System] [CHAT] Lap Time: 364:07
[15:46:09] [Render thread/INFO]: [System] [CHAT] Caught: minecraft:salmon  (Total: 316)
[15:46:09] [Render thread/INFO]: [System] [CHAT] Lap Time: 364:21
[15:46:26] [Render thread/INFO]: [System] [CHAT] Caught: minecraft:cod  (Total: 714)
[15:46:26] [Render thread/INFO]: [System] [CHAT] Lap Time: 364:38
[15:46:43] [Render thread/INFO]: [System] [CHAT] Caught: minecraft:salmon  (Total: 317)
[15:46:43] [Render thread/INFO]: [System] [CHAT] Lap Time: 364:55
[15:46:55] [Render thread/INFO]: [System] [CHAT] Caught: minecraft:salmon  (Total: 318)
[15:46:55] [Render thread/INFO]: [System] [CHAT] Lap Time: 365:07
[15:47:03] [Render thread/INFO]: [System] [CHAT] Caught: minecraft:cod  (Total: 715)
[15:47:03] [Render thread/INFO]: [System] [CHAT] Lap Time: 365:15
[15:47:14] [Render thread/INFO]: [System] [CHAT] Caught: minecraft:cod  (Total: 716)
[15:47:14] [Render thread/INFO]: [System] [CHAT] Lap Time: 365:26
[15:47:32] [Render thread/INFO]: [System] [CHAT] Caught: minecraft:cod  (Total: 717)
[15:47:32] [Render thread/INFO]: [System] [CHAT] Lap Time: 365:44
[15:47:49] [Render thread/INFO]: [System] [CHAT] Fish caught, but item not detected.
[15:48:04] [Render thread/INFO]: [System] [CHAT] Caught: minecraft:cod  (Total: 718)
[15:48:04] [Render thread/INFO]: [System] [CHAT] Lap Time: 366:16
[15:48:21] [Render thread/INFO]: [System] [CHAT] Fish caught, but item not detected.
[15:48:29] [Render thread/INFO]: [System] [CHAT] Caught: minecraft:cod  (Total: 719)
[15:48:29] [Render thread/INFO]: [System] [CHAT] Lap Time: 366:42
[15:48:46] [Render thread/INFO]: [System] [CHAT] Caught: minecraft:cod  (Total: 720)
[15:48:46] [Render thread/INFO]: [System] [CHAT] Lap Time: 366:58
[15:49:04] [Render thread/INFO]: [System] [CHAT] Caught: minecraft:cod  (Total: 721)
[15:49:04] [Render thread/INFO]: [System] [CHAT] Lap Time: 367:16
[15:49:22] [Render thread/INFO]: [System] [CHAT] Caught: minecraft:cod  (Total: 722)
[15:49:22] [Render thread/INFO]: [System] [CHAT] Lap Time: 367:34
[15:49:28] [Render thread/INFO]: [System] [CHAT] Caught: minecraft:cod  (Total: 723)
[15:49:28] [Render thread/INFO]: [System] [CHAT] Lap Time: 367:40
[15:49:34] [Render thread/INFO]: [System] [CHAT] Fish caught, but item not detected.
[15:49:50] [Render thread/INFO]: [System] [CHAT] Caught: minecraft:salmon  (Total: 319)
[15:49:50] [Render thread/INFO]: [System] [CHAT] Lap Time: 368:02
[15:50:02] [Render thread/INFO]: [System] [CHAT] Fish caught, but item not detected.
[15:50:14] [Render thread/INFO]: [System] [CHAT] Caught: minecraft:salmon  (Total: 320)
[15:50:14] [Render thread/INFO]: [System] [CHAT] Lap Time: 368:26
[15:50:27] [Render thread/INFO]: [System] [CHAT] Caught: minecraft:cod  (Total: 724)
[15:50:27] [Render thread/INFO]: [System] [CHAT] Lap Time: 368:39
[15:50:34] [Render thread/INFO]: [System] [CHAT] Caught: minecraft:cod  (Total: 725)
[15:50:34] [Render thread/INFO]: [System] [CHAT] Lap Time: 368:46
[15:50:41] [Render thread/INFO]: [System] [CHAT] Caught: minecraft:cod  (Total: 726)
[15:50:41] [Render thread/INFO]: [System] [CHAT] Lap Time: 368:53
[15:50:53] [Render thread/INFO]: [System] [CHAT] Caught: minecraft:cod  (Total: 727)
[15:50:53] [Render thread/INFO]: [System] [CHAT] Lap Time: 369:05
[15:51:03] [Render thread/INFO]: [System] [CHAT] Fish caught, but item not detected.
[15:51:17] [Render thread/INFO]: [System] [CHAT] Caught: minecraft:pufferfish  (Total: 155)
[15:51:17] [Render thread/INFO]: [System] [CHAT] Lap Time: 369:29
[15:51:30] [Render thread/INFO]: [System] [CHAT] Fish caught, but item not detected.
[15:51:41] [Render thread/INFO]: [System] [CHAT] Caught: minecraft:salmon  (Total: 321)
[15:51:41] [Render thread/INFO]: [System] [CHAT] Lap Time: 369:53
[15:51:53] [Render thread/INFO]: [System] [CHAT] Fish caught, but item not detected.
[15:52:15] [Render thread/INFO]: [System] [CHAT] Caught: minecraft:cod  (Total: 728)
[15:52:15] [Render thread/INFO]: [System] [CHAT] Lap Time: 370:27
[15:52:30] [Render thread/INFO]: [System] [CHAT] Caught: minecraft:cod  (Total: 729)
[15:52:30] [Render thread/INFO]: [System] [CHAT] Lap Time: 370:42
[15:52:38] [Render thread/INFO]: [System] [CHAT] Caught: minecraft:salmon  (Total: 322)
[15:52:38] [Render thread/INFO]: [System] [CHAT] Lap Time: 370:50
[15:52:48] [Render thread/INFO]: [System] [CHAT] Caught: minecraft:lily_pad  (Total: 15)
[15:52:48] [Render thread/INFO]: [System] [CHAT] Lap Time: 371:00
[15:53:04] [Render thread/INFO]: [System] [CHAT] Caught: minecraft:pufferfish  (Total: 156)
[15:53:04] [Render thread/INFO]: [System] [CHAT] Lap Time: 371:16
[15:53:14] [Render thread/INFO]: [System] [CHAT] Caught: minecraft:salmon  (Total: 323)
[15:53:14] [Render thread/INFO]: [System] [CHAT] Lap Time: 371:26
[15:53:32] [Render thread/INFO]: [System] [CHAT] Caught: minecraft:salmon  (Total: 324)
[15:53:32] [Render thread/INFO]: [System] [CHAT] Lap Time: 371:45
[15:53:44] [Render thread/INFO]: [System] [CHAT] Caught: minecraft:name_tag  (Total: 21)
[15:53:44] [Render thread/INFO]: [System] [CHAT] Lap Time: 371:57
[15:53:46] [Render thread/INFO]: [System] [CHAT] ----- Catch Summary -----
[15:53:46] [Render thread/INFO]: [System] [CHAT]  - minecraft:cod: 729 times
[15:53:46] [Render thread/INFO]: [System] [CHAT]  - minecraft:salmon: 324 times
[15:53:46] [Render thread/INFO]: [System] [CHAT]  - minecraft:pufferfish: 156 times
[15:53:46] [Render thread/INFO]: [System] [CHAT]  - minecraft:tropical_fish: 27 times
[15:53:46] [Render thread/INFO]: [System] [CHAT]  - minecraft:bow: 6 times
[15:53:46] [Render thread/INFO]: [System] [CHAT]  - minecraft:potion: 3 times
[15:53:46] [Render thread/INFO]: [System] [CHAT]  - minecraft:name_tag: 21 times
[15:53:46] [Render thread/INFO]: [System] [CHAT]  - minecraft:leather: 6 times
[15:53:46] [Render thread/INFO]: [System] [CHAT]  - minecraft:lily_pad: 15 times
[15:53:46] [Render thread/INFO]: [System] [CHAT]  - minecraft:saddle: 6 times
[15:53:46] [Render thread/INFO]: [System] [CHAT]  - minecraft:enchanted_book: 6 times
[15:53:46] [Render thread/INFO]: [System] [CHAT]  - minecraft:nautilus_shell: 36 times
[15:53:46] [Render thread/INFO]: [System] [CHAT]  - minecraft:rotten_flesh: 7 times
[15:53:46] [Render thread/INFO]: [System] [CHAT]  - minecraft:ink_sac: 1 times
[15:53:46] [Render thread/INFO]: [System] [CHAT]  - minecraft:tripwire_hook: 5 times
[15:53:46] [Render thread/INFO]: [System] [CHAT]  - minecraft:stick: 5 times
[15:53:46] [Render thread/INFO]: [System] [CHAT]  - minecraft:string: 1 times
[15:53:46] [Render thread/INFO]: [System] [CHAT]  - minecraft:bowl: 6 times
[15:53:46] [Render thread/INFO]: [System] [CHAT]  - minecraft:leather_boots: 3 times
[15:53:46] [Render thread/INFO]: [System] [CHAT]  - minecraft:bone: 3 times
[15:53:46] [Render thread/INFO]: [System] [CHAT] Elapsed Time: 371:59
[15:53:47] [Render thread/INFO]: [System] [CHAT] Screenshot saved: autofish_20250705_155347.png
[15:53:47] [Render thread/INFO]: [System] [CHAT] Summary saved to: summary_20250705_155347.txt
[15:53:48] [Render thread/INFO]: [System] [CHAT] Saved screenshot as autofish_20250705_155347.png
[15:53:49] [Render thread/INFO]: [System] [CHAT] Inventory cleared.
[15:53:49] [Render thread/INFO]: [System] [CHAT] Rod restored.
[15:53:50] [Server thread/INFO]: [sampleeeeeee: Removed 315 item(s) from player sampleeeeeee]
[15:53:50] [Server thread/INFO]: [sampleeeeeee: Replaced a slot on sampleeeeeee with [Fishing Rod]]
[15:53:50] [Server thread/INFO]: [sampleeeeeee: Applied enchantment Luck of the Sea III to sampleeeeeee's item]
[15:53:50] [Server thread/INFO]: [sampleeeeeee: Applied enchantment Lure III to sampleeeeeee's item]
[15:53:50] [Server thread/INFO]: [sampleeeeeee: Applied enchantment Unbreaking III to sampleeeeeee's item]
[15:53:50] [Server thread/INFO]: [sampleeeeeee: Applied enchantment Mending to sampleeeeeee's item]
[15:53:50] [Render thread/INFO]: [System] [CHAT] Removed 315 item(s) from player sampleeeeeee
[15:53:50] [Render thread/INFO]: [System] [CHAT] Replaced a slot on sampleeeeeee with [Fishing Rod]
[15:53:50] [Render thread/INFO]: [System] [CHAT] Applied enchantment Luck of the Sea III to sampleeeeeee's item
[15:53:50] [Render thread/INFO]: [System] [CHAT] Applied enchantment Lure III to sampleeeeeee's item
[15:53:50] [Render thread/INFO]: [System] [CHAT] Applied enchantment Unbreaking III to sampleeeeeee's item
[15:53:50] [Render thread/INFO]: [System] [CHAT] Applied enchantment Mending to sampleeeeeee's item
[15:54:06] [Render thread/INFO]: [System] [CHAT] Fish caught, but item not detected.
[15:54:12] [Render thread/INFO]: [System] [CHAT] Fish caught, but item not detected.
[15:54:22] [Render thread/INFO]: [System] [CHAT] Caught: minecraft:pufferfish  (Total: 157)
[15:54:22] [Render thread/INFO]: [System] [CHAT] Lap Time: 372:34
[15:54:32] [Render thread/INFO]: [System] [CHAT] Caught: minecraft:pufferfish  (Total: 158)
[15:54:32] [Render thread/INFO]: [System] [CHAT] Lap Time: 372:45
[15:54:44] [Render thread/INFO]: [System] [CHAT] Caught: minecraft:cod  (Total: 730)
[15:54:44] [Render thread/INFO]: [System] [CHAT] Lap Time: 372:57
[15:54:54] [Render thread/INFO]: [System] [CHAT] Caught: minecraft:pufferfish  (Total: 159)
[15:54:54] [Render thread/INFO]: [System] [CHAT] Lap Time: 373:07
[15:55:05] [Render thread/INFO]: [System] [CHAT] Caught: minecraft:saddle  (Total: 7)
[15:55:05] [Render thread/INFO]: [System] [CHAT] Lap Time: 373:17
[15:55:19] [Render thread/INFO]: [System] [CHAT] Caught: minecraft:cod  (Total: 731)
[15:55:19] [Render thread/INFO]: [System] [CHAT] Lap Time: 373:31
[15:55:32] [Render thread/INFO]: [System] [CHAT] Caught: minecraft:cod  (Total: 732)
[15:55:32] [Render thread/INFO]: [System] [CHAT] Lap Time: 373:44
[15:55:51] [Render thread/INFO]: [System] [CHAT] Caught: minecraft:pufferfish  (Total: 160)
[15:55:51] [Render thread/INFO]: [System] [CHAT] Lap Time: 374:03
[15:56:12] [Render thread/INFO]: [System] [CHAT] Caught: minecraft:salmon  (Total: 325)
[15:56:12] [Render thread/INFO]: [System] [CHAT] Lap Time: 374:24
[15:56:29] [Render thread/INFO]: [System] [CHAT] Caught: minecraft:cod  (Total: 733)
[15:56:29] [Render thread/INFO]: [System] [CHAT] Lap Time: 374:42
[15:56:45] [Render thread/INFO]: [System] [CHAT] Caught: minecraft:salmon  (Total: 326)
[15:56:45] [Render thread/INFO]: [System] [CHAT] Lap Time: 374:57
[15:56:58] [Render thread/INFO]: [System] [CHAT] Caught: minecraft:stick  (Total: 6)
[15:56:58] [Render thread/INFO]: [System] [CHAT] Lap Time: 375:11
[15:57:12] [Render thread/INFO]: [System] [CHAT] Caught: minecraft:tropical_fish  (Total: 28)
[15:57:12] [Render thread/INFO]: [System] [CHAT] Lap Time: 375:24
[15:57:26] [Render thread/INFO]: [System] [CHAT] Fish caught, but item not detected.
[15:57:34] [Render thread/INFO]: [System] [CHAT] Caught: minecraft:bow  (Total: 7)
[15:57:34] [Render thread/INFO]: [System] [CHAT] Lap Time: 375:46
[15:57:54] [Render thread/INFO]: [System] [CHAT] Caught: minecraft:cod  (Total: 734)
[15:57:54] [Render thread/INFO]: [System] [CHAT] Lap Time: 376:07
[15:58:06] [Render thread/INFO]: [System] [CHAT] Caught: minecraft:cod  (Total: 735)
[15:58:06] [Render thread/INFO]: [System] [CHAT] Lap Time: 376:18
[15:58:23] [Render thread/INFO]: [System] [CHAT] Fish caught, but item not detected.
[15:58:34] [Render thread/INFO]: [System] [CHAT] Caught: minecraft:salmon  (Total: 327)
[15:58:34] [Render thread/INFO]: [System] [CHAT] Lap Time: 376:46
[15:58:41] [Render thread/INFO]: [System] [CHAT] Caught: minecraft:salmon  (Total: 328)
[15:58:41] [Render thread/INFO]: [System] [CHAT] Lap Time: 376:53
[15:58:47] [Render thread/INFO]: [System] [CHAT] Caught: minecraft:bowl  (Total: 7)
[15:58:47] [Render thread/INFO]: [System] [CHAT] Lap Time: 377:00
[15:58:56] [Render thread/INFO]: [System] [CHAT] Caught: minecraft:bone  (Total: 4)
[15:58:56] [Render thread/INFO]: [System] [CHAT] Lap Time: 377:08
[15:59:15] [Render thread/INFO]: [System] [CHAT] Caught: minecraft:tropical_fish  (Total: 29)
[15:59:15] [Render thread/INFO]: [System] [CHAT] Lap Time: 377:27
[15:59:27] [Render thread/INFO]: [System] [CHAT] Fish caught, but item not detected.
[15:59:34] [Render thread/INFO]: [System] [CHAT] Caught: minecraft:cod  (Total: 736)
[15:59:34] [Render thread/INFO]: [System] [CHAT] Lap Time: 377:46
[15:59:46] [Render thread/INFO]: [System] [CHAT] Caught: minecraft:cod  (Total: 737)
[15:59:46] [Render thread/INFO]: [System] [CHAT] Lap Time: 377:58
[15:59:55] [Render thread/INFO]: [System] [CHAT] Caught: minecraft:cod  (Total: 738)
[15:59:55] [Render thread/INFO]: [System] [CHAT] Lap Time: 378:07
[16:00:07] [Render thread/INFO]: [System] [CHAT] Fish caught, but item not detected.
[16:00:16] [Render thread/INFO]: [System] [CHAT] Fish caught, but item not detected.
[16:00:29] [Render thread/INFO]: [System] [CHAT] Fish caught, but item not detected.
[16:00:38] [Render thread/INFO]: [System] [CHAT] Caught: minecraft:cod  (Total: 739)
[16:00:38] [Render thread/INFO]: [System] [CHAT] Lap Time: 378:50
[16:00:44] [Render thread/INFO]: [System] [CHAT] Caught: minecraft:cod  (Total: 740)
[16:00:44] [Render thread/INFO]: [System] [CHAT] Lap Time: 378:56
[16:00:49] [Render thread/INFO]: [System] [CHAT] Caught: minecraft:salmon  (Total: 329)
[16:00:49] [Render thread/INFO]: [System] [CHAT] Lap Time: 379:02
[16:00:56] [Render thread/INFO]: [System] [CHAT] Caught: minecraft:cod  (Total: 741)
[16:00:56] [Render thread/INFO]: [System] [CHAT] Lap Time: 379:08
[16:01:02] [Render thread/INFO]: [System] [CHAT] Fish caught, but item not detected.
[16:01:21] [Render thread/INFO]: [System] [CHAT] Caught: minecraft:cod  (Total: 742)
[16:01:21] [Render thread/INFO]: [System] [CHAT] Lap Time: 379:34
[16:01:29] [Render thread/INFO]: [System] [CHAT] Caught: minecraft:cod  (Total: 743)
[16:01:29] [Render thread/INFO]: [System] [CHAT] Lap Time: 379:41
[16:01:46] [Render thread/INFO]: [System] [CHAT] Caught: minecraft:cod  (Total: 744)
[16:01:46] [Render thread/INFO]: [System] [CHAT] Lap Time: 379:59
[16:02:03] [Render thread/INFO]: [System] [CHAT] Caught: minecraft:pufferfish  (Total: 161)
[16:02:03] [Render thread/INFO]: [System] [CHAT] Lap Time: 380:15
[16:02:23] [Render thread/INFO]: [System] [CHAT] Fish caught, but item not detected.
[16:02:36] [Render thread/INFO]: [System] [CHAT] Caught: minecraft:cod  (Total: 745)
[16:02:36] [Render thread/INFO]: [System] [CHAT] Lap Time: 380:48
[16:02:52] [Render thread/INFO]: [System] [CHAT] Caught: minecraft:cod  (Total: 746)
[16:02:52] [Render thread/INFO]: [System] [CHAT] Lap Time: 381:04
[16:03:09] [Render thread/INFO]: [System] [CHAT] Caught: minecraft:tropical_fish  (Total: 30)
[16:03:09] [Render thread/INFO]: [System] [CHAT] Lap Time: 381:21
[16:03:30] [Render thread/INFO]: [System] [CHAT] Caught: minecraft:cod  (Total: 747)
[16:03:30] [Render thread/INFO]: [System] [CHAT] Lap Time: 381:42
[16:03:43] [Render thread/INFO]: [System] [CHAT] Fish caught, but item not detected.
[16:03:52] [Render thread/INFO]: [System] [CHAT] Caught: minecraft:cod  (Total: 748)
[16:03:52] [Render thread/INFO]: [System] [CHAT] Lap Time: 382:04
[16:04:13] [Render thread/INFO]: [System] [CHAT] Caught: minecraft:cod  (Total: 749)
[16:04:13] [Render thread/INFO]: [System] [CHAT] Lap Time: 382:25
[16:04:20] [Render thread/INFO]: [System] [CHAT] Caught: minecraft:cod  (Total: 750)
[16:04:20] [Render thread/INFO]: [System] [CHAT] Lap Time: 382:33
[16:04:26] [Render thread/INFO]: [System] [CHAT] Caught: minecraft:name_tag  (Total: 22)
[16:04:26] [Render thread/INFO]: [System] [CHAT] Lap Time: 382:38
[16:04:35] [Render thread/INFO]: [System] [CHAT] Caught: minecraft:cod  (Total: 751)
[16:04:35] [Render thread/INFO]: [System] [CHAT] Lap Time: 382:47
[16:04:53] [Render thread/INFO]: [System] [CHAT] Caught: minecraft:cod  (Total: 752)
[16:04:53] [Render thread/INFO]: [System] [CHAT] Lap Time: 383:06
[16:05:10] [Render thread/INFO]: [System] [CHAT] Caught: minecraft:cod  (Total: 753)
[16:05:10] [Render thread/INFO]: [System] [CHAT] Lap Time: 383:22
[16:05:29] [Render thread/INFO]: [System] [CHAT] Caught: minecraft:cod  (Total: 754)
[16:05:29] [Render thread/INFO]: [System] [CHAT] Lap Time: 383:42
[16:05:45] [Render thread/INFO]: [System] [CHAT] Caught: minecraft:salmon  (Total: 330)
[16:05:45] [Render thread/INFO]: [System] [CHAT] Lap Time: 383:57
[16:06:02] [Render thread/INFO]: [System] [CHAT] Caught: minecraft:cod  (Total: 755)
[16:06:02] [Render thread/INFO]: [System] [CHAT] Lap Time: 384:14
[16:06:18] [Render thread/INFO]: [System] [CHAT] Caught: minecraft:pufferfish  (Total: 162)
[16:06:18] [Render thread/INFO]: [System] [CHAT] Lap Time: 384:30
[16:06:37] [Render thread/INFO]: [System] [CHAT] Caught: minecraft:cod  (Total: 756)
[16:06:37] [Render thread/INFO]: [System] [CHAT] Lap Time: 384:49
[16:06:51] [Render thread/INFO]: [System] [CHAT] Caught: minecraft:cod  (Total: 757)
[16:06:51] [Render thread/INFO]: [System] [CHAT] Lap Time: 385:04
[16:07:05] [Render thread/INFO]: [System] [CHAT] Caught: minecraft:salmon  (Total: 331)
[16:07:05] [Render thread/INFO]: [System] [CHAT] Lap Time: 385:17
[16:07:14] [Render thread/INFO]: [System] [CHAT] Caught: minecraft:cod  (Total: 758)
[16:07:14] [Render thread/INFO]: [System] [CHAT] Lap Time: 385:26
[16:07:25] [Render thread/INFO]: [System] [CHAT] Caught: minecraft:enchanted_book  (Total: 7)
[16:07:25] [Render thread/INFO]: [System] [CHAT] Lap Time: 385:37
[16:07:33] [Render thread/INFO]: [System] [CHAT] Caught: minecraft:cod  (Total: 759)
[16:07:33] [Render thread/INFO]: [System] [CHAT] Lap Time: 385:45
[16:07:51] [Render thread/INFO]: [System] [CHAT] Caught: minecraft:salmon  (Total: 332)
[16:07:51] [Render thread/INFO]: [System] [CHAT] Lap Time: 386:03
[16:07:59] [Render thread/INFO]: [System] [CHAT] Caught: minecraft:cod  (Total: 760)
[16:07:59] [Render thread/INFO]: [System] [CHAT] Lap Time: 386:11
[16:08:16] [Render thread/INFO]: [System] [CHAT] Caught: minecraft:cod  (Total: 761)
[16:08:16] [Render thread/INFO]: [System] [CHAT] Lap Time: 386:28
[16:08:34] [Render thread/INFO]: [System] [CHAT] Caught: minecraft:cod  (Total: 762)
[16:08:34] [Render thread/INFO]: [System] [CHAT] Lap Time: 386:46
[16:08:47] [Render thread/INFO]: [System] [CHAT] Caught: minecraft:cod  (Total: 763)
[16:08:47] [Render thread/INFO]: [System] [CHAT] Lap Time: 387:00
[16:09:04] [Render thread/INFO]: [System] [CHAT] Fish caught, but item not detected.
[16:09:11] [Render thread/INFO]: [System] [CHAT] Caught: minecraft:cod  (Total: 764)
[16:09:11] [Render thread/INFO]: [System] [CHAT] Lap Time: 387:23
[16:09:23] [Render thread/INFO]: [System] [CHAT] Caught: minecraft:cod  (Total: 765)
[16:09:23] [Render thread/INFO]: [System] [CHAT] Lap Time: 387:35
[16:09:30] [Render thread/INFO]: [System] [CHAT] Caught: minecraft:cod  (Total: 766)
[16:09:30] [Render thread/INFO]: [System] [CHAT] Lap Time: 387:42
[16:09:44] [Render thread/INFO]: [System] [CHAT] Fish caught, but item not detected.
[16:09:53] [Render thread/INFO]: [System] [CHAT] Caught: minecraft:cod  (Total: 767)
[16:09:53] [Render thread/INFO]: [System] [CHAT] Lap Time: 388:05
[16:10:07] [Render thread/INFO]: [System] [CHAT] Caught: minecraft:salmon  (Total: 333)
[16:10:07] [Render thread/INFO]: [System] [CHAT] Lap Time: 388:20
[16:10:27] [Render thread/INFO]: [System] [CHAT] Caught: minecraft:cod  (Total: 768)
[16:10:27] [Render thread/INFO]: [System] [CHAT] Lap Time: 388:39
[16:10:41] [Render thread/INFO]: [System] [CHAT] Fish caught, but item not detected.
[16:10:55] [Render thread/INFO]: [System] [CHAT] Caught: minecraft:cod  (Total: 769)
[16:10:55] [Render thread/INFO]: [System] [CHAT] Lap Time: 389:07
[16:11:13] [Render thread/INFO]: [System] [CHAT] Caught: minecraft:cod  (Total: 770)
[16:11:13] [Render thread/INFO]: [System] [CHAT] Lap Time: 389:25
[16:11:29] [Render thread/INFO]: [System] [CHAT] Caught: minecraft:salmon  (Total: 334)
[16:11:29] [Render thread/INFO]: [System] [CHAT] Lap Time: 389:41
[16:11:46] [Render thread/INFO]: [System] [CHAT] Fish caught, but item not detected.
[16:12:07] [Render thread/INFO]: [System] [CHAT] Caught: minecraft:cod  (Total: 771)
[16:12:07] [Render thread/INFO]: [System] [CHAT] Lap Time: 390:19
[16:12:16] [Render thread/INFO]: [System] [CHAT] Caught: minecraft:cod  (Total: 772)
[16:12:16] [Render thread/INFO]: [System] [CHAT] Lap Time: 390:28
[16:12:36] [Render thread/INFO]: [System] [CHAT] Caught: minecraft:cod  (Total: 773)
[16:12:36] [Render thread/INFO]: [System] [CHAT] Lap Time: 390:48
[16:12:45] [Render thread/INFO]: [System] [CHAT] Caught: minecraft:salmon  (Total: 335)
[16:12:45] [Render thread/INFO]: [System] [CHAT] Lap Time: 390:57
[16:13:04] [Render thread/INFO]: [System] [CHAT] Caught: minecraft:cod  (Total: 774)
[16:13:04] [Render thread/INFO]: [System] [CHAT] Lap Time: 391:16
[16:13:14] [Render thread/INFO]: [System] [CHAT] Fish caught, but item not detected.
[16:13:32] [Render thread/INFO]: [System] [CHAT] Caught: minecraft:salmon  (Total: 336)
[16:13:32] [Render thread/INFO]: [System] [CHAT] Lap Time: 391:44
[16:13:47] [Render thread/INFO]: [System] [CHAT] Fish caught, but item not detected.
[16:14:07] [Render thread/INFO]: [System] [CHAT] Caught: minecraft:cod  (Total: 775)
[16:14:07] [Render thread/INFO]: [System] [CHAT] Lap Time: 392:20
[16:14:28] [Render thread/INFO]: [System] [CHAT] Caught: minecraft:salmon  (Total: 337)
[16:14:28] [Render thread/INFO]: [System] [CHAT] Lap Time: 392:40
[16:14:35] [Render thread/INFO]: [System] [CHAT] Caught: minecraft:salmon  (Total: 338)
[16:14:35] [Render thread/INFO]: [System] [CHAT] Lap Time: 392:47
[16:14:46] [Render thread/INFO]: [System] [CHAT] Caught: minecraft:cod  (Total: 776)
[16:14:46] [Render thread/INFO]: [System] [CHAT] Lap Time: 392:58
[16:15:03] [Render thread/INFO]: [System] [CHAT] Fish caught, but item not detected.
[16:15:13] [Render thread/INFO]: [System] [CHAT] Caught: minecraft:cod  (Total: 777)
[16:15:13] [Render thread/INFO]: [System] [CHAT] Lap Time: 393:25
[16:15:30] [Render thread/INFO]: [System] [CHAT] Caught: minecraft:cod  (Total: 778)
[16:15:30] [Render thread/INFO]: [System] [CHAT] Lap Time: 393:42
[16:15:41] [Render thread/INFO]: [System] [CHAT] Fish caught, but item not detected.
[16:16:00] [Render thread/INFO]: [System] [CHAT] Caught: minecraft:cod  (Total: 779)
[16:16:00] [Render thread/INFO]: [System] [CHAT] Lap Time: 394:13
[16:16:10] [Render thread/INFO]: [System] [CHAT] Caught: minecraft:cod  (Total: 780)
[16:16:10] [Render thread/INFO]: [System] [CHAT] Lap Time: 394:22
[16:16:20] [Render thread/INFO]: [System] [CHAT] Caught: minecraft:leather_boots  (Total: 4)
[16:16:20] [Render thread/INFO]: [System] [CHAT] Lap Time: 394:32
[16:16:34] [Render thread/INFO]: [System] [CHAT] Caught: minecraft:salmon  (Total: 339)
[16:16:34] [Render thread/INFO]: [System] [CHAT] Lap Time: 394:47
[16:16:53] [Render thread/INFO]: [System] [CHAT] Caught: minecraft:cod  (Total: 781)
[16:16:53] [Render thread/INFO]: [System] [CHAT] Lap Time: 395:05
[16:17:04] [Render thread/INFO]: [System] [CHAT] Caught: minecraft:salmon  (Total: 340)
[16:17:04] [Render thread/INFO]: [System] [CHAT] Lap Time: 395:16
[16:17:15] [Render thread/INFO]: [System] [CHAT] Caught: minecraft:salmon  (Total: 341)
[16:17:15] [Render thread/INFO]: [System] [CHAT] Lap Time: 395:27
[16:17:32] [Render thread/INFO]: [System] [CHAT] Caught: minecraft:cod  (Total: 782)
[16:17:32] [Render thread/INFO]: [System] [CHAT] Lap Time: 395:44
[16:17:49] [Render thread/INFO]: [System] [CHAT] Caught: minecraft:salmon  (Total: 342)
[16:17:49] [Render thread/INFO]: [System] [CHAT] Lap Time: 396:01
[16:18:07] [Render thread/INFO]: [System] [CHAT] Caught: minecraft:cod  (Total: 783)
[16:18:07] [Render thread/INFO]: [System] [CHAT] Lap Time: 396:19
[16:18:27] [Render thread/INFO]: [System] [CHAT] Fish caught, but item not detected.
[16:18:46] [Render thread/INFO]: [System] [CHAT] Caught: minecraft:cod  (Total: 784)
[16:18:46] [Render thread/INFO]: [System] [CHAT] Lap Time: 396:58
[16:18:59] [Render thread/INFO]: [System] [CHAT] Caught: minecraft:cod  (Total: 785)
[16:18:59] [Render thread/INFO]: [System] [CHAT] Lap Time: 397:12
[16:19:17] [Render thread/INFO]: [System] [CHAT] Fish caught, but item not detected.
[16:19:32] [Render thread/INFO]: [System] [CHAT] Caught: minecraft:salmon  (Total: 343)
[16:19:32] [Render thread/INFO]: [System] [CHAT] Lap Time: 397:44
[16:19:39] [Render thread/INFO]: [System] [CHAT] Caught: minecraft:salmon  (Total: 344)
[16:19:39] [Render thread/INFO]: [System] [CHAT] Lap Time: 397:51
[16:19:49] [Render thread/INFO]: [System] [CHAT] Caught: minecraft:salmon  (Total: 345)
[16:19:49] [Render thread/INFO]: [System] [CHAT] Lap Time: 398:01
[16:20:00] [Render thread/INFO]: [System] [CHAT] Caught: minecraft:cod  (Total: 786)
[16:20:00] [Render thread/INFO]: [System] [CHAT] Lap Time: 398:12
[16:20:12] [Render thread/INFO]: [System] [CHAT] Caught: minecraft:cod  (Total: 787)
[16:20:12] [Render thread/INFO]: [System] [CHAT] Lap Time: 398:25
[16:20:30] [Render thread/INFO]: [System] [CHAT] Caught: minecraft:cod  (Total: 788)
[16:20:30] [Render thread/INFO]: [System] [CHAT] Lap Time: 398:42
[16:20:39] [Render thread/INFO]: [System] [CHAT] Caught: minecraft:cod  (Total: 789)
[16:20:39] [Render thread/INFO]: [System] [CHAT] Lap Time: 398:51
[16:20:56] [Render thread/INFO]: [System] [CHAT] Fish caught, but item not detected.
[16:21:10] [Render thread/INFO]: [System] [CHAT] Caught: minecraft:lily_pad  (Total: 16)
[16:21:10] [Render thread/INFO]: [System] [CHAT] Lap Time: 399:22
[16:21:17] [Render thread/INFO]: [System] [CHAT] Caught: minecraft:salmon  (Total: 346)
[16:21:17] [Render thread/INFO]: [System] [CHAT] Lap Time: 399:29
[16:21:23] [Render thread/INFO]: [System] [CHAT] Caught: minecraft:salmon  (Total: 347)
[16:21:23] [Render thread/INFO]: [System] [CHAT] Lap Time: 399:35
[16:21:32] [Render thread/INFO]: [System] [CHAT] Fish caught, but item not detected.
[16:21:47] [Render thread/INFO]: [System] [CHAT] Caught: minecraft:pufferfish  (Total: 163)
[16:21:47] [Render thread/INFO]: [System] [CHAT] Lap Time: 399:59
[16:21:54] [Render thread/INFO]: [System] [CHAT] Fish caught, but item not detected.
[16:22:14] [Render thread/INFO]: [System] [CHAT] Caught: minecraft:leather  (Total: 7)
[16:22:14] [Render thread/INFO]: [System] [CHAT] Lap Time: 400:26
[16:22:21] [Render thread/INFO]: [System] [CHAT] Fish caught, but item not detected.
[16:22:43] [Render thread/INFO]: [System] [CHAT] Fish caught, but item not detected.
[16:22:52] [Render thread/INFO]: [System] [CHAT] Caught: minecraft:salmon  (Total: 348)
[16:22:52] [Render thread/INFO]: [System] [CHAT] Lap Time: 401:04
[16:23:10] [Render thread/INFO]: [System] [CHAT] Caught: minecraft:salmon  (Total: 349)
[16:23:10] [Render thread/INFO]: [System] [CHAT] Lap Time: 401:22
[16:23:18] [Render thread/INFO]: [System] [CHAT] Caught: minecraft:cod  (Total: 790)
[16:23:18] [Render thread/INFO]: [System] [CHAT] Lap Time: 401:30
[16:23:36] [Render thread/INFO]: [System] [CHAT] Caught: minecraft:cod  (Total: 791)
[16:23:36] [Render thread/INFO]: [System] [CHAT] Lap Time: 401:48
[16:23:53] [Render thread/INFO]: [System] [CHAT] Fish caught, but item not detected.
[16:24:13] [Render thread/INFO]: [System] [CHAT] Caught: minecraft:cod  (Total: 792)
[16:24:13] [Render thread/INFO]: [System] [CHAT] Lap Time: 402:25
[16:24:25] [Render thread/INFO]: [System] [CHAT] Fish caught, but item not detected.
[16:24:38] [Render thread/INFO]: [System] [CHAT] Caught: minecraft:salmon  (Total: 350)
[16:24:38] [Render thread/INFO]: [System] [CHAT] Lap Time: 402:50
[16:24:48] [Render thread/INFO]: [System] [CHAT] Caught: minecraft:salmon  (Total: 351)
[16:24:48] [Render thread/INFO]: [System] [CHAT] Lap Time: 403:00
[16:24:58] [Render thread/INFO]: [System] [CHAT] Caught: minecraft:salmon  (Total: 352)
[16:24:58] [Render thread/INFO]: [System] [CHAT] Lap Time: 403:10
[16:25:10] [Render thread/INFO]: [System] [CHAT] Caught: minecraft:cod  (Total: 793)
[16:25:10] [Render thread/INFO]: [System] [CHAT] Lap Time: 403:22
[16:25:30] [Render thread/INFO]: [System] [CHAT] Caught: minecraft:cod  (Total: 794)
[16:25:30] [Render thread/INFO]: [System] [CHAT] Lap Time: 403:42
[16:25:44] [Render thread/INFO]: [System] [CHAT] Fish caught, but item not detected.
[16:26:05] [Render thread/INFO]: [System] [CHAT] Caught: minecraft:cod  (Total: 795)
[16:26:05] [Render thread/INFO]: [System] [CHAT] Lap Time: 404:17
[16:26:23] [Render thread/INFO]: [System] [CHAT] Caught: minecraft:cod  (Total: 796)
[16:26:23] [Render thread/INFO]: [System] [CHAT] Lap Time: 404:35
[16:26:36] [Render thread/INFO]: [System] [CHAT] Caught: minecraft:cod  (Total: 797)
[16:26:36] [Render thread/INFO]: [System] [CHAT] Lap Time: 404:48
[16:26:47] [Render thread/INFO]: [System] [CHAT] Caught: minecraft:salmon  (Total: 353)
[16:26:47] [Render thread/INFO]: [System] [CHAT] Lap Time: 404:59
[16:26:55] [Render thread/INFO]: [System] [CHAT] Caught: minecraft:salmon  (Total: 354)
[16:26:55] [Render thread/INFO]: [System] [CHAT] Lap Time: 405:08
[16:27:06] [Render thread/INFO]: [System] [CHAT] Caught: minecraft:salmon  (Total: 355)
[16:27:06] [Render thread/INFO]: [System] [CHAT] Lap Time: 405:18
[16:27:23] [Render thread/INFO]: [System] [CHAT] Fish caught, but item not detected.
[16:27:33] [Render thread/INFO]: [System] [CHAT] Caught: minecraft:cod  (Total: 798)
[16:27:33] [Render thread/INFO]: [System] [CHAT] Lap Time: 405:45
[16:27:41] [Render thread/INFO]: [System] [CHAT] Caught: minecraft:salmon  (Total: 356)
[16:27:41] [Render thread/INFO]: [System] [CHAT] Lap Time: 405:53
[16:27:48] [Render thread/INFO]: [System] [CHAT] Caught: minecraft:salmon  (Total: 357)
[16:27:48] [Render thread/INFO]: [System] [CHAT] Lap Time: 406:01
[16:28:02] [Render thread/INFO]: [System] [CHAT] Caught: minecraft:salmon  (Total: 358)
[16:28:02] [Render thread/INFO]: [System] [CHAT] Lap Time: 406:14
[16:28:11] [Render thread/INFO]: [System] [CHAT] Caught: minecraft:salmon  (Total: 359)
[16:28:11] [Render thread/INFO]: [System] [CHAT] Lap Time: 406:23
[16:28:23] [Render thread/INFO]: [System] [CHAT] Caught: minecraft:cod  (Total: 799)
[16:28:23] [Render thread/INFO]: [System] [CHAT] Lap Time: 406:35
[16:28:38] [Render thread/INFO]: [System] [CHAT] Caught: minecraft:salmon  (Total: 360)
[16:28:38] [Render thread/INFO]: [System] [CHAT] Lap Time: 406:50
[16:28:57] [Render thread/INFO]: [System] [CHAT] Fish caught, but item not detected.
[16:29:15] [Render thread/INFO]: [System] [CHAT] Caught: minecraft:salmon  (Total: 361)
[16:29:15] [Render thread/INFO]: [System] [CHAT] Lap Time: 407:27
[16:29:27] [Render thread/INFO]: [System] [CHAT] Caught: minecraft:salmon  (Total: 362)
[16:29:27] [Render thread/INFO]: [System] [CHAT] Lap Time: 407:40
[16:29:39] [Render thread/INFO]: [System] [CHAT] Fish caught, but item not detected.
[16:29:57] [Render thread/INFO]: [System] [CHAT] Caught: minecraft:bone  (Total: 5)
[16:29:57] [Render thread/INFO]: [System] [CHAT] Lap Time: 408:09
[16:30:05] [Render thread/INFO]: [System] [CHAT] Caught: minecraft:pufferfish  (Total: 164)
[16:30:05] [Render thread/INFO]: [System] [CHAT] Lap Time: 408:17
[16:30:21] [Render thread/INFO]: [System] [CHAT] Caught: minecraft:cod  (Total: 800)
[16:30:21] [Render thread/INFO]: [System] [CHAT] Lap Time: 408:33
[16:30:37] [Render thread/INFO]: [System] [CHAT] Caught: minecraft:salmon  (Total: 363)
[16:30:37] [Render thread/INFO]: [System] [CHAT] Lap Time: 408:49
[16:30:50] [Render thread/INFO]: [System] [CHAT] Fish caught, but item not detected.
[16:31:07] [Render thread/INFO]: [System] [CHAT] Caught: minecraft:cod  (Total: 801)
[16:31:07] [Render thread/INFO]: [System] [CHAT] Lap Time: 409:19
[16:31:23] [Render thread/INFO]: [System] [CHAT] Caught: minecraft:pufferfish  (Total: 165)
[16:31:23] [Render thread/INFO]: [System] [CHAT] Lap Time: 409:36
[16:31:33] [Render thread/INFO]: [System] [CHAT] Fish caught, but item not detected.
[16:31:52] [Render thread/INFO]: [System] [CHAT] Caught: minecraft:salmon  (Total: 364)
[16:31:52] [Render thread/INFO]: [System] [CHAT] Lap Time: 410:04
[16:32:01] [Render thread/INFO]: [System] [CHAT] Caught: minecraft:salmon  (Total: 365)
[16:32:01] [Render thread/INFO]: [System] [CHAT] Lap Time: 410:14
[16:32:15] [Render thread/INFO]: [System] [CHAT] Caught: minecraft:salmon  (Total: 366)
[16:32:15] [Render thread/INFO]: [System] [CHAT] Lap Time: 410:27
[16:32:24] [Render thread/INFO]: [System] [CHAT] Caught: minecraft:pufferfish  (Total: 166)
[16:32:24] [Render thread/INFO]: [System] [CHAT] Lap Time: 410:36
[16:32:45] [Render thread/INFO]: [System] [CHAT] Caught: minecraft:salmon  (Total: 367)
[16:32:45] [Render thread/INFO]: [System] [CHAT] Lap Time: 410:57
[16:33:02] [Render thread/INFO]: [System] [CHAT] Fish caught, but item not detected.
[16:33:21] [Render thread/INFO]: [System] [CHAT] Caught: minecraft:cod  (Total: 802)
[16:33:21] [Render thread/INFO]: [System] [CHAT] Lap Time: 411:33
[16:33:35] [Render thread/INFO]: [System] [CHAT] Caught: minecraft:cod  (Total: 803)
[16:33:35] [Render thread/INFO]: [System] [CHAT] Lap Time: 411:48
[16:33:51] [Render thread/INFO]: [System] [CHAT] Caught: minecraft:cod  (Total: 804)
[16:33:51] [Render thread/INFO]: [System] [CHAT] Lap Time: 412:03
[16:34:12] [Render thread/INFO]: [System] [CHAT] Caught: minecraft:salmon  (Total: 368)
[16:34:12] [Render thread/INFO]: [System] [CHAT] Lap Time: 412:24
[16:34:31] [Render thread/INFO]: [System] [CHAT] Caught: minecraft:cod  (Total: 805)
[16:34:31] [Render thread/INFO]: [System] [CHAT] Lap Time: 412:44
[16:34:40] [Render thread/INFO]: [System] [CHAT] Caught: minecraft:cod  (Total: 806)
[16:34:40] [Render thread/INFO]: [System] [CHAT] Lap Time: 412:53
[16:34:47] [Render thread/INFO]: [System] [CHAT] Caught: minecraft:tripwire_hook  (Total: 6)
[16:34:47] [Render thread/INFO]: [System] [CHAT] Lap Time: 412:59
[16:34:58] [Render thread/INFO]: [System] [CHAT] Fish caught, but item not detected.
[16:35:16] [Render thread/INFO]: [System] [CHAT] Caught: minecraft:cod  (Total: 807)
[16:35:16] [Render thread/INFO]: [System] [CHAT] Lap Time: 413:28
[16:35:37] [Render thread/INFO]: [System] [CHAT] Fish caught, but item not detected.
[16:35:49] [Render thread/INFO]: [System] [CHAT] Fish caught, but item not detected.
[16:36:09] [Render thread/INFO]: [System] [CHAT] Fish caught, but item not detected.
[16:36:19] [Render thread/INFO]: [System] [CHAT] Caught: minecraft:cod  (Total: 808)
[16:36:19] [Render thread/INFO]: [System] [CHAT] Lap Time: 414:32
[16:36:37] [Render thread/INFO]: [System] [CHAT] Caught: minecraft:salmon  (Total: 369)
[16:36:37] [Render thread/INFO]: [System] [CHAT] Lap Time: 414:49
[16:36:56] [Render thread/INFO]: [System] [CHAT] Caught: minecraft:pufferfish  (Total: 167)
[16:36:56] [Render thread/INFO]: [System] [CHAT] Lap Time: 415:08
[16:37:12] [Render thread/INFO]: [System] [CHAT] Caught: minecraft:salmon  (Total: 370)
[16:37:12] [Render thread/INFO]: [System] [CHAT] Lap Time: 415:25
[16:37:23] [Render thread/INFO]: [System] [CHAT] Caught: minecraft:salmon  (Total: 371)
[16:37:23] [Render thread/INFO]: [System] [CHAT] Lap Time: 415:35
[16:37:34] [Render thread/INFO]: [System] [CHAT] Caught: minecraft:pufferfish  (Total: 168)
[16:37:34] [Render thread/INFO]: [System] [CHAT] Lap Time: 415:46
[16:37:46] [Render thread/INFO]: [System] [CHAT] Caught: minecraft:leather  (Total: 8)
[16:37:46] [Render thread/INFO]: [System] [CHAT] Lap Time: 415:58
[16:37:51] [Render thread/INFO]: [System] [CHAT] Fish caught, but item not detected.
[16:38:03] [Render thread/INFO]: [System] [CHAT] Fish caught, but item not detected.
[16:38:18] [Render thread/INFO]: [System] [CHAT] Caught: minecraft:cod  (Total: 809)
[16:38:18] [Render thread/INFO]: [System] [CHAT] Lap Time: 416:30
[16:38:28] [Render thread/INFO]: [System] [CHAT] Caught: minecraft:stick  (Total: 7)
[16:38:28] [Render thread/INFO]: [System] [CHAT] Lap Time: 416:40
[16:38:42] [Render thread/INFO]: [System] [CHAT] Caught: minecraft:cod  (Total: 810)
[16:38:42] [Render thread/INFO]: [System] [CHAT] Lap Time: 416:54
[16:38:49] [Render thread/INFO]: [System] [CHAT] Caught: minecraft:cod  (Total: 811)
[16:38:49] [Render thread/INFO]: [System] [CHAT] Lap Time: 417:01
[16:39:02] [Render thread/INFO]: [System] [CHAT] Caught: minecraft:salmon  (Total: 372)
[16:39:02] [Render thread/INFO]: [System] [CHAT] Lap Time: 417:15
[16:39:12] [Render thread/INFO]: [System] [CHAT] Caught: minecraft:cod  (Total: 812)
[16:39:12] [Render thread/INFO]: [System] [CHAT] Lap Time: 417:24
[16:39:26] [Render thread/INFO]: [System] [CHAT] Caught: minecraft:cod  (Total: 813)
[16:39:26] [Render thread/INFO]: [System] [CHAT] Lap Time: 417:38
[16:39:48] [Render thread/INFO]: [System] [CHAT] Caught: minecraft:cod  (Total: 814)
[16:39:48] [Render thread/INFO]: [System] [CHAT] Lap Time: 418:00
[16:40:00] [Render thread/INFO]: [System] [CHAT] Caught: minecraft:name_tag  (Total: 23)
[16:40:00] [Render thread/INFO]: [System] [CHAT] Lap Time: 418:12
[16:40:14] [Render thread/INFO]: [System] [CHAT] Fish caught, but item not detected.
[16:40:29] [Render thread/INFO]: [System] [CHAT] Caught: minecraft:salmon  (Total: 373)
[16:40:29] [Render thread/INFO]: [System] [CHAT] Lap Time: 418:41
[16:40:41] [Render thread/INFO]: [System] [CHAT] Caught: minecraft:cod  (Total: 815)
[16:40:41] [Render thread/INFO]: [System] [CHAT] Lap Time: 418:53
[16:40:59] [Render thread/INFO]: [System] [CHAT] Caught: minecraft:salmon  (Total: 374)
[16:40:59] [Render thread/INFO]: [System] [CHAT] Lap Time: 419:11
[16:41:15] [Render thread/INFO]: [System] [CHAT] Fish caught, but item not detected.
[16:41:24] [Render thread/INFO]: [System] [CHAT] Caught: minecraft:cod  (Total: 816)
[16:41:24] [Render thread/INFO]: [System] [CHAT] Lap Time: 419:37
[16:41:40] [Render thread/INFO]: [System] [CHAT] Fish caught, but item not detected.
[16:41:52] [Render thread/INFO]: [System] [CHAT] Caught: minecraft:pufferfish  (Total: 169)
[16:41:52] [Render thread/INFO]: [System] [CHAT] Lap Time: 420:05
[16:42:12] [Render thread/INFO]: [System] [CHAT] Caught: minecraft:pufferfish  (Total: 170)
[16:42:12] [Render thread/INFO]: [System] [CHAT] Lap Time: 420:24
[16:42:31] [Render thread/INFO]: [System] [CHAT] Fish caught, but item not detected.
[16:42:49] [Render thread/INFO]: [System] [CHAT] Fish caught, but item not detected.
[16:42:51] [Render thread/INFO]: [System] [CHAT] ----- Catch Summary -----
[16:42:51] [Render thread/INFO]: [System] [CHAT]  - minecraft:cod: 816 times
[16:42:51] [Render thread/INFO]: [System] [CHAT]  - minecraft:salmon: 374 times
[16:42:51] [Render thread/INFO]: [System] [CHAT]  - minecraft:pufferfish: 170 times
[16:42:51] [Render thread/INFO]: [System] [CHAT]  - minecraft:tropical_fish: 30 times
[16:42:51] [Render thread/INFO]: [System] [CHAT]  - minecraft:bow: 7 times
[16:42:51] [Render thread/INFO]: [System] [CHAT]  - minecraft:potion: 3 times
[16:42:51] [Render thread/INFO]: [System] [CHAT]  - minecraft:name_tag: 23 times
[16:42:51] [Render thread/INFO]: [System] [CHAT]  - minecraft:leather: 8 times
[16:42:51] [Render thread/INFO]: [System] [CHAT]  - minecraft:lily_pad: 16 times
[16:42:51] [Render thread/INFO]: [System] [CHAT]  - minecraft:saddle: 7 times
[16:42:51] [Render thread/INFO]: [System] [CHAT]  - minecraft:enchanted_book: 7 times
[16:42:51] [Render thread/INFO]: [System] [CHAT]  - minecraft:nautilus_shell: 36 times
[16:42:51] [Render thread/INFO]: [System] [CHAT]  - minecraft:rotten_flesh: 7 times
[16:42:51] [Render thread/INFO]: [System] [CHAT]  - minecraft:ink_sac: 1 times
[16:42:51] [Render thread/INFO]: [System] [CHAT]  - minecraft:tripwire_hook: 6 times
[16:42:51] [Render thread/INFO]: [System] [CHAT]  - minecraft:stick: 7 times
[16:42:51] [Render thread/INFO]: [System] [CHAT]  - minecraft:string: 1 times
[16:42:51] [Render thread/INFO]: [System] [CHAT]  - minecraft:bowl: 7 times
[16:42:51] [Render thread/INFO]: [System] [CHAT]  - minecraft:leather_boots: 4 times
[16:42:51] [Render thread/INFO]: [System] [CHAT]  - minecraft:bone: 5 times
[16:42:51] [Render thread/INFO]: [System] [CHAT] Elapsed Time: 421:03
[16:42:52] [Render thread/INFO]: [System] [CHAT] Screenshot saved: autofish_20250705_164252.png
[16:42:52] [Render thread/INFO]: [System] [CHAT] Summary saved to: summary_20250705_164252.txt
[16:42:53] [Render thread/INFO]: [System] [CHAT] Saved screenshot as autofish_20250705_164252.png
[16:42:54] [Render thread/INFO]: [System] [CHAT] Inventory cleared.
[16:42:54] [Render thread/INFO]: [System] [CHAT] Rod restored.
[16:42:54] [Server thread/INFO]: [sampleeeeeee: Removed 191 item(s) from player sampleeeeeee]
[16:42:54] [Server thread/INFO]: [sampleeeeeee: Replaced a slot on sampleeeeeee with [Fishing Rod]]
[16:42:54] [Server thread/INFO]: [sampleeeeeee: Applied enchantment Luck of the Sea III to sampleeeeeee's item]
[16:42:54] [Server thread/INFO]: [sampleeeeeee: Applied enchantment Lure III to sampleeeeeee's item]
[16:42:54] [Server thread/INFO]: [sampleeeeeee: Applied enchantment Unbreaking III to sampleeeeeee's item]
[16:42:54] [Server thread/INFO]: [sampleeeeeee: Applied enchantment Mending to sampleeeeeee's item]
[16:42:54] [Render thread/INFO]: [System] [CHAT] Removed 191 item(s) from player sampleeeeeee
[16:42:54] [Render thread/INFO]: [System] [CHAT] Replaced a slot on sampleeeeeee with [Fishing Rod]
[16:42:54] [Render thread/INFO]: [System] [CHAT] Applied enchantment Luck of the Sea III to sampleeeeeee's item
[16:42:54] [Render thread/INFO]: [System] [CHAT] Applied enchantment Lure III to sampleeeeeee's item
[16:42:54] [Render thread/INFO]: [System] [CHAT] Applied enchantment Unbreaking III to sampleeeeeee's item
[16:42:54] [Render thread/INFO]: [System] [CHAT] Applied enchantment Mending to sampleeeeeee's item
[16:43:04] [Render thread/INFO]: [System] [CHAT] Fish caught, but item not detected.
[16:43:22] [Render thread/INFO]: [System] [CHAT] Caught: minecraft:cod  (Total: 817)
[16:43:22] [Render thread/INFO]: [System] [CHAT] Lap Time: 421:34
[16:43:31] [Render thread/INFO]: [System] [CHAT] Caught: minecraft:cod  (Total: 818)
[16:43:31] [Render thread/INFO]: [System] [CHAT] Lap Time: 421:43
[16:43:46] [Render thread/INFO]: [System] [CHAT] Fish caught, but item not detected.
[16:43:54] [Render thread/INFO]: [System] [CHAT] Caught: minecraft:cod  (Total: 819)
[16:43:54] [Render thread/INFO]: [System] [CHAT] Lap Time: 422:06
[16:44:00] [Render thread/INFO]: [System] [CHAT] Caught: minecraft:lily_pad  (Total: 17)
[16:44:00] [Render thread/INFO]: [System] [CHAT] Lap Time: 422:12
[16:44:10] [Render thread/INFO]: [System] [CHAT] Caught: minecraft:pufferfish  (Total: 171)
[16:44:10] [Render thread/INFO]: [System] [CHAT] Lap Time: 422:22
[16:44:22] [Render thread/INFO]: [System] [CHAT] Caught: minecraft:cod  (Total: 820)
[16:44:22] [Render thread/INFO]: [System] [CHAT] Lap Time: 422:35
[16:44:32] [Render thread/INFO]: [System] [CHAT] Caught: minecraft:cod  (Total: 821)
[16:44:32] [Render thread/INFO]: [System] [CHAT] Lap Time: 422:44
[16:44:43] [Render thread/INFO]: [System] [CHAT] Caught: minecraft:cod  (Total: 822)
[16:44:43] [Render thread/INFO]: [System] [CHAT] Lap Time: 422:56
[16:44:58] [Render thread/INFO]: [System] [CHAT] Caught: minecraft:cod  (Total: 823)
[16:44:58] [Render thread/INFO]: [System] [CHAT] Lap Time: 423:10
[16:45:05] [Render thread/INFO]: [System] [CHAT] Caught: minecraft:cod  (Total: 824)
[16:45:05] [Render thread/INFO]: [System] [CHAT] Lap Time: 423:17
[16:45:24] [Render thread/INFO]: [System] [CHAT] Caught: minecraft:cod  (Total: 825)
[16:45:24] [Render thread/INFO]: [System] [CHAT] Lap Time: 423:37
[16:45:42] [Render thread/INFO]: [System] [CHAT] Caught: minecraft:salmon  (Total: 375)
[16:45:42] [Render thread/INFO]: [System] [CHAT] Lap Time: 423:54
[16:45:54] [Render thread/INFO]: [System] [CHAT] Caught: minecraft:potion  (Total: 4)
[16:45:54] [Render thread/INFO]: [System] [CHAT] Lap Time: 424:07
[16:46:02] [Render thread/INFO]: [System] [CHAT] Caught: minecraft:salmon  (Total: 376)
[16:46:02] [Render thread/INFO]: [System] [CHAT] Lap Time: 424:15
[16:46:12] [Render thread/INFO]: [System] [CHAT] Caught: minecraft:bow  (Total: 8)
[16:46:12] [Render thread/INFO]: [System] [CHAT] Lap Time: 424:24
[16:46:20] [Render thread/INFO]: [System] [CHAT] Caught: minecraft:rotten_flesh  (Total: 8)
[16:46:20] [Render thread/INFO]: [System] [CHAT] Lap Time: 424:32
[16:46:28] [Render thread/INFO]: [System] [CHAT] Caught: minecraft:tripwire_hook  (Total: 7)
[16:46:28] [Render thread/INFO]: [System] [CHAT] Lap Time: 424:40
[16:46:43] [Render thread/INFO]: [System] [CHAT] Fish caught, but item not detected.
[16:47:01] [Render thread/INFO]: [System] [CHAT] Caught: minecraft:cod  (Total: 826)
[16:47:01] [Render thread/INFO]: [System] [CHAT] Lap Time: 425:13
[16:47:16] [Render thread/INFO]: [System] [CHAT] Fish caught, but item not detected.
[16:47:24] [Render thread/INFO]: [System] [CHAT] Caught: minecraft:cod  (Total: 827)
[16:47:24] [Render thread/INFO]: [System] [CHAT] Lap Time: 425:36
[16:47:39] [Render thread/INFO]: [System] [CHAT] Caught: minecraft:cod  (Total: 828)
[16:47:39] [Render thread/INFO]: [System] [CHAT] Lap Time: 425:51
[16:47:50] [Render thread/INFO]: [System] [CHAT] Caught: minecraft:salmon  (Total: 377)
[16:47:50] [Render thread/INFO]: [System] [CHAT] Lap Time: 426:02
[16:48:00] [Render thread/INFO]: [System] [CHAT] Fish caught, but item not detected.
[16:48:14] [Render thread/INFO]: [System] [CHAT] Fish caught, but item not detected.
[16:48:31] [Render thread/INFO]: [System] [CHAT] Caught: minecraft:cod  (Total: 829)
[16:48:31] [Render thread/INFO]: [System] [CHAT] Lap Time: 426:43
[16:48:44] [Render thread/INFO]: [System] [CHAT] Caught: minecraft:cod  (Total: 830)
[16:48:44] [Render thread/INFO]: [System] [CHAT] Lap Time: 426:56
[16:49:02] [Render thread/INFO]: [System] [CHAT] Caught: minecraft:salmon  (Total: 378)
[16:49:02] [Render thread/INFO]: [System] [CHAT] Lap Time: 427:15
[16:49:16] [Render thread/INFO]: [System] [CHAT] Caught: minecraft:salmon  (Total: 379)
[16:49:16] [Render thread/INFO]: [System] [CHAT] Lap Time: 427:28
[16:49:35] [Render thread/INFO]: [System] [CHAT] Caught: minecraft:cod  (Total: 831)
[16:49:35] [Render thread/INFO]: [System] [CHAT] Lap Time: 427:47
[16:49:47] [Render thread/INFO]: [System] [CHAT] Caught: minecraft:cod  (Total: 832)
[16:49:47] [Render thread/INFO]: [System] [CHAT] Lap Time: 427:59
[16:49:54] [Render thread/INFO]: [System] [CHAT] Caught: minecraft:salmon  (Total: 380)
[16:49:54] [Render thread/INFO]: [System] [CHAT] Lap Time: 428:06
[16:50:02] [Render thread/INFO]: [System] [CHAT] Caught: minecraft:enchanted_book  (Total: 8)
[16:50:02] [Render thread/INFO]: [System] [CHAT] Lap Time: 428:14
[16:50:16] [Render thread/INFO]: [System] [CHAT] Fish caught, but item not detected.
[16:50:36] [Render thread/INFO]: [System] [CHAT] Caught: minecraft:cod  (Total: 833)
[16:50:36] [Render thread/INFO]: [System] [CHAT] Lap Time: 428:48
[16:50:49] [Render thread/INFO]: [System] [CHAT] Caught: minecraft:cod  (Total: 834)
[16:50:49] [Render thread/INFO]: [System] [CHAT] Lap Time: 429:01
[16:50:56] [Render thread/INFO]: [System] [CHAT] Caught: minecraft:cod  (Total: 835)
[16:50:56] [Render thread/INFO]: [System] [CHAT] Lap Time: 429:08
[16:51:15] [Render thread/INFO]: [System] [CHAT] Caught: minecraft:cod  (Total: 836)
[16:51:15] [Render thread/INFO]: [System] [CHAT] Lap Time: 429:27
[16:51:30] [Render thread/INFO]: [System] [CHAT] Caught: minecraft:cod  (Total: 837)
[16:51:30] [Render thread/INFO]: [System] [CHAT] Lap Time: 429:42
[16:51:40] [Render thread/INFO]: [System] [CHAT] Caught: minecraft:cod  (Total: 838)
[16:51:40] [Render thread/INFO]: [System] [CHAT] Lap Time: 429:53
[16:51:48] [Render thread/INFO]: [System] [CHAT] Caught: minecraft:pufferfish  (Total: 172)
[16:51:48] [Render thread/INFO]: [System] [CHAT] Lap Time: 430:00
[16:52:01] [Render thread/INFO]: [System] [CHAT] Caught: minecraft:cod  (Total: 839)
[16:52:01] [Render thread/INFO]: [System] [CHAT] Lap Time: 430:13
[16:52:20] [Render thread/INFO]: [System] [CHAT] Caught: minecraft:cod  (Total: 840)
[16:52:20] [Render thread/INFO]: [System] [CHAT] Lap Time: 430:32
[16:52:36] [Render thread/INFO]: [System] [CHAT] Fish caught, but item not detected.
[16:52:49] [Render thread/INFO]: [System] [CHAT] Caught: minecraft:cod  (Total: 841)
[16:52:49] [Render thread/INFO]: [System] [CHAT] Lap Time: 431:01
[16:53:00] [Render thread/INFO]: [System] [CHAT] Caught: minecraft:cod  (Total: 842)
[16:53:00] [Render thread/INFO]: [System] [CHAT] Lap Time: 431:12
[16:53:10] [Render thread/INFO]: [System] [CHAT] Caught: minecraft:cod  (Total: 843)
[16:53:10] [Render thread/INFO]: [System] [CHAT] Lap Time: 431:22
[16:53:19] [Render thread/INFO]: [System] [CHAT] Fish caught, but item not detected.
[16:53:40] [Render thread/INFO]: [System] [CHAT] Caught: minecraft:salmon  (Total: 381)
[16:53:40] [Render thread/INFO]: [System] [CHAT] Lap Time: 431:52
[16:53:53] [Render thread/INFO]: [System] [CHAT] Caught: minecraft:cod  (Total: 844)
[16:53:53] [Render thread/INFO]: [System] [CHAT] Lap Time: 432:05
[16:54:08] [Render thread/INFO]: [System] [CHAT] Fish caught, but item not detected.
[16:54:26] [Render thread/INFO]: [System] [CHAT] Caught: minecraft:cod  (Total: 845)
[16:54:26] [Render thread/INFO]: [System] [CHAT] Lap Time: 432:38
[16:54:40] [Render thread/INFO]: [System] [CHAT] Caught: minecraft:salmon  (Total: 382)
[16:54:40] [Render thread/INFO]: [System] [CHAT] Lap Time: 432:52
[16:54:53] [Render thread/INFO]: [System] [CHAT] Caught: minecraft:name_tag  (Total: 24)
[16:54:53] [Render thread/INFO]: [System] [CHAT] Lap Time: 433:05
[16:55:03] [Render thread/INFO]: [System] [CHAT] Caught: minecraft:cod  (Total: 846)
[16:55:03] [Render thread/INFO]: [System] [CHAT] Lap Time: 433:15
[16:55:15] [Render thread/INFO]: [System] [CHAT] Caught: minecraft:cod  (Total: 847)
[16:55:15] [Render thread/INFO]: [System] [CHAT] Lap Time: 433:28
[16:55:24] [Render thread/INFO]: [System] [CHAT] Caught: minecraft:cod  (Total: 848)
[16:55:24] [Render thread/INFO]: [System] [CHAT] Lap Time: 433:36
[16:55:41] [Render thread/INFO]: [System] [CHAT] Caught: minecraft:name_tag  (Total: 25)
[16:55:41] [Render thread/INFO]: [System] [CHAT] Lap Time: 433:53
[16:56:00] [Render thread/INFO]: [System] [CHAT] Caught: minecraft:salmon  (Total: 383)
[16:56:00] [Render thread/INFO]: [System] [CHAT] Lap Time: 434:13
[16:56:20] [Render thread/INFO]: [System] [CHAT] Caught: minecraft:salmon  (Total: 384)
[16:56:20] [Render thread/INFO]: [System] [CHAT] Lap Time: 434:32
[16:56:37] [Render thread/INFO]: [System] [CHAT] Caught: minecraft:salmon  (Total: 385)
[16:56:37] [Render thread/INFO]: [System] [CHAT] Lap Time: 434:49
[16:56:57] [Render thread/INFO]: [System] [CHAT] Caught: minecraft:salmon  (Total: 386)
[16:56:57] [Render thread/INFO]: [System] [CHAT] Lap Time: 435:09
[16:57:07] [Render thread/INFO]: [System] [CHAT] Caught: minecraft:salmon  (Total: 387)
[16:57:07] [Render thread/INFO]: [System] [CHAT] Lap Time: 435:20
[16:57:16] [Render thread/INFO]: [System] [CHAT] Fish caught, but item not detected.
[16:57:28] [Render thread/INFO]: [System] [CHAT] Fish caught, but item not detected.
[16:57:38] [Render thread/INFO]: [System] [CHAT] Caught: minecraft:cod  (Total: 849)
[16:57:38] [Render thread/INFO]: [System] [CHAT] Lap Time: 435:50
[16:57:48] [Render thread/INFO]: [System] [CHAT] Fish caught, but item not detected.
[16:57:57] [Render thread/INFO]: [System] [CHAT] Caught: minecraft:pufferfish  (Total: 173)
[16:57:57] [Render thread/INFO]: [System] [CHAT] Lap Time: 436:10
[16:58:12] [Render thread/INFO]: [System] [CHAT] Caught: minecraft:cod  (Total: 850)
[16:58:12] [Render thread/INFO]: [System] [CHAT] Lap Time: 436:24
[16:58:29] [Render thread/INFO]: [System] [CHAT] Caught: minecraft:salmon  (Total: 388)
[16:58:29] [Render thread/INFO]: [System] [CHAT] Lap Time: 436:41
[16:58:37] [Render thread/INFO]: [System] [CHAT] Caught: minecraft:salmon  (Total: 389)
[16:58:37] [Render thread/INFO]: [System] [CHAT] Lap Time: 436:49
[16:58:54] [Render thread/INFO]: [System] [CHAT] Fish caught, but item not detected.
[16:58:59] [Render thread/INFO]: [System] [CHAT] Caught: minecraft:salmon  (Total: 390)
[16:58:59] [Render thread/INFO]: [System] [CHAT] Lap Time: 437:12
[16:59:12] [Render thread/INFO]: [System] [CHAT] Caught: minecraft:cod  (Total: 851)
[16:59:12] [Render thread/INFO]: [System] [CHAT] Lap Time: 437:24
[16:59:20] [Render thread/INFO]: [System] [CHAT] Caught: minecraft:cod  (Total: 852)
[16:59:20] [Render thread/INFO]: [System] [CHAT] Lap Time: 437:32
[16:59:27] [Render thread/INFO]: [System] [CHAT] Caught: minecraft:salmon  (Total: 391)
[16:59:27] [Render thread/INFO]: [System] [CHAT] Lap Time: 437:39
[16:59:40] [Render thread/INFO]: [System] [CHAT] Caught: minecraft:salmon  (Total: 392)
[16:59:40] [Render thread/INFO]: [System] [CHAT] Lap Time: 437:53
[17:00:00] [Render thread/INFO]: [System] [CHAT] Fish caught, but item not detected.
[17:00:14] [Render thread/INFO]: [System] [CHAT] Caught: minecraft:cod  (Total: 853)
[17:00:14] [Render thread/INFO]: [System] [CHAT] Lap Time: 438:26
[17:00:22] [Render thread/INFO]: [System] [CHAT] Fish caught, but item not detected.
[17:00:42] [Render thread/INFO]: [System] [CHAT] Caught: minecraft:name_tag  (Total: 26)
[17:00:42] [Render thread/INFO]: [System] [CHAT] Lap Time: 438:54
[17:00:56] [Render thread/INFO]: [System] [CHAT] Fish caught, but item not detected.
[17:01:10] [Render thread/INFO]: [System] [CHAT] Caught: minecraft:cod  (Total: 854)
[17:01:10] [Render thread/INFO]: [System] [CHAT] Lap Time: 439:23
[17:01:23] [Render thread/INFO]: [System] [CHAT] Caught: minecraft:cod  (Total: 855)
[17:01:23] [Render thread/INFO]: [System] [CHAT] Lap Time: 439:35
[17:01:43] [Render thread/INFO]: [System] [CHAT] Caught: minecraft:salmon  (Total: 393)
[17:01:43] [Render thread/INFO]: [System] [CHAT] Lap Time: 439:55
[17:02:02] [Render thread/INFO]: [System] [CHAT] Fish caught, but item not detected.
[17:02:14] [Render thread/INFO]: [System] [CHAT] Fish caught, but item not detected.
[17:02:23] [Render thread/INFO]: [System] [CHAT] Caught: minecraft:saddle  (Total: 8)
[17:02:23] [Render thread/INFO]: [System] [CHAT] Lap Time: 440:36
[17:02:41] [Render thread/INFO]: [System] [CHAT] Caught: minecraft:cod  (Total: 856)
[17:02:41] [Render thread/INFO]: [System] [CHAT] Lap Time: 440:53
[17:02:48] [Render thread/INFO]: [System] [CHAT] Caught: minecraft:cod  (Total: 857)
[17:02:48] [Render thread/INFO]: [System] [CHAT] Lap Time: 441:01
[17:02:56] [Render thread/INFO]: [System] [CHAT] Caught: minecraft:cod  (Total: 858)
[17:02:56] [Render thread/INFO]: [System] [CHAT] Lap Time: 441:08
[17:03:08] [Render thread/INFO]: [System] [CHAT] Caught: minecraft:pufferfish  (Total: 174)
[17:03:08] [Render thread/INFO]: [System] [CHAT] Lap Time: 441:20
[17:03:19] [Render thread/INFO]: [System] [CHAT] Caught: minecraft:cod  (Total: 859)
[17:03:19] [Render thread/INFO]: [System] [CHAT] Lap Time: 441:31
[17:03:27] [Render thread/INFO]: [System] [CHAT] Caught: minecraft:salmon  (Total: 394)
[17:03:27] [Render thread/INFO]: [System] [CHAT] Lap Time: 441:39
[17:03:36] [Render thread/INFO]: [System] [CHAT] Fish caught, but item not detected.
[17:03:55] [Render thread/INFO]: [System] [CHAT] Caught: minecraft:cod  (Total: 860)
[17:03:55] [Render thread/INFO]: [System] [CHAT] Lap Time: 442:08
[17:04:03] [Render thread/INFO]: [System] [CHAT] Caught: minecraft:cod  (Total: 861)
[17:04:03] [Render thread/INFO]: [System] [CHAT] Lap Time: 442:15
[17:04:19] [Render thread/INFO]: [System] [CHAT] Fish caught, but item not detected.
[17:04:31] [Render thread/INFO]: [System] [CHAT] Caught: minecraft:pufferfish  (Total: 175)
[17:04:31] [Render thread/INFO]: [System] [CHAT] Lap Time: 442:44
[17:04:49] [Render thread/INFO]: [System] [CHAT] Fish caught, but item not detected.
[17:05:05] [Render thread/INFO]: [System] [CHAT] Caught: minecraft:salmon  (Total: 395)
[17:05:05] [Render thread/INFO]: [System] [CHAT] Lap Time: 443:17
[17:05:24] [Render thread/INFO]: [System] [CHAT] Fish caught, but item not detected.
[17:05:41] [Render thread/INFO]: [System] [CHAT] Caught: minecraft:cod  (Total: 862)
[17:05:41] [Render thread/INFO]: [System] [CHAT] Lap Time: 443:53
[17:05:48] [Render thread/INFO]: [System] [CHAT] Caught: minecraft:salmon  (Total: 396)
[17:05:48] [Render thread/INFO]: [System] [CHAT] Lap Time: 444:00
[17:06:03] [Render thread/INFO]: [System] [CHAT] Caught: minecraft:pufferfish  (Total: 176)
[17:06:03] [Render thread/INFO]: [System] [CHAT] Lap Time: 444:15
[17:06:16] [Render thread/INFO]: [System] [CHAT] Caught: minecraft:cod  (Total: 863)
[17:06:16] [Render thread/INFO]: [System] [CHAT] Lap Time: 444:28
[17:06:38] [Render thread/INFO]: [System] [CHAT] Fish caught, but item not detected.
[17:06:45] [Render thread/INFO]: [System] [CHAT] Caught: minecraft:cod  (Total: 864)
[17:06:45] [Render thread/INFO]: [System] [CHAT] Lap Time: 444:57
[17:07:02] [Render thread/INFO]: [System] [CHAT] Caught: minecraft:tripwire_hook  (Total: 8)
[17:07:02] [Render thread/INFO]: [System] [CHAT] Lap Time: 445:14
[17:07:22] [Render thread/INFO]: [System] [CHAT] Caught: minecraft:cod  (Total: 865)
[17:07:22] [Render thread/INFO]: [System] [CHAT] Lap Time: 445:35
[17:07:34] [Render thread/INFO]: [System] [CHAT] Caught: minecraft:cod  (Total: 866)
[17:07:34] [Render thread/INFO]: [System] [CHAT] Lap Time: 445:46
[17:07:49] [Render thread/INFO]: [System] [CHAT] Fish caught, but item not detected.
[17:08:09] [Render thread/INFO]: [System] [CHAT] Caught: minecraft:name_tag  (Total: 27)
[17:08:09] [Render thread/INFO]: [System] [CHAT] Lap Time: 446:21
[17:08:17] [Render thread/INFO]: [System] [CHAT] Caught: minecraft:cod  (Total: 867)
[17:08:17] [Render thread/INFO]: [System] [CHAT] Lap Time: 446:29
[17:08:35] [Render thread/INFO]: [System] [CHAT] Fish caught, but item not detected.
[17:08:49] [Render thread/INFO]: [System] [CHAT] Fish caught, but item not detected.
[17:09:04] [Render thread/INFO]: [System] [CHAT] Caught: minecraft:cod  (Total: 868)
[17:09:04] [Render thread/INFO]: [System] [CHAT] Lap Time: 447:17
[17:09:12] [Render thread/INFO]: [System] [CHAT] Caught: minecraft:pufferfish  (Total: 177)
[17:09:12] [Render thread/INFO]: [System] [CHAT] Lap Time: 447:24
[17:09:27] [Render thread/INFO]: [System] [CHAT] Caught: minecraft:salmon  (Total: 397)
[17:09:27] [Render thread/INFO]: [System] [CHAT] Lap Time: 447:40
[17:09:48] [Render thread/INFO]: [System] [CHAT] Caught: minecraft:cod  (Total: 869)
[17:09:48] [Render thread/INFO]: [System] [CHAT] Lap Time: 448:00
[17:10:08] [Render thread/INFO]: [System] [CHAT] Caught: minecraft:cod  (Total: 870)
[17:10:08] [Render thread/INFO]: [System] [CHAT] Lap Time: 448:20
[17:10:19] [Render thread/INFO]: [System] [CHAT] Fish caught, but item not detected.
[17:10:27] [Render thread/INFO]: [System] [CHAT] Caught: minecraft:cod  (Total: 871)
[17:10:27] [Render thread/INFO]: [System] [CHAT] Lap Time: 448:39
[17:10:35] [Render thread/INFO]: [System] [CHAT] Caught: minecraft:cod  (Total: 872)
[17:10:35] [Render thread/INFO]: [System] [CHAT] Lap Time: 448:47
[17:10:49] [Render thread/INFO]: [System] [CHAT] Caught: minecraft:cod  (Total: 873)
[17:10:49] [Render thread/INFO]: [System] [CHAT] Lap Time: 449:01
[17:11:00] [Render thread/INFO]: [System] [CHAT] Fish caught, but item not detected.
[17:11:17] [Render thread/INFO]: [System] [CHAT] Caught: minecraft:salmon  (Total: 398)
[17:11:17] [Render thread/INFO]: [System] [CHAT] Lap Time: 449:29
[17:11:36] [Render thread/INFO]: [System] [CHAT] Caught: minecraft:cod  (Total: 874)
[17:11:36] [Render thread/INFO]: [System] [CHAT] Lap Time: 449:48
[17:11:48] [Render thread/INFO]: [System] [CHAT] Caught: minecraft:pufferfish  (Total: 178)
[17:11:48] [Render thread/INFO]: [System] [CHAT] Lap Time: 450:01
[17:11:59] [Render thread/INFO]: [System] [CHAT] Caught: minecraft:string  (Total: 2)
[17:11:59] [Render thread/INFO]: [System] [CHAT] Lap Time: 450:11
[17:12:12] [Render thread/INFO]: [System] [CHAT] Caught: minecraft:cod  (Total: 875)
[17:12:12] [Render thread/INFO]: [System] [CHAT] Lap Time: 450:24
[17:12:19] [Render thread/INFO]: [System] [CHAT] Caught: minecraft:cod  (Total: 876)
[17:12:19] [Render thread/INFO]: [System] [CHAT] Lap Time: 450:31
[17:12:28] [Render thread/INFO]: [System] [CHAT] Fish caught, but item not detected.
[17:12:37] [Render thread/INFO]: [System] [CHAT] Fish caught, but item not detected.
[17:12:58] [Render thread/INFO]: [System] [CHAT] Caught: minecraft:cod  (Total: 877)
[17:12:58] [Render thread/INFO]: [System] [CHAT] Lap Time: 451:10
[17:13:09] [Render thread/INFO]: [System] [CHAT] Caught: minecraft:cod  (Total: 878)
[17:13:09] [Render thread/INFO]: [System] [CHAT] Lap Time: 451:21
[17:13:25] [Render thread/INFO]: [System] [CHAT] Caught: minecraft:cod  (Total: 879)
[17:13:25] [Render thread/INFO]: [System] [CHAT] Lap Time: 451:37
[17:13:45] [Render thread/INFO]: [System] [CHAT] Fish caught, but item not detected.
[17:14:02] [Render thread/INFO]: [System] [CHAT] Fish caught, but item not detected.
[17:14:14] [Render thread/INFO]: [System] [CHAT] Caught: minecraft:pufferfish  (Total: 179)
[17:14:14] [Render thread/INFO]: [System] [CHAT] Lap Time: 452:27
[17:14:33] [Render thread/INFO]: [System] [CHAT] Fish caught, but item not detected.
[17:14:44] [Render thread/INFO]: [System] [CHAT] Caught: minecraft:pufferfish  (Total: 180)
[17:14:44] [Render thread/INFO]: [System] [CHAT] Lap Time: 452:56
[17:14:54] [Render thread/INFO]: [System] [CHAT] Caught: minecraft:salmon  (Total: 399)
[17:14:54] [Render thread/INFO]: [System] [CHAT] Lap Time: 453:06
[17:15:10] [Render thread/INFO]: [System] [CHAT] Caught: minecraft:salmon  (Total: 400)
[17:15:10] [Render thread/INFO]: [System] [CHAT] Lap Time: 453:23
[17:15:23] [Render thread/INFO]: [System] [CHAT] Fish caught, but item not detected.
[17:15:43] [Render thread/INFO]: [System] [CHAT] Fish caught, but item not detected.
[17:16:00] [Render thread/INFO]: [System] [CHAT] Caught: minecraft:cod  (Total: 880)
[17:16:00] [Render thread/INFO]: [System] [CHAT] Lap Time: 454:12
[17:16:07] [Render thread/INFO]: [System] [CHAT] Fish caught, but item not detected.
[17:16:21] [Render thread/INFO]: [System] [CHAT] Caught: minecraft:name_tag  (Total: 28)
[17:16:21] [Render thread/INFO]: [System] [CHAT] Lap Time: 454:33
[17:16:39] [Render thread/INFO]: [System] [CHAT] Caught: minecraft:cod  (Total: 881)
[17:16:39] [Render thread/INFO]: [System] [CHAT] Lap Time: 454:51
[17:16:59] [Render thread/INFO]: [System] [CHAT] Caught: minecraft:cod  (Total: 882)
[17:16:59] [Render thread/INFO]: [System] [CHAT] Lap Time: 455:12
[17:17:08] [Render thread/INFO]: [System] [CHAT] Caught: minecraft:cod  (Total: 883)
[17:17:08] [Render thread/INFO]: [System] [CHAT] Lap Time: 455:20
[17:17:19] [Render thread/INFO]: [System] [CHAT] Caught: minecraft:salmon  (Total: 401)
[17:17:19] [Render thread/INFO]: [System] [CHAT] Lap Time: 455:31
[17:17:33] [Render thread/INFO]: [System] [CHAT] Caught: minecraft:salmon  (Total: 402)
[17:17:33] [Render thread/INFO]: [System] [CHAT] Lap Time: 455:46
[17:17:52] [Render thread/INFO]: [System] [CHAT] Caught: minecraft:cod  (Total: 884)
[17:17:52] [Render thread/INFO]: [System] [CHAT] Lap Time: 456:04
[17:18:07] [Render thread/INFO]: [System] [CHAT] Caught: minecraft:cod  (Total: 885)
[17:18:07] [Render thread/INFO]: [System] [CHAT] Lap Time: 456:20
[17:18:15] [Render thread/INFO]: [System] [CHAT] Caught: minecraft:cod  (Total: 886)
[17:18:15] [Render thread/INFO]: [System] [CHAT] Lap Time: 456:27
[17:18:24] [Render thread/INFO]: [System] [CHAT] Caught: minecraft:cod  (Total: 887)
[17:18:24] [Render thread/INFO]: [System] [CHAT] Lap Time: 456:36
[17:18:41] [Render thread/INFO]: [System] [CHAT] Caught: minecraft:cod  (Total: 888)
[17:18:41] [Render thread/INFO]: [System] [CHAT] Lap Time: 456:54
[17:18:48] [Render thread/INFO]: [System] [CHAT] Caught: minecraft:leather_boots  (Total: 5)
[17:18:48] [Render thread/INFO]: [System] [CHAT] Lap Time: 457:00
[17:18:59] [Render thread/INFO]: [System] [CHAT] Caught: minecraft:salmon  (Total: 403)
[17:18:59] [Render thread/INFO]: [System] [CHAT] Lap Time: 457:11
[17:19:07] [Render thread/INFO]: [System] [CHAT] Caught: minecraft:cod  (Total: 889)
[17:19:07] [Render thread/INFO]: [System] [CHAT] Lap Time: 457:19
[17:19:18] [Render thread/INFO]: [System] [CHAT] Caught: minecraft:salmon  (Total: 404)
[17:19:18] [Render thread/INFO]: [System] [CHAT] Lap Time: 457:30
[17:19:32] [Render thread/INFO]: [System] [CHAT] Fish caught, but item not detected.
[17:19:52] [Render thread/INFO]: [System] [CHAT] Fish caught, but item not detected.
[17:20:01] [Render thread/INFO]: [System] [CHAT] Caught: minecraft:cod  (Total: 890)
[17:20:01] [Render thread/INFO]: [System] [CHAT] Lap Time: 458:13
[17:20:13] [Render thread/INFO]: [System] [CHAT] Caught: minecraft:salmon  (Total: 405)
[17:20:13] [Render thread/INFO]: [System] [CHAT] Lap Time: 458:25
[17:20:24] [Render thread/INFO]: [System] [CHAT] Caught: minecraft:cod  (Total: 891)
[17:20:24] [Render thread/INFO]: [System] [CHAT] Lap Time: 458:36
[17:20:38] [Render thread/INFO]: [System] [CHAT] Fish caught, but item not detected.
[17:20:46] [Render thread/INFO]: [System] [CHAT] Caught: minecraft:cod  (Total: 892)
[17:20:46] [Render thread/INFO]: [System] [CHAT] Lap Time: 458:58
[17:20:58] [Render thread/INFO]: [System] [CHAT] Caught: minecraft:cod  (Total: 893)
[17:20:58] [Render thread/INFO]: [System] [CHAT] Lap Time: 459:10
[17:21:14] [Render thread/INFO]: [System] [CHAT] Caught: minecraft:cod  (Total: 894)
[17:21:14] [Render thread/INFO]: [System] [CHAT] Lap Time: 459:27
[17:21:27] [Render thread/INFO]: [System] [CHAT] Caught: minecraft:cod  (Total: 895)
[17:21:27] [Render thread/INFO]: [System] [CHAT] Lap Time: 459:40
[17:21:44] [Render thread/INFO]: [System] [CHAT] Caught: minecraft:cod  (Total: 896)
[17:21:44] [Render thread/INFO]: [System] [CHAT] Lap Time: 459:56
[17:22:01] [Render thread/INFO]: [System] [CHAT] Caught: minecraft:cod  (Total: 897)
[17:22:01] [Render thread/INFO]: [System] [CHAT] Lap Time: 460:13
[17:22:13] [Render thread/INFO]: [System] [CHAT] Caught: minecraft:salmon  (Total: 406)
[17:22:13] [Render thread/INFO]: [System] [CHAT] Lap Time: 460:26
[17:22:24] [Render thread/INFO]: [System] [CHAT] Caught: minecraft:cod  (Total: 898)
[17:22:24] [Render thread/INFO]: [System] [CHAT] Lap Time: 460:36
[17:22:35] [Render thread/INFO]: [System] [CHAT] Caught: minecraft:cod  (Total: 899)
[17:22:35] [Render thread/INFO]: [System] [CHAT] Lap Time: 460:47
[17:22:45] [Render thread/INFO]: [System] [CHAT] Caught: minecraft:cod  (Total: 900)
[17:22:45] [Render thread/INFO]: [System] [CHAT] Lap Time: 460:57
[17:22:52] [Render thread/INFO]: [System] [CHAT] Caught: minecraft:cod  (Total: 901)
[17:22:53] [Render thread/INFO]: [System] [CHAT] Lap Time: 461:05
[17:23:01] [Render thread/INFO]: [System] [CHAT] Caught: minecraft:tropical_fish  (Total: 31)
[17:23:01] [Render thread/INFO]: [System] [CHAT] Lap Time: 461:13
[17:23:11] [Render thread/INFO]: [System] [CHAT] Caught: minecraft:cod  (Total: 902)
[17:23:11] [Render thread/INFO]: [System] [CHAT] Lap Time: 461:23
[17:23:26] [Render thread/INFO]: [System] [CHAT] Caught: minecraft:salmon  (Total: 407)
[17:23:26] [Render thread/INFO]: [System] [CHAT] Lap Time: 461:38
[17:23:42] [Render thread/INFO]: [System] [CHAT] Caught: minecraft:cod  (Total: 903)
[17:23:42] [Render thread/INFO]: [System] [CHAT] Lap Time: 461:54
[17:24:02] [Render thread/INFO]: [System] [CHAT] Caught: minecraft:rotten_flesh  (Total: 9)
[17:24:02] [Render thread/INFO]: [System] [CHAT] Lap Time: 462:14
[17:24:16] [Render thread/INFO]: [System] [CHAT] Caught: minecraft:salmon  (Total: 408)
[17:24:16] [Render thread/INFO]: [System] [CHAT] Lap Time: 462:28
[17:24:22] [Render thread/INFO]: [System] [CHAT] Caught: minecraft:pufferfish  (Total: 181)
[17:24:22] [Render thread/INFO]: [System] [CHAT] Lap Time: 462:35
[17:24:32] [Render thread/INFO]: [System] [CHAT] Fish caught, but item not detected.
[17:24:50] [Render thread/INFO]: [System] [CHAT] Caught: minecraft:cod  (Total: 904)
[17:24:50] [Render thread/INFO]: [System] [CHAT] Lap Time: 463:03
[17:25:07] [Render thread/INFO]: [System] [CHAT] Fish caught, but item not detected.
[17:25:19] [Render thread/INFO]: [System] [CHAT] Caught: minecraft:name_tag  (Total: 29)
[17:25:19] [Render thread/INFO]: [System] [CHAT] Lap Time: 463:31
[17:25:37] [Render thread/INFO]: [System] [CHAT] Caught: minecraft:pufferfish  (Total: 182)
[17:25:37] [Render thread/INFO]: [System] [CHAT] Lap Time: 463:50
[17:25:44] [Render thread/INFO]: [System] [CHAT] Caught: minecraft:pufferfish  (Total: 183)
[17:25:44] [Render thread/INFO]: [System] [CHAT] Lap Time: 463:56
[17:26:01] [Render thread/INFO]: [System] [CHAT] Fish caught, but item not detected.
[17:26:23] [Render thread/INFO]: [System] [CHAT] Caught: minecraft:salmon  (Total: 409)
[17:26:23] [Render thread/INFO]: [System] [CHAT] Lap Time: 464:35
[17:26:44] [Render thread/INFO]: [System] [CHAT] Caught: minecraft:pufferfish  (Total: 184)
[17:26:44] [Render thread/INFO]: [System] [CHAT] Lap Time: 464:56
[17:27:02] [Render thread/INFO]: [System] [CHAT] Fish caught, but item not detected.
[17:27:19] [Render thread/INFO]: [System] [CHAT] Caught: minecraft:cod  (Total: 905)
[17:27:19] [Render thread/INFO]: [System] [CHAT] Lap Time: 465:31
[17:27:26] [Render thread/INFO]: [System] [CHAT] Caught: minecraft:cod  (Total: 906)
[17:27:26] [Render thread/INFO]: [System] [CHAT] Lap Time: 465:38
[17:27:42] [Render thread/INFO]: [System] [CHAT] Caught: minecraft:cod  (Total: 907)
[17:27:42] [Render thread/INFO]: [System] [CHAT] Lap Time: 465:54
[17:28:00] [Render thread/INFO]: [System] [CHAT] Caught: minecraft:salmon  (Total: 410)
[17:28:00] [Render thread/INFO]: [System] [CHAT] Lap Time: 466:12
[17:28:21] [Render thread/INFO]: [System] [CHAT] Caught: minecraft:nautilus_shell  (Total: 37)
[17:28:21] [Render thread/INFO]: [System] [CHAT] Lap Time: 466:33
[17:28:40] [Render thread/INFO]: [System] [CHAT] Caught: minecraft:cod  (Total: 908)
[17:28:40] [Render thread/INFO]: [System] [CHAT] Lap Time: 466:52
[17:28:52] [Render thread/INFO]: [System] [CHAT] Fish caught, but item not detected.
[17:29:02] [Render thread/INFO]: [System] [CHAT] Caught: minecraft:nautilus_shell  (Total: 38)
[17:29:02] [Render thread/INFO]: [System] [CHAT] Lap Time: 467:14
[17:29:12] [Render thread/INFO]: [System] [CHAT] Caught: minecraft:pufferfish  (Total: 185)
[17:29:12] [Render thread/INFO]: [System] [CHAT] Lap Time: 467:24
[17:29:30] [Render thread/INFO]: [System] [CHAT] Caught: minecraft:pufferfish  (Total: 186)
[17:29:30] [Render thread/INFO]: [System] [CHAT] Lap Time: 467:42
[17:29:35] [Render thread/INFO]: [System] [CHAT] Fish caught, but item not detected.
[17:29:48] [Render thread/INFO]: [System] [CHAT] Fish caught, but item not detected.
[17:29:55] [Render thread/INFO]: [System] [CHAT] Caught: minecraft:cod  (Total: 909)
[17:29:55] [Render thread/INFO]: [System] [CHAT] Lap Time: 468:08
[17:30:19] [Render thread/INFO]: [System] [CHAT] Fish caught, but item not detected.
[17:30:28] [Render thread/INFO]: [System] [CHAT] Fish caught, but item not detected.
[17:30:39] [Server thread/WARN]: Can't keep up! Is the server overloaded? Running 2063ms or 41 ticks behind
[17:30:49] [Render thread/INFO]: [System] [CHAT] Caught: minecraft:name_tag  (Total: 30)
[17:30:49] [Render thread/INFO]: [System] [CHAT] Lap Time: 469:02
[17:31:06] [Render thread/INFO]: [System] [CHAT] Caught: minecraft:cod  (Total: 910)
[17:31:06] [Render thread/INFO]: [System] [CHAT] Lap Time: 469:18
[17:31:11] [Render thread/INFO]: [System] [CHAT] Caught: minecraft:cod  (Total: 911)
[17:31:11] [Render thread/INFO]: [System] [CHAT] Lap Time: 469:24
[17:31:25] [Render thread/INFO]: [System] [CHAT] Caught: minecraft:name_tag  (Total: 31)
[17:31:25] [Render thread/INFO]: [System] [CHAT] Lap Time: 469:38
[17:31:41] [Render thread/INFO]: [System] [CHAT] Caught: minecraft:cod  (Total: 912)
[17:31:41] [Render thread/INFO]: [System] [CHAT] Lap Time: 469:54
[17:32:00] [Render thread/INFO]: [System] [CHAT] Caught: minecraft:cod  (Total: 913)
[17:32:00] [Render thread/INFO]: [System] [CHAT] Lap Time: 470:12
[17:32:13] [Render thread/INFO]: [System] [CHAT] Caught: minecraft:pufferfish  (Total: 187)
[17:32:13] [Render thread/INFO]: [System] [CHAT] Lap Time: 470:25
[17:32:31] [Render thread/INFO]: [System] [CHAT] Fish caught, but item not detected.
[17:32:41] [Render thread/INFO]: [System] [CHAT] Caught: minecraft:cod  (Total: 914)
[17:32:41] [Render thread/INFO]: [System] [CHAT] Lap Time: 470:53
[17:32:59] [Render thread/INFO]: [System] [CHAT] Caught: minecraft:nautilus_shell  (Total: 39)
[17:32:59] [Render thread/INFO]: [System] [CHAT] Lap Time: 471:11
[17:33:17] [Render thread/INFO]: [System] [CHAT] Caught: minecraft:cod  (Total: 915)
[17:33:17] [Render thread/INFO]: [System] [CHAT] Lap Time: 471:30
[17:33:34] [Render thread/INFO]: [System] [CHAT] Caught: minecraft:cod  (Total: 916)
[17:33:34] [Render thread/INFO]: [System] [CHAT] Lap Time: 471:46
[17:33:41] [Render thread/INFO]: [System] [CHAT] Caught: minecraft:salmon  (Total: 411)
[17:33:41] [Render thread/INFO]: [System] [CHAT] Lap Time: 471:54
[17:34:00] [Render thread/INFO]: [System] [CHAT] Fish caught, but item not detected.
[17:34:09] [Render thread/INFO]: [System] [CHAT] Caught: minecraft:cod  (Total: 917)
[17:34:09] [Render thread/INFO]: [System] [CHAT] Lap Time: 472:22
[17:34:17] [Render thread/INFO]: [System] [CHAT] Fish caught, but item not detected.
[17:34:33] [Render thread/INFO]: [System] [CHAT] Caught: minecraft:cod  (Total: 918)
[17:34:33] [Render thread/INFO]: [System] [CHAT] Lap Time: 472:45
[17:34:53] [Render thread/INFO]: [System] [CHAT] Caught: minecraft:cod  (Total: 919)
[17:34:53] [Render thread/INFO]: [System] [CHAT] Lap Time: 473:05
[17:35:12] [Render thread/INFO]: [System] [CHAT] Caught: minecraft:cod  (Total: 920)
[17:35:12] [Render thread/INFO]: [System] [CHAT] Lap Time: 473:24
[17:35:32] [Render thread/INFO]: [System] [CHAT] Caught: minecraft:salmon  (Total: 412)
[17:35:32] [Render thread/INFO]: [System] [CHAT] Lap Time: 473:45
[17:35:44] [Render thread/INFO]: [System] [CHAT] Caught: minecraft:salmon  (Total: 413)
[17:35:44] [Render thread/INFO]: [System] [CHAT] Lap Time: 473:56
[17:36:00] [Render thread/INFO]: [System] [CHAT] Caught: minecraft:cod  (Total: 921)
[17:36:00] [Render thread/INFO]: [System] [CHAT] Lap Time: 474:12
[17:36:07] [Render thread/INFO]: [System] [CHAT] Caught: minecraft:tropical_fish  (Total: 32)
[17:36:07] [Render thread/INFO]: [System] [CHAT] Lap Time: 474:19
[17:36:21] [Render thread/INFO]: [System] [CHAT] Caught: minecraft:pufferfish  (Total: 188)
[17:36:21] [Render thread/INFO]: [System] [CHAT] Lap Time: 474:33
[17:36:30] [Render thread/INFO]: [System] [CHAT] Caught: minecraft:cod  (Total: 922)
[17:36:30] [Render thread/INFO]: [System] [CHAT] Lap Time: 474:42
[17:36:44] [Render thread/INFO]: [System] [CHAT] Fish caught, but item not detected.
[17:37:03] [Render thread/INFO]: [System] [CHAT] Caught: minecraft:cod  (Total: 923)
[17:37:03] [Render thread/INFO]: [System] [CHAT] Lap Time: 475:16
[17:37:24] [Render thread/INFO]: [System] [CHAT] Fish caught, but item not detected.
[17:37:45] [Render thread/INFO]: [System] [CHAT] Fish caught, but item not detected.
[17:38:01] [Render thread/INFO]: [System] [CHAT] Caught: minecraft:cod  (Total: 924)
[17:38:01] [Render thread/INFO]: [System] [CHAT] Lap Time: 476:14
[17:38:19] [Render thread/INFO]: [System] [CHAT] Caught: minecraft:cod  (Total: 925)
[17:38:19] [Render thread/INFO]: [System] [CHAT] Lap Time: 476:31
[17:38:36] [Render thread/INFO]: [System] [CHAT] Caught: minecraft:cod  (Total: 926)
[17:38:36] [Render thread/INFO]: [System] [CHAT] Lap Time: 476:48
[17:38:53] [Render thread/INFO]: [System] [CHAT] Caught: minecraft:cod  (Total: 927)
[17:38:53] [Render thread/INFO]: [System] [CHAT] Lap Time: 477:06
[17:39:06] [Render thread/INFO]: [System] [CHAT] Caught: minecraft:salmon  (Total: 414)
[17:39:06] [Render thread/INFO]: [System] [CHAT] Lap Time: 477:18
[17:39:25] [Render thread/INFO]: [System] [CHAT] Caught: minecraft:cod  (Total: 928)
[17:39:25] [Render thread/INFO]: [System] [CHAT] Lap Time: 477:37
[17:39:34] [Render thread/INFO]: [System] [CHAT] Caught: minecraft:salmon  (Total: 415)
[17:39:34] [Render thread/INFO]: [System] [CHAT] Lap Time: 477:46
[17:39:39] [Render thread/INFO]: [System] [CHAT] Caught: minecraft:cod  (Total: 929)
[17:39:39] [Render thread/INFO]: [System] [CHAT] Lap Time: 477:51
[17:39:47] [Render thread/INFO]: [System] [CHAT] Caught: minecraft:pufferfish  (Total: 189)
[17:39:47] [Render thread/INFO]: [System] [CHAT] Lap Time: 477:59
[17:39:57] [Render thread/INFO]: [System] [CHAT] Caught: minecraft:cod  (Total: 930)
[17:39:57] [Render thread/INFO]: [System] [CHAT] Lap Time: 478:09
[17:40:04] [Render thread/INFO]: [System] [CHAT] Fish caught, but item not detected.
[17:40:18] [Render thread/INFO]: [System] [CHAT] Caught: minecraft:cod  (Total: 931)
[17:40:18] [Render thread/INFO]: [System] [CHAT] Lap Time: 478:31
[17:40:38] [Render thread/INFO]: [System] [CHAT] Caught: minecraft:cod  (Total: 932)
[17:40:38] [Render thread/INFO]: [System] [CHAT] Lap Time: 478:51
[17:40:48] [Render thread/INFO]: [System] [CHAT] Fish caught, but item not detected.
[17:41:00] [Render thread/INFO]: [System] [CHAT] Caught: minecraft:cod  (Total: 933)
[17:41:00] [Render thread/INFO]: [System] [CHAT] Lap Time: 479:12
[17:41:11] [Render thread/INFO]: [System] [CHAT] Caught: minecraft:cod  (Total: 934)
[17:41:11] [Render thread/INFO]: [System] [CHAT] Lap Time: 479:23
[17:41:25] [Render thread/INFO]: [System] [CHAT] Caught: minecraft:cod  (Total: 935)
[17:41:25] [Render thread/INFO]: [System] [CHAT] Lap Time: 479:37
[17:41:39] [Render thread/INFO]: [System] [CHAT] Caught: minecraft:cod  (Total: 936)
[17:41:39] [Render thread/INFO]: [System] [CHAT] Lap Time: 479:51
[17:41:47] [Render thread/INFO]: [System] [CHAT] Caught: minecraft:cod  (Total: 937)
[17:41:47] [Render thread/INFO]: [System] [CHAT] Lap Time: 480:00
[17:42:05] [Render thread/INFO]: [System] [CHAT] Caught: minecraft:salmon  (Total: 416)
[17:42:05] [Render thread/INFO]: [System] [CHAT] Lap Time: 480:17
[17:42:13] [Render thread/INFO]: [System] [CHAT] Fish caught, but item not detected.
[17:42:19] [Render thread/INFO]: [System] [CHAT] Caught: minecraft:cod  (Total: 938)
[17:42:19] [Render thread/INFO]: [System] [CHAT] Lap Time: 480:32
[17:42:29] [Render thread/INFO]: [System] [CHAT] Caught: minecraft:bone  (Total: 6)
[17:42:29] [Render thread/INFO]: [System] [CHAT] Lap Time: 480:41
[17:42:45] [Render thread/INFO]: [System] [CHAT] Caught: minecraft:tropical_fish  (Total: 33)
[17:42:45] [Render thread/INFO]: [System] [CHAT] Lap Time: 480:57
[17:42:59] [Render thread/INFO]: [System] [CHAT] Caught: minecraft:pufferfish  (Total: 190)
[17:42:59] [Render thread/INFO]: [System] [CHAT] Lap Time: 481:11
[17:43:14] [Render thread/INFO]: [System] [CHAT] Caught: minecraft:salmon  (Total: 417)
[17:43:14] [Render thread/INFO]: [System] [CHAT] Lap Time: 481:26
[17:43:21] [Render thread/INFO]: [System] [CHAT] Caught: minecraft:salmon  (Total: 418)
[17:43:21] [Render thread/INFO]: [System] [CHAT] Lap Time: 481:34
[17:43:29] [Render thread/INFO]: [System] [CHAT] Fish caught, but item not detected.
[17:43:39] [Render thread/INFO]: [System] [CHAT] Caught: minecraft:salmon  (Total: 419)
[17:43:39] [Render thread/INFO]: [System] [CHAT] Lap Time: 481:51
[17:43:51] [Render thread/INFO]: [System] [CHAT] Caught: minecraft:pufferfish  (Total: 191)
[17:43:51] [Render thread/INFO]: [System] [CHAT] Lap Time: 482:03
[17:44:06] [Render thread/INFO]: [System] [CHAT] Fish caught, but item not detected.
[17:44:20] [Render thread/INFO]: [System] [CHAT] Caught: minecraft:salmon  (Total: 420)
[17:44:20] [Render thread/INFO]: [System] [CHAT] Lap Time: 482:32
[17:44:33] [Render thread/INFO]: [System] [CHAT] Caught: minecraft:salmon  (Total: 421)
[17:44:33] [Render thread/INFO]: [System] [CHAT] Lap Time: 482:45
[17:44:50] [Render thread/INFO]: [System] [CHAT] Fish caught, but item not detected.
[17:44:58] [Render thread/INFO]: [System] [CHAT] Caught: minecraft:cod  (Total: 939)
[17:44:58] [Render thread/INFO]: [System] [CHAT] Lap Time: 483:10
[17:45:11] [Render thread/INFO]: [System] [CHAT] Caught: minecraft:cod  (Total: 940)
[17:45:11] [Render thread/INFO]: [System] [CHAT] Lap Time: 483:23
[17:45:25] [Render thread/INFO]: [System] [CHAT] Caught: minecraft:cod  (Total: 941)
[17:45:25] [Render thread/INFO]: [System] [CHAT] Lap Time: 483:37
[17:45:31] [Render thread/INFO]: [System] [CHAT] Caught: minecraft:pufferfish  (Total: 192)
[17:45:31] [Render thread/INFO]: [System] [CHAT] Lap Time: 483:43
[17:45:50] [Render thread/INFO]: [System] [CHAT] Caught: minecraft:name_tag  (Total: 32)
[17:45:50] [Render thread/INFO]: [System] [CHAT] Lap Time: 484:03
[17:46:03] [Render thread/INFO]: [System] [CHAT] Caught: minecraft:cod  (Total: 942)
[17:46:03] [Render thread/INFO]: [System] [CHAT] Lap Time: 484:15
[17:46:14] [Render thread/INFO]: [System] [CHAT] Caught: minecraft:pufferfish  (Total: 193)
[17:46:14] [Render thread/INFO]: [System] [CHAT] Lap Time: 484:26
[17:46:21] [Render thread/INFO]: [System] [CHAT] Fish caught, but item not detected.
[17:46:23] [Render thread/INFO]: [System] [CHAT] ----- Catch Summary -----
[17:46:23] [Render thread/INFO]: [System] [CHAT]  - minecraft:cod: 942 times
[17:46:23] [Render thread/INFO]: [System] [CHAT]  - minecraft:salmon: 421 times
[17:46:23] [Render thread/INFO]: [System] [CHAT]  - minecraft:pufferfish: 193 times
[17:46:23] [Render thread/INFO]: [System] [CHAT]  - minecraft:tropical_fish: 33 times
[17:46:23] [Render thread/INFO]: [System] [CHAT]  - minecraft:bow: 8 times
[17:46:23] [Render thread/INFO]: [System] [CHAT]  - minecraft:potion: 4 times
[17:46:23] [Render thread/INFO]: [System] [CHAT]  - minecraft:name_tag: 32 times
[17:46:23] [Render thread/INFO]: [System] [CHAT]  - minecraft:leather: 8 times
[17:46:23] [Render thread/INFO]: [System] [CHAT]  - minecraft:lily_pad: 17 times
[17:46:23] [Render thread/INFO]: [System] [CHAT]  - minecraft:saddle: 8 times
[17:46:23] [Render thread/INFO]: [System] [CHAT]  - minecraft:enchanted_book: 8 times
[17:46:23] [Render thread/INFO]: [System] [CHAT]  - minecraft:nautilus_shell: 39 times
[17:46:23] [Render thread/INFO]: [System] [CHAT]  - minecraft:rotten_flesh: 9 times
[17:46:23] [Render thread/INFO]: [System] [CHAT]  - minecraft:ink_sac: 1 times
[17:46:23] [Render thread/INFO]: [System] [CHAT]  - minecraft:tripwire_hook: 8 times
[17:46:23] [Render thread/INFO]: [System] [CHAT]  - minecraft:stick: 7 times
[17:46:23] [Render thread/INFO]: [System] [CHAT]  - minecraft:string: 2 times
[17:46:23] [Render thread/INFO]: [System] [CHAT]  - minecraft:bowl: 7 times
[17:46:23] [Render thread/INFO]: [System] [CHAT]  - minecraft:leather_boots: 5 times
[17:46:23] [Render thread/INFO]: [System] [CHAT]  - minecraft:bone: 6 times
[17:46:23] [Render thread/INFO]: [System] [CHAT] Elapsed Time: 484:35
[17:46:24] [Render thread/INFO]: [System] [CHAT] Screenshot saved: autofish_20250705_174624.png
[17:46:24] [Render thread/INFO]: [System] [CHAT] Summary saved to: summary_20250705_174624.txt
[17:46:26] [Render thread/INFO]: [System] [CHAT] Saved screenshot as autofish_20250705_174624.png
[17:46:26] [Render thread/INFO]: [System] [CHAT] Inventory cleared.
[17:46:26] [Server thread/INFO]: [sampleeeeeee: Removed 244 item(s) from player sampleeeeeee]
[17:46:26] [Render thread/INFO]: [System] [CHAT] Removed 244 item(s) from player sampleeeeeee
[17:46:26] [Server thread/INFO]: [sampleeeeeee: Replaced a slot on sampleeeeeee with [Fishing Rod]]
[17:46:26] [Server thread/INFO]: [sampleeeeeee: Applied enchantment Luck of the Sea III to sampleeeeeee's item]
[17:46:26] [Server thread/INFO]: [sampleeeeeee: Applied enchantment Lure III to sampleeeeeee's item]
[17:46:26] [Server thread/INFO]: [sampleeeeeee: Applied enchantment Unbreaking III to sampleeeeeee's item]
[17:46:26] [Server thread/INFO]: [sampleeeeeee: Applied enchantment Mending to sampleeeeeee's item]
[17:46:26] [Render thread/INFO]: [System] [CHAT] Rod restored.
[17:46:26] [Render thread/INFO]: [System] [CHAT] Replaced a slot on sampleeeeeee with [Fishing Rod]
[17:46:26] [Render thread/INFO]: [System] [CHAT] Applied enchantment Luck of the Sea III to sampleeeeeee's item
[17:46:26] [Render thread/INFO]: [System] [CHAT] Applied enchantment Lure III to sampleeeeeee's item
[17:46:26] [Render thread/INFO]: [System] [CHAT] Applied enchantment Unbreaking III to sampleeeeeee's item
[17:46:26] [Render thread/INFO]: [System] [CHAT] Applied enchantment Mending to sampleeeeeee's item
[17:46:40] [Render thread/INFO]: [System] [CHAT] Caught: minecraft:fishing_rod  (Total: 1)
[17:46:40] [Render thread/INFO]: [System] [CHAT] Lap Time: 484:52
[17:46:51] [Render thread/INFO]: [System] [CHAT] Caught: minecraft:bowl  (Total: 8)
[17:46:51] [Render thread/INFO]: [System] [CHAT] Lap Time: 485:03
[17:46:59] [Render thread/INFO]: [System] [CHAT] Caught: minecraft:cod  (Total: 943)
[17:46:59] [Render thread/INFO]: [System] [CHAT] Lap Time: 485:12
[17:47:17] [Render thread/INFO]: [System] [CHAT] Caught: minecraft:salmon  (Total: 422)
[17:47:17] [Render thread/INFO]: [System] [CHAT] Lap Time: 485:30
[17:47:32] [Render thread/INFO]: [System] [CHAT] Caught: minecraft:cod  (Total: 944)
[17:47:32] [Render thread/INFO]: [System] [CHAT] Lap Time: 485:44
[17:47:44] [Render thread/INFO]: [System] [CHAT] Caught: minecraft:salmon  (Total: 423)
[17:47:44] [Render thread/INFO]: [System] [CHAT] Lap Time: 485:56
[17:47:51] [Render thread/INFO]: [System] [CHAT] Caught: minecraft:cod  (Total: 945)
[17:47:51] [Render thread/INFO]: [System] [CHAT] Lap Time: 486:03
[17:47:59] [Render thread/INFO]: [System] [CHAT] Caught: minecraft:bow  (Total: 9)
[17:47:59] [Render thread/INFO]: [System] [CHAT] Lap Time: 486:11
[17:48:15] [Render thread/INFO]: [System] [CHAT] Caught: minecraft:cod  (Total: 946)
[17:48:15] [Render thread/INFO]: [System] [CHAT] Lap Time: 486:27
[17:48:28] [Render thread/INFO]: [System] [CHAT] Caught: minecraft:pufferfish  (Total: 194)
[17:48:28] [Render thread/INFO]: [System] [CHAT] Lap Time: 486:40
[17:48:42] [Render thread/INFO]: [System] [CHAT] Caught: minecraft:cod  (Total: 947)
[17:48:42] [Render thread/INFO]: [System] [CHAT] Lap Time: 486:54
[17:48:49] [Render thread/INFO]: [System] [CHAT] Fish caught, but item not detected.
[17:48:55] [Render thread/INFO]: [System] [CHAT] Caught: minecraft:cod  (Total: 948)
[17:48:55] [Render thread/INFO]: [System] [CHAT] Lap Time: 487:07
[17:49:10] [Render thread/INFO]: [System] [CHAT] Caught: minecraft:cod  (Total: 949)
[17:49:10] [Render thread/INFO]: [System] [CHAT] Lap Time: 487:22
[17:49:20] [Render thread/INFO]: [System] [CHAT] Fish caught, but item not detected.
[17:49:35] [Render thread/INFO]: [System] [CHAT] Caught: minecraft:pufferfish  (Total: 195)
[17:49:35] [Render thread/INFO]: [System] [CHAT] Lap Time: 487:47
[17:49:42] [Render thread/INFO]: [System] [CHAT] Fish caught, but item not detected.
[17:49:52] [Render thread/INFO]: [System] [CHAT] Caught: minecraft:cod  (Total: 950)
[17:49:52] [Render thread/INFO]: [System] [CHAT] Lap Time: 488:04
[17:50:07] [Render thread/INFO]: [System] [CHAT] Caught: minecraft:cod  (Total: 951)
[17:50:07] [Render thread/INFO]: [System] [CHAT] Lap Time: 488:20
[17:50:16] [Render thread/INFO]: [System] [CHAT] Caught: minecraft:cod  (Total: 952)
[17:50:16] [Render thread/INFO]: [System] [CHAT] Lap Time: 488:29
[17:50:26] [Render thread/INFO]: [System] [CHAT] Caught: minecraft:cod  (Total: 953)
[17:50:26] [Render thread/INFO]: [System] [CHAT] Lap Time: 488:38
[17:50:45] [Render thread/INFO]: [System] [CHAT] Caught: minecraft:salmon  (Total: 424)
[17:50:45] [Render thread/INFO]: [System] [CHAT] Lap Time: 488:57
[17:50:57] [Render thread/INFO]: [System] [CHAT] Caught: minecraft:salmon  (Total: 425)
[17:50:57] [Render thread/INFO]: [System] [CHAT] Lap Time: 489:09
[17:51:09] [Render thread/INFO]: [System] [CHAT] Caught: minecraft:bowl  (Total: 9)
[17:51:09] [Render thread/INFO]: [System] [CHAT] Lap Time: 489:21
[17:51:19] [Render thread/INFO]: [System] [CHAT] Caught: minecraft:cod  (Total: 954)
[17:51:19] [Render thread/INFO]: [System] [CHAT] Lap Time: 489:31
[17:51:29] [Render thread/INFO]: [System] [CHAT] Caught: minecraft:enchanted_book  (Total: 9)
[17:51:29] [Render thread/INFO]: [System] [CHAT] Lap Time: 489:42
[17:51:38] [Render thread/INFO]: [System] [CHAT] Caught: minecraft:salmon  (Total: 426)
[17:51:38] [Render thread/INFO]: [System] [CHAT] Lap Time: 489:50
[17:51:55] [Render thread/INFO]: [System] [CHAT] Caught: minecraft:cod  (Total: 955)
[17:51:55] [Render thread/INFO]: [System] [CHAT] Lap Time: 490:07
[17:52:11] [Render thread/INFO]: [System] [CHAT] Fish caught, but item not detected.
[17:52:32] [Render thread/INFO]: [System] [CHAT] Caught: minecraft:pufferfish  (Total: 196)
[17:52:32] [Render thread/INFO]: [System] [CHAT] Lap Time: 490:45
[17:52:45] [Render thread/INFO]: [System] [CHAT] Caught: minecraft:cod  (Total: 956)
[17:52:45] [Render thread/INFO]: [System] [CHAT] Lap Time: 490:57
[17:52:52] [Render thread/INFO]: [System] [CHAT] Caught: minecraft:cod  (Total: 957)
[17:52:52] [Render thread/INFO]: [System] [CHAT] Lap Time: 491:05
[17:53:05] [Render thread/INFO]: [System] [CHAT] Caught: minecraft:cod  (Total: 958)
[17:53:05] [Render thread/INFO]: [System] [CHAT] Lap Time: 491:17
[17:53:15] [Render thread/INFO]: [System] [CHAT] Fish caught, but item not detected.
[17:53:22] [Render thread/INFO]: [System] [CHAT] Fish caught, but item not detected.
[17:53:40] [Render thread/INFO]: [System] [CHAT] Caught: minecraft:salmon  (Total: 427)
[17:53:40] [Render thread/INFO]: [System] [CHAT] Lap Time: 491:53
[17:53:57] [Render thread/INFO]: [System] [CHAT] Caught: minecraft:pufferfish  (Total: 197)
[17:53:57] [Render thread/INFO]: [System] [CHAT] Lap Time: 492:09
[17:54:08] [Render thread/INFO]: [System] [CHAT] Caught: minecraft:cod  (Total: 959)
[17:54:08] [Render thread/INFO]: [System] [CHAT] Lap Time: 492:21
[17:54:28] [Render thread/INFO]: [System] [CHAT] Caught: minecraft:salmon  (Total: 428)
[17:54:28] [Render thread/INFO]: [System] [CHAT] Lap Time: 492:40
[17:54:41] [Render thread/INFO]: [System] [CHAT] Caught: minecraft:cod  (Total: 960)
[17:54:41] [Render thread/INFO]: [System] [CHAT] Lap Time: 492:53
[17:54:53] [Render thread/INFO]: [System] [CHAT] Caught: minecraft:cod  (Total: 961)
[17:54:53] [Render thread/INFO]: [System] [CHAT] Lap Time: 493:05
[17:55:00] [Render thread/INFO]: [System] [CHAT] Caught: minecraft:pufferfish  (Total: 198)
[17:55:00] [Render thread/INFO]: [System] [CHAT] Lap Time: 493:13
[17:55:12] [Render thread/INFO]: [System] [CHAT] Caught: minecraft:salmon  (Total: 429)
[17:55:12] [Render thread/INFO]: [System] [CHAT] Lap Time: 493:24
[17:55:22] [Render thread/INFO]: [System] [CHAT] Caught: minecraft:cod  (Total: 962)
[17:55:22] [Render thread/INFO]: [System] [CHAT] Lap Time: 493:34
[17:55:39] [Render thread/INFO]: [System] [CHAT] Fish caught, but item not detected.
[17:55:52] [Render thread/INFO]: [System] [CHAT] Caught: minecraft:salmon  (Total: 430)
[17:55:52] [Render thread/INFO]: [System] [CHAT] Lap Time: 494:04
[17:56:04] [Render thread/INFO]: [System] [CHAT] Caught: minecraft:cod  (Total: 963)
[17:56:04] [Render thread/INFO]: [System] [CHAT] Lap Time: 494:17
[17:56:14] [Render thread/INFO]: [System] [CHAT] Caught: minecraft:cod  (Total: 964)
[17:56:14] [Render thread/INFO]: [System] [CHAT] Lap Time: 494:27
[17:56:30] [Render thread/INFO]: [System] [CHAT] Caught: minecraft:cod  (Total: 965)
[17:56:30] [Render thread/INFO]: [System] [CHAT] Lap Time: 494:42
[17:56:38] [Render thread/INFO]: [System] [CHAT] Fish caught, but item not detected.
[17:56:49] [Render thread/INFO]: [System] [CHAT] Caught: minecraft:salmon  (Total: 431)
[17:56:49] [Render thread/INFO]: [System] [CHAT] Lap Time: 495:01
[17:56:57] [Render thread/INFO]: [System] [CHAT] Fish caught, but item not detected.
[17:57:05] [Render thread/INFO]: [System] [CHAT] Caught: minecraft:salmon  (Total: 432)
[17:57:05] [Render thread/INFO]: [System] [CHAT] Lap Time: 495:18
[17:57:24] [Render thread/INFO]: [System] [CHAT] Caught: minecraft:cod  (Total: 966)
[17:57:24] [Render thread/INFO]: [System] [CHAT] Lap Time: 495:36
[17:57:37] [Render thread/INFO]: [System] [CHAT] Caught: minecraft:cod  (Total: 967)
[17:57:37] [Render thread/INFO]: [System] [CHAT] Lap Time: 495:49
[17:57:53] [Render thread/INFO]: [System] [CHAT] Caught: minecraft:cod  (Total: 968)
[17:57:53] [Render thread/INFO]: [System] [CHAT] Lap Time: 496:05
[17:58:06] [Render thread/INFO]: [System] [CHAT] Caught: minecraft:salmon  (Total: 433)
[17:58:06] [Render thread/INFO]: [System] [CHAT] Lap Time: 496:18
[17:58:19] [Render thread/INFO]: [System] [CHAT] Caught: minecraft:pufferfish  (Total: 199)
[17:58:19] [Render thread/INFO]: [System] [CHAT] Lap Time: 496:31
[17:58:32] [Render thread/INFO]: [System] [CHAT] Caught: minecraft:cod  (Total: 969)
[17:58:32] [Render thread/INFO]: [System] [CHAT] Lap Time: 496:45
[17:58:39] [Render thread/INFO]: [System] [CHAT] Caught: minecraft:salmon  (Total: 434)
[17:58:39] [Render thread/INFO]: [System] [CHAT] Lap Time: 496:51
[17:58:49] [Render thread/INFO]: [System] [CHAT] Caught: minecraft:cod  (Total: 970)
[17:58:49] [Render thread/INFO]: [System] [CHAT] Lap Time: 497:01
[17:59:03] [Render thread/INFO]: [System] [CHAT] Caught: minecraft:salmon  (Total: 435)
[17:59:03] [Render thread/INFO]: [System] [CHAT] Lap Time: 497:15
[17:59:15] [Render thread/INFO]: [System] [CHAT] Caught: minecraft:cod  (Total: 971)
[17:59:15] [Render thread/INFO]: [System] [CHAT] Lap Time: 497:27
[17:59:29] [Render thread/INFO]: [System] [CHAT] Caught: minecraft:cod  (Total: 972)
[17:59:29] [Render thread/INFO]: [System] [CHAT] Lap Time: 497:41
[17:59:39] [Render thread/INFO]: [System] [CHAT] Caught: minecraft:pufferfish  (Total: 200)
[17:59:39] [Render thread/INFO]: [System] [CHAT] Lap Time: 497:51
[17:59:50] [Render thread/INFO]: [System] [CHAT] Caught: minecraft:salmon  (Total: 436)
[17:59:50] [Render thread/INFO]: [System] [CHAT] Lap Time: 498:02
[17:59:58] [Render thread/INFO]: [System] [CHAT] Caught: minecraft:salmon  (Total: 437)
[17:59:58] [Render thread/INFO]: [System] [CHAT] Lap Time: 498:10
[18:00:12] [Render thread/INFO]: [System] [CHAT] Caught: minecraft:cod  (Total: 973)
[18:00:12] [Render thread/INFO]: [System] [CHAT] Lap Time: 498:24
[18:00:17] [Render thread/INFO]: [System] [CHAT] Caught: minecraft:cod  (Total: 974)
[18:00:17] [Render thread/INFO]: [System] [CHAT] Lap Time: 498:29
[18:00:27] [Render thread/INFO]: [System] [CHAT] Caught: minecraft:salmon  (Total: 438)
[18:00:28] [Render thread/INFO]: [System] [CHAT] Lap Time: 498:40
[18:00:45] [Render thread/INFO]: [System] [CHAT] Caught: minecraft:cod  (Total: 975)
[18:00:45] [Render thread/INFO]: [System] [CHAT] Lap Time: 498:57
[18:01:01] [Render thread/INFO]: [System] [CHAT] Caught: minecraft:salmon  (Total: 439)
[18:01:01] [Render thread/INFO]: [System] [CHAT] Lap Time: 499:14
[18:01:12] [Render thread/INFO]: [System] [CHAT] Caught: minecraft:pufferfish  (Total: 201)
[18:01:12] [Render thread/INFO]: [System] [CHAT] Lap Time: 499:25
[18:01:27] [Render thread/INFO]: [System] [CHAT] Fish caught, but item not detected.
[18:01:37] [Render thread/INFO]: [System] [CHAT] Caught: minecraft:cod  (Total: 976)
[18:01:37] [Render thread/INFO]: [System] [CHAT] Lap Time: 499:49
[18:01:48] [Render thread/INFO]: [System] [CHAT] Fish caught, but item not detected.
[18:02:03] [Render thread/INFO]: [System] [CHAT] Caught: minecraft:pufferfish  (Total: 202)
[18:02:03] [Render thread/INFO]: [System] [CHAT] Lap Time: 500:15
[18:02:16] [Render thread/INFO]: [System] [CHAT] Caught: minecraft:cod  (Total: 977)
[18:02:16] [Render thread/INFO]: [System] [CHAT] Lap Time: 500:28
[18:02:25] [Render thread/INFO]: [System] [CHAT] Caught: minecraft:salmon  (Total: 440)
[18:02:25] [Render thread/INFO]: [System] [CHAT] Lap Time: 500:37
[18:02:35] [Render thread/INFO]: [System] [CHAT] Caught: minecraft:bowl  (Total: 10)
[18:02:35] [Render thread/INFO]: [System] [CHAT] Lap Time: 500:48
[18:02:50] [Render thread/INFO]: [System] [CHAT] Caught: minecraft:salmon  (Total: 441)
[18:02:50] [Render thread/INFO]: [System] [CHAT] Lap Time: 501:02
[18:02:55] [Render thread/INFO]: [System] [CHAT] Caught: minecraft:salmon  (Total: 442)
[18:02:55] [Render thread/INFO]: [System] [CHAT] Lap Time: 501:08
[18:03:07] [Render thread/INFO]: [System] [CHAT] Caught: minecraft:salmon  (Total: 443)
[18:03:07] [Render thread/INFO]: [System] [CHAT] Lap Time: 501:19
[18:03:21] [Render thread/INFO]: [System] [CHAT] Fish caught, but item not detected.
[18:03:34] [Render thread/INFO]: [System] [CHAT] Caught: minecraft:name_tag  (Total: 33)
[18:03:34] [Render thread/INFO]: [System] [CHAT] Lap Time: 501:47
[18:03:42] [Render thread/INFO]: [System] [CHAT] Caught: minecraft:rotten_flesh  (Total: 10)
[18:03:42] [Render thread/INFO]: [System] [CHAT] Lap Time: 501:54
[18:03:47] [Render thread/INFO]: [System] [CHAT] Caught: minecraft:cod  (Total: 978)
[18:03:47] [Render thread/INFO]: [System] [CHAT] Lap Time: 501:59
[18:03:59] [Render thread/INFO]: [System] [CHAT] Caught: minecraft:cod  (Total: 979)
[18:03:59] [Render thread/INFO]: [System] [CHAT] Lap Time: 502:11
[18:04:11] [Render thread/INFO]: [System] [CHAT] Caught: minecraft:salmon  (Total: 444)
[18:04:11] [Render thread/INFO]: [System] [CHAT] Lap Time: 502:23
[18:04:18] [Render thread/INFO]: [System] [CHAT] Caught: minecraft:cod  (Total: 980)
[18:04:18] [Render thread/INFO]: [System] [CHAT] Lap Time: 502:30
[18:04:25] [Render thread/INFO]: [System] [CHAT] Fish caught, but item not detected.
[18:04:42] [Render thread/INFO]: [System] [CHAT] Caught: minecraft:cod  (Total: 981)
[18:04:42] [Render thread/INFO]: [System] [CHAT] Lap Time: 502:54
[18:04:56] [Render thread/INFO]: [System] [CHAT] Caught: minecraft:cod  (Total: 982)
[18:04:56] [Render thread/INFO]: [System] [CHAT] Lap Time: 503:08
[18:05:11] [Render thread/INFO]: [System] [CHAT] Caught: minecraft:salmon  (Total: 445)
[18:05:11] [Render thread/INFO]: [System] [CHAT] Lap Time: 503:23
[18:05:25] [Render thread/INFO]: [System] [CHAT] Caught: minecraft:cod  (Total: 983)
[18:05:25] [Render thread/INFO]: [System] [CHAT] Lap Time: 503:37
[18:05:33] [Render thread/INFO]: [System] [CHAT] Fish caught, but item not detected.
[18:05:46] [Render thread/INFO]: [System] [CHAT] Caught: minecraft:cod  (Total: 984)
[18:05:46] [Render thread/INFO]: [System] [CHAT] Lap Time: 503:59
[18:05:51] [Render thread/INFO]: [System] [CHAT] Caught: minecraft:saddle  (Total: 9)
[18:05:51] [Render thread/INFO]: [System] [CHAT] Lap Time: 504:04
[18:06:05] [Render thread/INFO]: [System] [CHAT] Caught: minecraft:bowl  (Total: 11)
[18:06:05] [Render thread/INFO]: [System] [CHAT] Lap Time: 504:17
[18:06:17] [Render thread/INFO]: [System] [CHAT] Caught: minecraft:pufferfish  (Total: 203)
[18:06:17] [Render thread/INFO]: [System] [CHAT] Lap Time: 504:29
[18:06:32] [Render thread/INFO]: [System] [CHAT] Caught: minecraft:cod  (Total: 985)
[18:06:32] [Render thread/INFO]: [System] [CHAT] Lap Time: 504:45
[18:06:50] [Render thread/INFO]: [System] [CHAT] Caught: minecraft:cod  (Total: 986)
[18:06:50] [Render thread/INFO]: [System] [CHAT] Lap Time: 505:02
[18:06:57] [Render thread/INFO]: [System] [CHAT] Caught: minecraft:pufferfish  (Total: 204)
[18:06:57] [Render thread/INFO]: [System] [CHAT] Lap Time: 505:09
[18:07:13] [Render thread/INFO]: [System] [CHAT] Caught: minecraft:salmon  (Total: 446)
[18:07:13] [Render thread/INFO]: [System] [CHAT] Lap Time: 505:25
[18:07:23] [Render thread/INFO]: [System] [CHAT] Fish caught, but item not detected.
[18:07:37] [Render thread/INFO]: [System] [CHAT] Fish caught, but item not detected.
[18:07:53] [Render thread/INFO]: [System] [CHAT] Caught: minecraft:salmon  (Total: 447)
[18:07:53] [Render thread/INFO]: [System] [CHAT] Lap Time: 506:05
[18:08:05] [Render thread/INFO]: [System] [CHAT] Fish caught, but item not detected.
[18:08:15] [Render thread/INFO]: [System] [CHAT] Caught: minecraft:cod  (Total: 987)
[18:08:15] [Render thread/INFO]: [System] [CHAT] Lap Time: 506:27
[18:08:29] [Render thread/INFO]: [System] [CHAT] Caught: minecraft:cod  (Total: 988)
[18:08:29] [Render thread/INFO]: [System] [CHAT] Lap Time: 506:41
[18:08:41] [Render thread/INFO]: [System] [CHAT] Caught: minecraft:cod  (Total: 989)
[18:08:41] [Render thread/INFO]: [System] [CHAT] Lap Time: 506:54
[18:08:53] [Render thread/INFO]: [System] [CHAT] Caught: minecraft:cod  (Total: 990)
[18:08:53] [Render thread/INFO]: [System] [CHAT] Lap Time: 507:05
[18:09:02] [Render thread/INFO]: [System] [CHAT] Caught: minecraft:lily_pad  (Total: 18)
[18:09:02] [Render thread/INFO]: [System] [CHAT] Lap Time: 507:14
[18:09:18] [Render thread/INFO]: [System] [CHAT] Caught: minecraft:cod  (Total: 991)
[18:09:18] [Render thread/INFO]: [System] [CHAT] Lap Time: 507:31
[18:09:28] [Render thread/INFO]: [System] [CHAT] Fish caught, but item not detected.
[18:09:43] [Render thread/INFO]: [System] [CHAT] Caught: minecraft:cod  (Total: 992)
[18:09:43] [Render thread/INFO]: [System] [CHAT] Lap Time: 507:55
[18:09:59] [Render thread/INFO]: [System] [CHAT] Caught: minecraft:cod  (Total: 993)
[18:09:59] [Render thread/INFO]: [System] [CHAT] Lap Time: 508:11
[18:10:19] [Render thread/INFO]: [System] [CHAT] Fish caught, but item not detected.
[18:10:27] [Render thread/INFO]: [System] [CHAT] Caught: minecraft:lily_pad  (Total: 19)
[18:10:27] [Render thread/INFO]: [System] [CHAT] Lap Time: 508:39
[18:10:34] [Render thread/INFO]: [System] [CHAT] Caught: minecraft:salmon  (Total: 448)
[18:10:34] [Render thread/INFO]: [System] [CHAT] Lap Time: 508:47
[18:10:56] [Render thread/INFO]: [System] [CHAT] Fish caught, but item not detected.
[18:11:10] [Render thread/INFO]: [System] [CHAT] Caught: minecraft:cod  (Total: 994)
[18:11:10] [Render thread/INFO]: [System] [CHAT] Lap Time: 509:23
[18:11:21] [Render thread/INFO]: [System] [CHAT] Caught: minecraft:cod  (Total: 995)
[18:11:21] [Render thread/INFO]: [System] [CHAT] Lap Time: 509:33
[18:11:36] [Render thread/INFO]: [System] [CHAT] Caught: minecraft:pufferfish  (Total: 205)
[18:11:36] [Render thread/INFO]: [System] [CHAT] Lap Time: 509:48
[18:11:57] [Render thread/INFO]: [System] [CHAT] Caught: minecraft:cod  (Total: 996)
[18:11:57] [Render thread/INFO]: [System] [CHAT] Lap Time: 510:09
[18:12:14] [Render thread/INFO]: [System] [CHAT] Caught: minecraft:cod  (Total: 997)
[18:12:14] [Render thread/INFO]: [System] [CHAT] Lap Time: 510:26
[18:12:27] [Render thread/INFO]: [System] [CHAT] Caught: minecraft:cod  (Total: 998)
[18:12:27] [Render thread/INFO]: [System] [CHAT] Lap Time: 510:39
[18:12:38] [Render thread/INFO]: [System] [CHAT] Fish caught, but item not detected.
[18:12:59] [Render thread/INFO]: [System] [CHAT] Caught: minecraft:cod  (Total: 999)
[18:12:59] [Render thread/INFO]: [System] [CHAT] Lap Time: 511:11
[18:13:06] [Render thread/INFO]: [System] [CHAT] Caught: minecraft:salmon  (Total: 449)
[18:13:06] [Render thread/INFO]: [System] [CHAT] Lap Time: 511:19
[18:13:18] [Render thread/INFO]: [System] [CHAT] Caught: minecraft:bone  (Total: 7)
[18:13:18] [Render thread/INFO]: [System] [CHAT] Lap Time: 511:30
[18:13:26] [Render thread/INFO]: [System] [CHAT] Caught: minecraft:cod  (Total: 1000)
[18:13:26] [Render thread/INFO]: [System] [CHAT] Lap Time: 511:38
[18:13:46] [Render thread/INFO]: [System] [CHAT] Caught: minecraft:cod  (Total: 1001)
[18:13:46] [Render thread/INFO]: [System] [CHAT] Lap Time: 511:58
[18:13:59] [Render thread/INFO]: [System] [CHAT] Caught: minecraft:rotten_flesh  (Total: 11)
[18:13:59] [Render thread/INFO]: [System] [CHAT] Lap Time: 512:12
[18:14:08] [Render thread/INFO]: [System] [CHAT] Caught: minecraft:nautilus_shell  (Total: 40)
[18:14:08] [Render thread/INFO]: [System] [CHAT] Lap Time: 512:21
[18:14:28] [Render thread/INFO]: [System] [CHAT] Caught: minecraft:cod  (Total: 1002)
[18:14:28] [Render thread/INFO]: [System] [CHAT] Lap Time: 512:40
[18:14:36] [Render thread/INFO]: [System] [CHAT] Caught: minecraft:pufferfish  (Total: 206)
[18:14:36] [Render thread/INFO]: [System] [CHAT] Lap Time: 512:48
[18:14:54] [Render thread/INFO]: [System] [CHAT] Fish caught, but item not detected.
[18:15:05] [Render thread/INFO]: [System] [CHAT] Caught: minecraft:cod  (Total: 1003)
[18:15:05] [Render thread/INFO]: [System] [CHAT] Lap Time: 513:17
[18:15:23] [Render thread/INFO]: [System] [CHAT] Fish caught, but item not detected.
[18:15:29] [Render thread/INFO]: [System] [CHAT] Caught: minecraft:cod  (Total: 1004)
[18:15:29] [Render thread/INFO]: [System] [CHAT] Lap Time: 513:41
[18:15:37] [Render thread/INFO]: [System] [CHAT] Caught: minecraft:cod  (Total: 1005)
[18:15:37] [Render thread/INFO]: [System] [CHAT] Lap Time: 513:50
[18:15:48] [Render thread/INFO]: [System] [CHAT] Caught: minecraft:salmon  (Total: 450)
[18:15:48] [Render thread/INFO]: [System] [CHAT] Lap Time: 514:00
[18:16:01] [Render thread/INFO]: [System] [CHAT] Caught: minecraft:lily_pad  (Total: 20)
[18:16:01] [Render thread/INFO]: [System] [CHAT] Lap Time: 514:14
[18:16:10] [Render thread/INFO]: [System] [CHAT] Fish caught, but item not detected.
[18:16:20] [Render thread/INFO]: [System] [CHAT] Caught: minecraft:cod  (Total: 1006)
[18:16:20] [Render thread/INFO]: [System] [CHAT] Lap Time: 514:32
[18:16:31] [Render thread/INFO]: [System] [CHAT] Fish caught, but item not detected.
[18:16:49] [Render thread/INFO]: [System] [CHAT] Caught: minecraft:cod  (Total: 1007)
[18:16:49] [Render thread/INFO]: [System] [CHAT] Lap Time: 515:01
[18:16:58] [Render thread/INFO]: [System] [CHAT] Caught: minecraft:salmon  (Total: 451)
[18:16:58] [Render thread/INFO]: [System] [CHAT] Lap Time: 515:10
[18:17:10] [Render thread/INFO]: [System] [CHAT] Caught: minecraft:cod  (Total: 1008)
[18:17:10] [Render thread/INFO]: [System] [CHAT] Lap Time: 515:22
[18:17:29] [Render thread/INFO]: [System] [CHAT] Caught: minecraft:cod  (Total: 1009)
[18:17:29] [Render thread/INFO]: [System] [CHAT] Lap Time: 515:41
[18:17:45] [Render thread/INFO]: [System] [CHAT] Caught: minecraft:cod  (Total: 1010)
[18:17:45] [Render thread/INFO]: [System] [CHAT] Lap Time: 515:57
[18:17:53] [Render thread/INFO]: [System] [CHAT] Fish caught, but item not detected.
[18:18:04] [Render thread/INFO]: [System] [CHAT] Caught: minecraft:salmon  (Total: 452)
[18:18:04] [Render thread/INFO]: [System] [CHAT] Lap Time: 516:16
[18:18:15] [Render thread/INFO]: [System] [CHAT] Caught: minecraft:potion  (Total: 5)
[18:18:15] [Render thread/INFO]: [System] [CHAT] Lap Time: 516:27
[18:18:29] [Render thread/INFO]: [System] [CHAT] Caught: minecraft:cod  (Total: 1011)
[18:18:29] [Render thread/INFO]: [System] [CHAT] Lap Time: 516:41
[18:18:39] [Render thread/INFO]: [System] [CHAT] Fish caught, but item not detected.
[18:18:56] [Render thread/INFO]: [System] [CHAT] Caught: minecraft:cod  (Total: 1012)
[18:18:56] [Render thread/INFO]: [System] [CHAT] Lap Time: 517:08
[18:19:13] [Render thread/INFO]: [System] [CHAT] Caught: minecraft:salmon  (Total: 453)
[18:19:13] [Render thread/INFO]: [System] [CHAT] Lap Time: 517:26
[18:19:23] [Render thread/INFO]: [System] [CHAT] Fish caught, but item not detected.
[18:19:40] [Render thread/INFO]: [System] [CHAT] Caught: minecraft:cod  (Total: 1013)
[18:19:40] [Render thread/INFO]: [System] [CHAT] Lap Time: 517:52
[18:19:56] [Render thread/INFO]: [System] [CHAT] Caught: minecraft:cod  (Total: 1014)
[18:19:56] [Render thread/INFO]: [System] [CHAT] Lap Time: 518:08
[18:20:16] [Render thread/INFO]: [System] [CHAT] Caught: minecraft:cod  (Total: 1015)
[18:20:16] [Render thread/INFO]: [System] [CHAT] Lap Time: 518:29
[18:20:35] [Render thread/INFO]: [System] [CHAT] Fish caught, but item not detected.
[18:20:42] [Render thread/INFO]: [System] [CHAT] Caught: minecraft:pufferfish  (Total: 207)
[18:20:42] [Render thread/INFO]: [System] [CHAT] Lap Time: 518:54
[18:20:54] [Render thread/INFO]: [System] [CHAT] Caught: minecraft:salmon  (Total: 454)
[18:20:54] [Render thread/INFO]: [System] [CHAT] Lap Time: 519:06
[18:21:11] [Render thread/INFO]: [System] [CHAT] Caught: minecraft:cod  (Total: 1016)
[18:21:11] [Render thread/INFO]: [System] [CHAT] Lap Time: 519:24
[18:21:27] [Render thread/INFO]: [System] [CHAT] Fish caught, but item not detected.
[18:21:42] [Render thread/INFO]: [System] [CHAT] Caught: minecraft:cod  (Total: 1017)
[18:21:42] [Render thread/INFO]: [System] [CHAT] Lap Time: 519:55
[18:22:04] [Render thread/INFO]: [System] [CHAT] Caught: minecraft:salmon  (Total: 455)
[18:22:04] [Render thread/INFO]: [System] [CHAT] Lap Time: 520:17
[18:22:13] [Render thread/INFO]: [System] [CHAT] Caught: minecraft:pufferfish  (Total: 208)
[18:22:13] [Render thread/INFO]: [System] [CHAT] Lap Time: 520:25
[18:22:20] [Render thread/INFO]: [System] [CHAT] Caught: minecraft:salmon  (Total: 456)
[18:22:20] [Render thread/INFO]: [System] [CHAT] Lap Time: 520:33
[18:22:26] [Render thread/INFO]: [System] [CHAT] Caught: minecraft:cod  (Total: 1018)
[18:22:26] [Render thread/INFO]: [System] [CHAT] Lap Time: 520:38
[18:22:42] [Render thread/INFO]: [System] [CHAT] Caught: minecraft:pufferfish  (Total: 209)
[18:22:42] [Render thread/INFO]: [System] [CHAT] Lap Time: 520:54
[18:22:56] [Render thread/INFO]: [System] [CHAT] Caught: minecraft:cod  (Total: 1019)
[18:22:56] [Render thread/INFO]: [System] [CHAT] Lap Time: 521:08
[18:23:10] [Render thread/INFO]: [System] [CHAT] Caught: minecraft:cod  (Total: 1020)
[18:23:10] [Render thread/INFO]: [System] [CHAT] Lap Time: 521:22
[18:23:19] [Render thread/INFO]: [System] [CHAT] Caught: minecraft:cod  (Total: 1021)
[18:23:19] [Render thread/INFO]: [System] [CHAT] Lap Time: 521:31
[18:23:31] [Render thread/INFO]: [System] [CHAT] Fish caught, but item not detected.
[18:23:46] [Render thread/INFO]: [System] [CHAT] Caught: minecraft:cod  (Total: 1022)
[18:23:46] [Render thread/INFO]: [System] [CHAT] Lap Time: 521:58
[18:24:04] [Render thread/INFO]: [System] [CHAT] Caught: minecraft:cod  (Total: 1023)
[18:24:04] [Render thread/INFO]: [System] [CHAT] Lap Time: 522:16
[18:24:20] [Render thread/INFO]: [System] [CHAT] Caught: minecraft:cod  (Total: 1024)
[18:24:20] [Render thread/INFO]: [System] [CHAT] Lap Time: 522:32
[18:24:27] [Render thread/INFO]: [System] [CHAT] Caught: minecraft:pufferfish  (Total: 210)
[18:24:27] [Render thread/INFO]: [System] [CHAT] Lap Time: 522:39
[18:24:42] [Render thread/INFO]: [System] [CHAT] Caught: minecraft:salmon  (Total: 457)
[18:24:42] [Render thread/INFO]: [System] [CHAT] Lap Time: 522:54
[18:25:03] [Render thread/INFO]: [System] [CHAT] Caught: minecraft:cod  (Total: 1025)
[18:25:03] [Render thread/INFO]: [System] [CHAT] Lap Time: 523:15
[18:25:14] [Render thread/INFO]: [System] [CHAT] Caught: minecraft:salmon  (Total: 458)
[18:25:14] [Render thread/INFO]: [System] [CHAT] Lap Time: 523:26
[18:25:32] [Render thread/INFO]: [System] [CHAT] Caught: minecraft:salmon  (Total: 459)
[18:25:32] [Render thread/INFO]: [System] [CHAT] Lap Time: 523:44
[18:25:52] [Render thread/INFO]: [System] [CHAT] Fish caught, but item not detected.
[18:26:03] [Render thread/INFO]: [System] [CHAT] Caught: minecraft:cod  (Total: 1026)
[18:26:03] [Render thread/INFO]: [System] [CHAT] Lap Time: 524:15
[18:26:15] [Render thread/INFO]: [System] [CHAT] Caught: minecraft:nautilus_shell  (Total: 41)
[18:26:15] [Render thread/INFO]: [System] [CHAT] Lap Time: 524:27
[18:26:24] [Render thread/INFO]: [System] [CHAT] Fish caught, but item not detected.
[18:26:43] [Render thread/INFO]: [System] [CHAT] Caught: minecraft:cod  (Total: 1027)
[18:26:43] [Render thread/INFO]: [System] [CHAT] Lap Time: 524:55
[18:26:54] [Render thread/INFO]: [System] [CHAT] Caught: minecraft:salmon  (Total: 460)
[18:26:54] [Render thread/INFO]: [System] [CHAT] Lap Time: 525:06
[18:27:01] [Render thread/INFO]: [System] [CHAT] Caught: minecraft:pufferfish  (Total: 211)
[18:27:01] [Render thread/INFO]: [System] [CHAT] Lap Time: 525:14
[18:27:13] [Render thread/INFO]: [System] [CHAT] Fish caught, but item not detected.
[18:27:24] [Render thread/INFO]: [System] [CHAT] Caught: minecraft:cod  (Total: 1028)
[18:27:24] [Render thread/INFO]: [System] [CHAT] Lap Time: 525:36
[18:27:35] [Render thread/INFO]: [System] [CHAT] Caught: minecraft:pufferfish  (Total: 212)
[18:27:35] [Render thread/INFO]: [System] [CHAT] Lap Time: 525:47
[18:27:43] [Render thread/INFO]: [System] [CHAT] Caught: minecraft:cod  (Total: 1029)
[18:27:43] [Render thread/INFO]: [System] [CHAT] Lap Time: 525:55
[18:27:51] [Render thread/INFO]: [System] [CHAT] Caught: minecraft:cod  (Total: 1030)
[18:27:51] [Render thread/INFO]: [System] [CHAT] Lap Time: 526:03
[18:28:10] [Render thread/INFO]: [System] [CHAT] Caught: minecraft:cod  (Total: 1031)
[18:28:10] [Render thread/INFO]: [System] [CHAT] Lap Time: 526:23
[18:28:22] [Render thread/INFO]: [System] [CHAT] Caught: minecraft:salmon  (Total: 461)
[18:28:22] [Render thread/INFO]: [System] [CHAT] Lap Time: 526:35
[18:28:40] [Render thread/INFO]: [System] [CHAT] Caught: minecraft:cod  (Total: 1032)
[18:28:40] [Render thread/INFO]: [System] [CHAT] Lap Time: 526:52
[18:28:55] [Render thread/INFO]: [System] [CHAT] Caught: minecraft:cod  (Total: 1033)
[18:28:55] [Render thread/INFO]: [System] [CHAT] Lap Time: 527:07
[18:29:05] [Render thread/INFO]: [System] [CHAT] Caught: minecraft:cod  (Total: 1034)
[18:29:05] [Render thread/INFO]: [System] [CHAT] Lap Time: 527:17
[18:29:12] [Render thread/INFO]: [System] [CHAT] Caught: minecraft:tropical_fish  (Total: 34)
[18:29:12] [Render thread/INFO]: [System] [CHAT] Lap Time: 527:24
[18:29:22] [Render thread/INFO]: [System] [CHAT] Caught: minecraft:salmon  (Total: 462)
[18:29:22] [Render thread/INFO]: [System] [CHAT] Lap Time: 527:34
[18:29:42] [Render thread/INFO]: [System] [CHAT] Fish caught, but item not detected.
[18:29:52] [Render thread/INFO]: [System] [CHAT] Caught: minecraft:cod  (Total: 1035)
[18:29:52] [Render thread/INFO]: [System] [CHAT] Lap Time: 528:05
[18:30:08] [Render thread/INFO]: [System] [CHAT] Caught: minecraft:tropical_fish  (Total: 35)
[18:30:08] [Render thread/INFO]: [System] [CHAT] Lap Time: 528:20
[18:30:24] [Render thread/INFO]: [System] [CHAT] Fish caught, but item not detected.
[18:30:40] [Render thread/INFO]: [System] [CHAT] Caught: minecraft:stick  (Total: 8)
[18:30:40] [Render thread/INFO]: [System] [CHAT] Lap Time: 528:52
[18:30:59] [Render thread/INFO]: [System] [CHAT] Caught: minecraft:leather_boots  (Total: 6)
[18:30:59] [Render thread/INFO]: [System] [CHAT] Lap Time: 529:11
[18:31:18] [Render thread/INFO]: [System] [CHAT] Caught: minecraft:salmon  (Total: 463)
[18:31:18] [Render thread/INFO]: [System] [CHAT] Lap Time: 529:30
[18:31:25] [Render thread/INFO]: [System] [CHAT] Caught: minecraft:cod  (Total: 1036)
[18:31:25] [Render thread/INFO]: [System] [CHAT] Lap Time: 529:37
[18:31:35] [Render thread/INFO]: [System] [CHAT] Fish caught, but item not detected.
[18:31:37] [Render thread/INFO]: [System] [CHAT] ----- Catch Summary -----
[18:31:37] [Render thread/INFO]: [System] [CHAT]  - minecraft:cod: 1036 times
[18:31:37] [Render thread/INFO]: [System] [CHAT]  - minecraft:salmon: 463 times
[18:31:37] [Render thread/INFO]: [System] [CHAT]  - minecraft:pufferfish: 212 times
[18:31:37] [Render thread/INFO]: [System] [CHAT]  - minecraft:tropical_fish: 35 times
[18:31:37] [Render thread/INFO]: [System] [CHAT]  - minecraft:bow: 9 times
[18:31:37] [Render thread/INFO]: [System] [CHAT]  - minecraft:potion: 5 times
[18:31:37] [Render thread/INFO]: [System] [CHAT]  - minecraft:name_tag: 33 times
[18:31:37] [Render thread/INFO]: [System] [CHAT]  - minecraft:leather: 8 times
[18:31:37] [Render thread/INFO]: [System] [CHAT]  - minecraft:lily_pad: 20 times
[18:31:37] [Render thread/INFO]: [System] [CHAT]  - minecraft:saddle: 9 times
[18:31:37] [Render thread/INFO]: [System] [CHAT]  - minecraft:enchanted_book: 9 times
[18:31:37] [Render thread/INFO]: [System] [CHAT]  - minecraft:nautilus_shell: 41 times
[18:31:37] [Render thread/INFO]: [System] [CHAT]  - minecraft:rotten_flesh: 11 times
[18:31:37] [Render thread/INFO]: [System] [CHAT]  - minecraft:ink_sac: 1 times
[18:31:37] [Render thread/INFO]: [System] [CHAT]  - minecraft:tripwire_hook: 8 times
[18:31:37] [Render thread/INFO]: [System] [CHAT]  - minecraft:stick: 8 times
[18:31:37] [Render thread/INFO]: [System] [CHAT]  - minecraft:string: 2 times
[18:31:37] [Render thread/INFO]: [System] [CHAT]  - minecraft:bowl: 11 times
[18:31:37] [Render thread/INFO]: [System] [CHAT]  - minecraft:leather_boots: 6 times
[18:31:37] [Render thread/INFO]: [System] [CHAT]  - minecraft:bone: 7 times
[18:31:37] [Render thread/INFO]: [System] [CHAT]  - minecraft:fishing_rod: 1 times
[18:31:37] [Render thread/INFO]: [System] [CHAT] Elapsed Time: 529:49
[18:31:38] [Render thread/INFO]: [System] [CHAT] Screenshot saved: autofish_20250705_183138.png
[18:31:38] [Render thread/INFO]: [System] [CHAT] Summary saved to: summary_20250705_183138.txt
[18:31:40] [Render thread/INFO]: [System] [CHAT] Saved screenshot as autofish_20250705_183138.png
[18:31:40] [Render thread/INFO]: [System] [CHAT] Inventory cleared.
[18:31:40] [Render thread/INFO]: [System] [CHAT] Rod restored.
[18:31:40] [Server thread/INFO]: [sampleeeeeee: Removed 197 item(s) from player sampleeeeeee]
[18:31:40] [Server thread/INFO]: [sampleeeeeee: Replaced a slot on sampleeeeeee with [Fishing Rod]]
[18:31:40] [Server thread/INFO]: [sampleeeeeee: Applied enchantment Luck of the Sea III to sampleeeeeee's item]
[18:31:40] [Server thread/INFO]: [sampleeeeeee: Applied enchantment Lure III to sampleeeeeee's item]
[18:31:40] [Server thread/INFO]: [sampleeeeeee: Applied enchantment Unbreaking III to sampleeeeeee's item]
[18:31:40] [Render thread/INFO]: [System] [CHAT] Removed 197 item(s) from player sampleeeeeee
[18:31:40] [Render thread/INFO]: [System] [CHAT] Replaced a slot on sampleeeeeee with [Fishing Rod]
[18:31:40] [Render thread/INFO]: [System] [CHAT] Applied enchantment Luck of the Sea III to sampleeeeeee's item
[18:31:40] [Render thread/INFO]: [System] [CHAT] Applied enchantment Lure III to sampleeeeeee's item
[18:31:40] [Render thread/INFO]: [System] [CHAT] Applied enchantment Unbreaking III to sampleeeeeee's item
[18:31:40] [Render thread/INFO]: [System] [CHAT] Applied enchantment Mending to sampleeeeeee's item
[18:31:40] [Server thread/INFO]: [sampleeeeeee: Applied enchantment Mending to sampleeeeeee's item]
[18:31:59] [Render thread/INFO]: [System] [CHAT] Fish caught, but item not detected.
[18:32:13] [Render thread/INFO]: [System] [CHAT] Fish caught, but item not detected.
[18:32:35] [Render thread/INFO]: [System] [CHAT] Caught: minecraft:cod  (Total: 1037)
[18:32:35] [Render thread/INFO]: [System] [CHAT] Lap Time: 530:47
[18:32:51] [Render thread/INFO]: [System] [CHAT] Caught: minecraft:name_tag  (Total: 34)
[18:32:51] [Render thread/INFO]: [System] [CHAT] Lap Time: 531:04
[18:33:00] [Render thread/INFO]: [System] [CHAT] Caught: minecraft:salmon  (Total: 464)
[18:33:00] [Render thread/INFO]: [System] [CHAT] Lap Time: 531:12
[18:33:12] [Render thread/INFO]: [System] [CHAT] Caught: minecraft:pufferfish  (Total: 213)
[18:33:12] [Render thread/INFO]: [System] [CHAT] Lap Time: 531:25
[18:33:18] [Render thread/INFO]: [System] [CHAT] Caught: minecraft:cod  (Total: 1038)
[18:33:18] [Render thread/INFO]: [System] [CHAT] Lap Time: 531:31
[18:33:34] [Render thread/INFO]: [System] [CHAT] Caught: minecraft:cod  (Total: 1039)
[18:33:34] [Render thread/INFO]: [System] [CHAT] Lap Time: 531:46
[18:33:48] [Render thread/INFO]: [System] [CHAT] Fish caught, but item not detected.
[18:33:59] [Render thread/INFO]: [System] [CHAT] Caught: minecraft:pufferfish  (Total: 214)
[18:33:59] [Render thread/INFO]: [System] [CHAT] Lap Time: 532:12
[18:34:21] [Render thread/INFO]: [System] [CHAT] Caught: minecraft:salmon  (Total: 465)
[18:34:21] [Render thread/INFO]: [System] [CHAT] Lap Time: 532:33
[18:34:38] [Render thread/INFO]: [System] [CHAT] Caught: minecraft:cod  (Total: 1040)
[18:34:38] [Render thread/INFO]: [System] [CHAT] Lap Time: 532:50
[18:34:52] [Render thread/INFO]: [System] [CHAT] Caught: minecraft:salmon  (Total: 466)
[18:34:52] [Render thread/INFO]: [System] [CHAT] Lap Time: 533:04
[18:35:03] [Render thread/INFO]: [System] [CHAT] Caught: minecraft:cod  (Total: 1041)
[18:35:03] [Render thread/INFO]: [System] [CHAT] Lap Time: 533:16
[18:35:18] [Render thread/INFO]: [System] [CHAT] Caught: minecraft:cod  (Total: 1042)
[18:35:18] [Render thread/INFO]: [System] [CHAT] Lap Time: 533:30
[18:35:34] [Render thread/INFO]: [System] [CHAT] Caught: minecraft:cod  (Total: 1043)
[18:35:34] [Render thread/INFO]: [System] [CHAT] Lap Time: 533:47
[18:35:53] [Render thread/INFO]: [System] [CHAT] Caught: minecraft:salmon  (Total: 467)
[18:35:53] [Render thread/INFO]: [System] [CHAT] Lap Time: 534:05
[18:36:03] [Render thread/INFO]: [System] [CHAT] Caught: minecraft:cod  (Total: 1044)
[18:36:03] [Render thread/INFO]: [System] [CHAT] Lap Time: 534:15
[18:36:10] [Render thread/INFO]: [System] [CHAT] Caught: minecraft:cod  (Total: 1045)
[18:36:10] [Render thread/INFO]: [System] [CHAT] Lap Time: 534:22
[18:36:30] [Render thread/INFO]: [System] [CHAT] Fish caught, but item not detected.
[18:36:43] [Render thread/INFO]: [System] [CHAT] Caught: minecraft:cod  (Total: 1046)
[18:36:43] [Render thread/INFO]: [System] [CHAT] Lap Time: 534:56
[18:36:54] [Render thread/INFO]: [System] [CHAT] Caught: minecraft:cod  (Total: 1047)
[18:36:54] [Render thread/INFO]: [System] [CHAT] Lap Time: 535:06
[18:37:12] [Render thread/INFO]: [System] [CHAT] Caught: minecraft:cod  (Total: 1048)
[18:37:12] [Render thread/INFO]: [System] [CHAT] Lap Time: 535:24
[18:37:26] [Render thread/INFO]: [System] [CHAT] Caught: minecraft:cod  (Total: 1049)
[18:37:26] [Render thread/INFO]: [System] [CHAT] Lap Time: 535:38
[18:37:39] [Render thread/INFO]: [System] [CHAT] Caught: minecraft:cod  (Total: 1050)
[18:37:39] [Render thread/INFO]: [System] [CHAT] Lap Time: 535:51
[18:37:56] [Render thread/INFO]: [System] [CHAT] Caught: minecraft:pufferfish  (Total: 215)
[18:37:56] [Render thread/INFO]: [System] [CHAT] Lap Time: 536:08
[18:38:16] [Render thread/INFO]: [System] [CHAT] Fish caught, but item not detected.
[18:38:24] [Render thread/INFO]: [System] [CHAT] Caught: minecraft:cod  (Total: 1051)
[18:38:24] [Render thread/INFO]: [System] [CHAT] Lap Time: 536:36
[18:38:41] [Render thread/INFO]: [System] [CHAT] Fish caught, but item not detected.
[18:38:59] [Render thread/INFO]: [System] [CHAT] Caught: minecraft:salmon  (Total: 468)
[18:38:59] [Render thread/INFO]: [System] [CHAT] Lap Time: 537:11
[18:39:19] [Render thread/INFO]: [System] [CHAT] Caught: minecraft:cod  (Total: 1052)
[18:39:19] [Render thread/INFO]: [System] [CHAT] Lap Time: 537:31
[18:39:33] [Render thread/INFO]: [System] [CHAT] Caught: minecraft:cod  (Total: 1053)
[18:39:33] [Render thread/INFO]: [System] [CHAT] Lap Time: 537:45
[18:39:44] [Render thread/INFO]: [System] [CHAT] Caught: minecraft:cod  (Total: 1054)
[18:39:44] [Render thread/INFO]: [System] [CHAT] Lap Time: 537:56
[18:40:00] [Render thread/INFO]: [System] [CHAT] Caught: minecraft:pufferfish  (Total: 216)
[18:40:00] [Render thread/INFO]: [System] [CHAT] Lap Time: 538:12
[18:40:20] [Render thread/INFO]: [System] [CHAT] Caught: minecraft:leather_boots  (Total: 7)
[18:40:20] [Render thread/INFO]: [System] [CHAT] Lap Time: 538:32
[18:40:31] [Render thread/INFO]: [System] [CHAT] Caught: minecraft:salmon  (Total: 469)
[18:40:31] [Render thread/INFO]: [System] [CHAT] Lap Time: 538:43
[18:40:47] [Render thread/INFO]: [System] [CHAT] Caught: minecraft:cod  (Total: 1055)
[18:40:47] [Render thread/INFO]: [System] [CHAT] Lap Time: 539:00
[18:40:56] [Render thread/INFO]: [System] [CHAT] Fish caught, but item not detected.
[18:41:06] [Render thread/INFO]: [System] [CHAT] Caught: minecraft:leather  (Total: 9)
[18:41:06] [Render thread/INFO]: [System] [CHAT] Lap Time: 539:18
[18:41:23] [Render thread/INFO]: [System] [CHAT] Fish caught, but item not detected.
[18:41:41] [Render thread/INFO]: [System] [CHAT] Caught: minecraft:cod  (Total: 1056)
[18:41:41] [Render thread/INFO]: [System] [CHAT] Lap Time: 539:53
[18:41:48] [Render thread/INFO]: [System] [CHAT] Caught: minecraft:cod  (Total: 1057)
[18:41:48] [Render thread/INFO]: [System] [CHAT] Lap Time: 540:00
[18:42:08] [Render thread/INFO]: [System] [CHAT] Caught: minecraft:cod  (Total: 1058)
[18:42:08] [Render thread/INFO]: [System] [CHAT] Lap Time: 540:20
[18:42:23] [Render thread/INFO]: [System] [CHAT] Caught: minecraft:cod  (Total: 1059)
[18:42:23] [Render thread/INFO]: [System] [CHAT] Lap Time: 540:35
[18:42:39] [Render thread/INFO]: [System] [CHAT] Fish caught, but item not detected.
[18:42:58] [Render thread/INFO]: [System] [CHAT] Fish caught, but item not detected.
[18:43:08] [Render thread/INFO]: [System] [CHAT] Caught: minecraft:tropical_fish  (Total: 36)
[18:43:08] [Render thread/INFO]: [System] [CHAT] Lap Time: 541:20
[18:43:29] [Render thread/INFO]: [System] [CHAT] Caught: minecraft:cod  (Total: 1060)
[18:43:29] [Render thread/INFO]: [System] [CHAT] Lap Time: 541:41
[18:43:48] [Render thread/INFO]: [System] [CHAT] Caught: minecraft:name_tag  (Total: 35)
[18:43:48] [Render thread/INFO]: [System] [CHAT] Lap Time: 542:00
[18:43:54] [Render thread/INFO]: [System] [CHAT] Caught: minecraft:nautilus_shell  (Total: 42)
[18:43:54] [Render thread/INFO]: [System] [CHAT] Lap Time: 542:07
[18:44:02] [Render thread/INFO]: [System] [CHAT] Caught: minecraft:salmon  (Total: 470)
[18:44:02] [Render thread/INFO]: [System] [CHAT] Lap Time: 542:15
[18:44:10] [Render thread/INFO]: [System] [CHAT] Caught: minecraft:nautilus_shell  (Total: 43)
[18:44:10] [Render thread/INFO]: [System] [CHAT] Lap Time: 542:22
[18:44:27] [Render thread/INFO]: [System] [CHAT] Caught: minecraft:cod  (Total: 1061)
[18:44:27] [Render thread/INFO]: [System] [CHAT] Lap Time: 542:40
[18:44:46] [Render thread/INFO]: [System] [CHAT] Caught: minecraft:pufferfish  (Total: 217)
[18:44:46] [Render thread/INFO]: [System] [CHAT] Lap Time: 542:58
[18:45:01] [Render thread/INFO]: [System] [CHAT] Caught: minecraft:cod  (Total: 1062)
[18:45:01] [Render thread/INFO]: [System] [CHAT] Lap Time: 543:13
[18:45:19] [Render thread/INFO]: [System] [CHAT] Caught: minecraft:cod  (Total: 1063)
[18:45:19] [Render thread/INFO]: [System] [CHAT] Lap Time: 543:32
[18:45:31] [Render thread/INFO]: [System] [CHAT] Caught: minecraft:cod  (Total: 1064)
[18:45:31] [Render thread/INFO]: [System] [CHAT] Lap Time: 543:43
[18:45:41] [Render thread/INFO]: [System] [CHAT] Fish caught, but item not detected.
[18:46:01] [Render thread/INFO]: [System] [CHAT] Caught: minecraft:cod  (Total: 1065)
[18:46:01] [Render thread/INFO]: [System] [CHAT] Lap Time: 544:13
[18:46:11] [Render thread/INFO]: [System] [CHAT] Caught: minecraft:pufferfish  (Total: 218)
[18:46:11] [Render thread/INFO]: [System] [CHAT] Lap Time: 544:23
[18:46:27] [Render thread/INFO]: [System] [CHAT] Caught: minecraft:pufferfish  (Total: 219)
[18:46:27] [Render thread/INFO]: [System] [CHAT] Lap Time: 544:40
[18:46:39] [Render thread/INFO]: [System] [CHAT] Caught: minecraft:salmon  (Total: 471)
[18:46:39] [Render thread/INFO]: [System] [CHAT] Lap Time: 544:51
[18:46:57] [Render thread/INFO]: [System] [CHAT] Caught: minecraft:cod  (Total: 1066)
[18:46:57] [Render thread/INFO]: [System] [CHAT] Lap Time: 545:09
[18:47:16] [Render thread/INFO]: [System] [CHAT] Caught: minecraft:cod  (Total: 1067)
[18:47:16] [Render thread/INFO]: [System] [CHAT] Lap Time: 545:28
[18:47:32] [Render thread/INFO]: [System] [CHAT] Caught: minecraft:cod  (Total: 1068)
[18:47:32] [Render thread/INFO]: [System] [CHAT] Lap Time: 545:44
[18:47:40] [Render thread/INFO]: [System] [CHAT] Caught: minecraft:cod  (Total: 1069)
[18:47:40] [Render thread/INFO]: [System] [CHAT] Lap Time: 545:52
[18:47:54] [Render thread/INFO]: [System] [CHAT] Caught: minecraft:cod  (Total: 1070)
[18:47:54] [Render thread/INFO]: [System] [CHAT] Lap Time: 546:07
[18:48:12] [Render thread/INFO]: [System] [CHAT] Caught: minecraft:cod  (Total: 1071)
[18:48:12] [Render thread/INFO]: [System] [CHAT] Lap Time: 546:24
[18:48:31] [Render thread/INFO]: [System] [CHAT] Caught: minecraft:salmon  (Total: 472)
[18:48:31] [Render thread/INFO]: [System] [CHAT] Lap Time: 546:43
[18:48:37] [Render thread/INFO]: [System] [CHAT] Caught: minecraft:salmon  (Total: 473)
[18:48:37] [Render thread/INFO]: [System] [CHAT] Lap Time: 546:49
[18:48:45] [Render thread/INFO]: [System] [CHAT] Fish caught, but item not detected.
[18:48:53] [Render thread/INFO]: [System] [CHAT] Caught: minecraft:cod  (Total: 1072)
[18:48:53] [Render thread/INFO]: [System] [CHAT] Lap Time: 547:05
[18:49:01] [Render thread/INFO]: [System] [CHAT] Caught: minecraft:cod  (Total: 1073)
[18:49:01] [Render thread/INFO]: [System] [CHAT] Lap Time: 547:13
[18:49:13] [Render thread/INFO]: [System] [CHAT] Caught: minecraft:salmon  (Total: 474)
[18:49:13] [Render thread/INFO]: [System] [CHAT] Lap Time: 547:25
[18:49:19] [Render thread/INFO]: [System] [CHAT] Caught: minecraft:cod  (Total: 1074)
[18:49:19] [Render thread/INFO]: [System] [CHAT] Lap Time: 547:32
[18:49:28] [Render thread/INFO]: [System] [CHAT] Caught: minecraft:cod  (Total: 1075)
[18:49:28] [Render thread/INFO]: [System] [CHAT] Lap Time: 547:40
[18:49:40] [Render thread/INFO]: [System] [CHAT] Caught: minecraft:cod  (Total: 1076)
[18:49:40] [Render thread/INFO]: [System] [CHAT] Lap Time: 547:52
[18:49:56] [Render thread/INFO]: [System] [CHAT] Caught: minecraft:cod  (Total: 1077)
[18:49:56] [Render thread/INFO]: [System] [CHAT] Lap Time: 548:08
[18:50:10] [Render thread/INFO]: [System] [CHAT] Caught: minecraft:cod  (Total: 1078)
[18:50:10] [Render thread/INFO]: [System] [CHAT] Lap Time: 548:23
[18:50:27] [Render thread/INFO]: [System] [CHAT] Fish caught, but item not detected.
[18:50:48] [Render thread/INFO]: [System] [CHAT] Caught: minecraft:salmon  (Total: 475)
[18:50:48] [Render thread/INFO]: [System] [CHAT] Lap Time: 549:00
[18:51:09] [Render thread/INFO]: [System] [CHAT] Caught: minecraft:cod  (Total: 1079)
[18:51:09] [Render thread/INFO]: [System] [CHAT] Lap Time: 549:22
[18:51:26] [Render thread/INFO]: [System] [CHAT] Caught: minecraft:cod  (Total: 1080)
[18:51:26] [Render thread/INFO]: [System] [CHAT] Lap Time: 549:38
[18:51:39] [Render thread/INFO]: [System] [CHAT] Fish caught, but item not detected.
[18:51:54] [Render thread/INFO]: [System] [CHAT] Caught: minecraft:cod  (Total: 1081)
[18:51:54] [Render thread/INFO]: [System] [CHAT] Lap Time: 550:06
[18:52:02] [Render thread/INFO]: [System] [CHAT] Fish caught, but item not detected.
[18:52:20] [Render thread/INFO]: [System] [CHAT] Caught: minecraft:cod  (Total: 1082)
[18:52:20] [Render thread/INFO]: [System] [CHAT] Lap Time: 550:33
[18:52:33] [Render thread/INFO]: [System] [CHAT] Caught: minecraft:salmon  (Total: 476)
[18:52:33] [Render thread/INFO]: [System] [CHAT] Lap Time: 550:45
[18:52:42] [Render thread/INFO]: [System] [CHAT] Caught: minecraft:salmon  (Total: 477)
[18:52:42] [Render thread/INFO]: [System] [CHAT] Lap Time: 550:55
[18:52:53] [Render thread/INFO]: [System] [CHAT] Caught: minecraft:salmon  (Total: 478)
[18:52:53] [Render thread/INFO]: [System] [CHAT] Lap Time: 551:05
[18:53:13] [Render thread/INFO]: [System] [CHAT] Caught: minecraft:pufferfish  (Total: 220)
[18:53:13] [Render thread/INFO]: [System] [CHAT] Lap Time: 551:26
[18:53:28] [Render thread/INFO]: [System] [CHAT] Caught: minecraft:salmon  (Total: 479)
[18:53:28] [Render thread/INFO]: [System] [CHAT] Lap Time: 551:41
[18:53:43] [Render thread/INFO]: [System] [CHAT] Caught: minecraft:cod  (Total: 1083)
[18:53:43] [Render thread/INFO]: [System] [CHAT] Lap Time: 551:56
[18:54:05] [Render thread/INFO]: [System] [CHAT] Caught: minecraft:cod  (Total: 1084)
[18:54:05] [Render thread/INFO]: [System] [CHAT] Lap Time: 552:17
[18:54:15] [Render thread/INFO]: [System] [CHAT] Caught: minecraft:cod  (Total: 1085)
[18:54:15] [Render thread/INFO]: [System] [CHAT] Lap Time: 552:27
[18:54:27] [Render thread/INFO]: [System] [CHAT] Caught: minecraft:cod  (Total: 1086)
[18:54:27] [Render thread/INFO]: [System] [CHAT] Lap Time: 552:39
[18:54:41] [Render thread/INFO]: [System] [CHAT] Caught: minecraft:cod  (Total: 1087)
[18:54:41] [Render thread/INFO]: [System] [CHAT] Lap Time: 552:53
[18:54:54] [Render thread/INFO]: [System] [CHAT] Caught: minecraft:cod  (Total: 1088)
[18:54:54] [Render thread/INFO]: [System] [CHAT] Lap Time: 553:06
[18:55:03] [Render thread/INFO]: [System] [CHAT] Caught: minecraft:cod  (Total: 1089)
[18:55:03] [Render thread/INFO]: [System] [CHAT] Lap Time: 553:15
[18:55:16] [Render thread/INFO]: [System] [CHAT] Caught: minecraft:pufferfish  (Total: 221)
[18:55:16] [Render thread/INFO]: [System] [CHAT] Lap Time: 553:28
[18:55:25] [Render thread/INFO]: [System] [CHAT] Caught: minecraft:rotten_flesh  (Total: 12)
[18:55:25] [Render thread/INFO]: [System] [CHAT] Lap Time: 553:37
[18:55:38] [Render thread/INFO]: [System] [CHAT] Caught: minecraft:pufferfish  (Total: 222)
[18:55:38] [Render thread/INFO]: [System] [CHAT] Lap Time: 553:50
[18:55:48] [Render thread/INFO]: [System] [CHAT] Caught: minecraft:cod  (Total: 1090)
[18:55:48] [Render thread/INFO]: [System] [CHAT] Lap Time: 554:01
[18:55:59] [Render thread/INFO]: [System] [CHAT] Caught: minecraft:bow  (Total: 10)
[18:55:59] [Render thread/INFO]: [System] [CHAT] Lap Time: 554:11
[18:56:07] [Render thread/INFO]: [System] [CHAT] Caught: minecraft:cod  (Total: 1091)
[18:56:07] [Render thread/INFO]: [System] [CHAT] Lap Time: 554:19
[18:56:19] [Render thread/INFO]: [System] [CHAT] Caught: minecraft:salmon  (Total: 480)
[18:56:19] [Render thread/INFO]: [System] [CHAT] Lap Time: 554:32
[18:56:30] [Render thread/INFO]: [System] [CHAT] Caught: minecraft:salmon  (Total: 481)
[18:56:30] [Render thread/INFO]: [System] [CHAT] Lap Time: 554:43
[18:56:40] [Render thread/INFO]: [System] [CHAT] Caught: minecraft:salmon  (Total: 482)
[18:56:40] [Render thread/INFO]: [System] [CHAT] Lap Time: 554:53
[18:56:48] [Render thread/INFO]: [System] [CHAT] Caught: minecraft:cod  (Total: 1092)
[18:56:48] [Render thread/INFO]: [System] [CHAT] Lap Time: 555:00
[18:57:04] [Render thread/INFO]: [System] [CHAT] Caught: minecraft:salmon  (Total: 483)
[18:57:04] [Render thread/INFO]: [System] [CHAT] Lap Time: 555:16
[18:57:19] [Render thread/INFO]: [System] [CHAT] Caught: minecraft:cod  (Total: 1093)
[18:57:19] [Render thread/INFO]: [System] [CHAT] Lap Time: 555:31
[18:57:37] [Render thread/INFO]: [System] [CHAT] Caught: minecraft:cod  (Total: 1094)
[18:57:37] [Render thread/INFO]: [System] [CHAT] Lap Time: 555:50
[18:57:51] [Render thread/INFO]: [System] [CHAT] Caught: minecraft:salmon  (Total: 484)
[18:57:51] [Render thread/INFO]: [System] [CHAT] Lap Time: 556:03
[18:58:01] [Render thread/INFO]: [System] [CHAT] Caught: minecraft:cod  (Total: 1095)
[18:58:01] [Render thread/INFO]: [System] [CHAT] Lap Time: 556:13
[18:58:19] [Render thread/INFO]: [System] [CHAT] Caught: minecraft:cod  (Total: 1096)
[18:58:19] [Render thread/INFO]: [System] [CHAT] Lap Time: 556:31
[18:58:31] [Render thread/INFO]: [System] [CHAT] Caught: minecraft:cod  (Total: 1097)
[18:58:31] [Render thread/INFO]: [System] [CHAT] Lap Time: 556:43
[18:58:51] [Render thread/INFO]: [System] [CHAT] Caught: minecraft:pufferfish  (Total: 223)
[18:58:51] [Render thread/INFO]: [System] [CHAT] Lap Time: 557:04
[18:59:08] [Render thread/INFO]: [System] [CHAT] Caught: minecraft:lily_pad  (Total: 21)
[18:59:08] [Render thread/INFO]: [System] [CHAT] Lap Time: 557:20
[18:59:26] [Render thread/INFO]: [System] [CHAT] Caught: minecraft:cod  (Total: 1098)
[18:59:26] [Render thread/INFO]: [System] [CHAT] Lap Time: 557:38
[18:59:41] [Render thread/INFO]: [System] [CHAT] Fish caught, but item not detected.
[18:59:54] [Render thread/INFO]: [System] [CHAT] Caught: minecraft:pufferfish  (Total: 224)
[18:59:54] [Render thread/INFO]: [System] [CHAT] Lap Time: 558:06
[19:00:16] [Render thread/INFO]: [System] [CHAT] Caught: minecraft:cod  (Total: 1099)
[19:00:16] [Render thread/INFO]: [System] [CHAT] Lap Time: 558:28
[19:00:31] [Render thread/INFO]: [System] [CHAT] Caught: minecraft:cod  (Total: 1100)
[19:00:31] [Render thread/INFO]: [System] [CHAT] Lap Time: 558:43
[19:00:40] [Render thread/INFO]: [System] [CHAT] Caught: minecraft:salmon  (Total: 485)
[19:00:40] [Render thread/INFO]: [System] [CHAT] Lap Time: 558:52
[19:01:02] [Render thread/INFO]: [System] [CHAT] Fish caught, but item not detected.
[19:01:14] [Render thread/INFO]: [System] [CHAT] Caught: minecraft:cod  (Total: 1101)
[19:01:14] [Render thread/INFO]: [System] [CHAT] Lap Time: 559:27
[19:01:35] [Render thread/INFO]: [System] [CHAT] Fish caught, but item not detected.
[19:01:47] [Render thread/INFO]: [System] [CHAT] Caught: minecraft:cod  (Total: 1102)
[19:01:47] [Render thread/INFO]: [System] [CHAT] Lap Time: 560:00
[19:02:05] [Render thread/INFO]: [System] [CHAT] Caught: minecraft:cod  (Total: 1103)
[19:02:05] [Render thread/INFO]: [System] [CHAT] Lap Time: 560:17
[19:02:18] [Render thread/INFO]: [System] [CHAT] Caught: minecraft:cod  (Total: 1104)
[19:02:18] [Render thread/INFO]: [System] [CHAT] Lap Time: 560:30
[19:02:31] [Render thread/INFO]: [System] [CHAT] Caught: minecraft:cod  (Total: 1105)
[19:02:31] [Render thread/INFO]: [System] [CHAT] Lap Time: 560:44
[19:02:38] [Render thread/INFO]: [System] [CHAT] Caught: minecraft:pufferfish  (Total: 225)
[19:02:38] [Render thread/INFO]: [System] [CHAT] Lap Time: 560:50
[19:03:00] [Render thread/INFO]: [System] [CHAT] Caught: minecraft:cod  (Total: 1106)
[19:03:00] [Render thread/INFO]: [System] [CHAT] Lap Time: 561:12
[19:03:10] [Render thread/INFO]: [System] [CHAT] Caught: minecraft:cod  (Total: 1107)
[19:03:10] [Render thread/INFO]: [System] [CHAT] Lap Time: 561:22
[19:03:31] [Render thread/INFO]: [System] [CHAT] Caught: minecraft:cod  (Total: 1108)
[19:03:31] [Render thread/INFO]: [System] [CHAT] Lap Time: 561:43
[19:03:38] [Render thread/INFO]: [System] [CHAT] Fish caught, but item not detected.
[19:03:59] [Render thread/INFO]: [System] [CHAT] Fish caught, but item not detected.
[19:04:13] [Render thread/INFO]: [System] [CHAT] Fish caught, but item not detected.
[19:04:25] [Render thread/INFO]: [System] [CHAT] Caught: minecraft:cod  (Total: 1109)
[19:04:25] [Render thread/INFO]: [System] [CHAT] Lap Time: 562:38
[19:04:41] [Render thread/INFO]: [System] [CHAT] Caught: minecraft:salmon  (Total: 486)
[19:04:41] [Render thread/INFO]: [System] [CHAT] Lap Time: 562:53
[19:04:57] [Render thread/INFO]: [System] [CHAT] Caught: minecraft:cod  (Total: 1110)
[19:04:57] [Render thread/INFO]: [System] [CHAT] Lap Time: 563:09
[19:05:10] [Render thread/INFO]: [System] [CHAT] Caught: minecraft:cod  (Total: 1111)
[19:05:10] [Render thread/INFO]: [System] [CHAT] Lap Time: 563:22
[19:05:17] [Render thread/INFO]: [System] [CHAT] Caught: minecraft:cod  (Total: 1112)
[19:05:17] [Render thread/INFO]: [System] [CHAT] Lap Time: 563:29
[19:05:30] [Render thread/INFO]: [System] [CHAT] Caught: minecraft:salmon  (Total: 487)
[19:05:30] [Render thread/INFO]: [System] [CHAT] Lap Time: 563:43
[19:05:39] [Render thread/INFO]: [System] [CHAT] Caught: minecraft:cod  (Total: 1113)
[19:05:39] [Render thread/INFO]: [System] [CHAT] Lap Time: 563:51
[19:05:49] [Render thread/INFO]: [System] [CHAT] Caught: minecraft:cod  (Total: 1114)
[19:05:49] [Render thread/INFO]: [System] [CHAT] Lap Time: 564:01
[19:05:57] [Render thread/INFO]: [System] [CHAT] Fish caught, but item not detected.
[19:06:03] [Render thread/INFO]: [System] [CHAT] Caught: minecraft:pufferfish  (Total: 226)
[19:06:03] [Render thread/INFO]: [System] [CHAT] Lap Time: 564:16
[19:06:18] [Render thread/INFO]: [System] [CHAT] Fish caught, but item not detected.
[19:06:32] [Render thread/INFO]: [System] [CHAT] Caught: minecraft:enchanted_book  (Total: 10)
[19:06:32] [Render thread/INFO]: [System] [CHAT] Lap Time: 564:44
[19:06:47] [Render thread/INFO]: [System] [CHAT] Fish caught, but item not detected.
[19:06:59] [Render thread/INFO]: [System] [CHAT] Caught: minecraft:cod  (Total: 1115)
[19:06:59] [Render thread/INFO]: [System] [CHAT] Lap Time: 565:11
[19:07:14] [Render thread/INFO]: [System] [CHAT] Caught: minecraft:salmon  (Total: 488)
[19:07:14] [Render thread/INFO]: [System] [CHAT] Lap Time: 565:26
[19:07:29] [Render thread/INFO]: [System] [CHAT] Caught: minecraft:cod  (Total: 1116)
[19:07:29] [Render thread/INFO]: [System] [CHAT] Lap Time: 565:41
[19:07:38] [Render thread/INFO]: [System] [CHAT] Fish caught, but item not detected.
[19:07:52] [Render thread/INFO]: [System] [CHAT] Caught: minecraft:cod  (Total: 1117)
[19:07:52] [Render thread/INFO]: [System] [CHAT] Lap Time: 566:04
[19:07:58] [Render thread/INFO]: [System] [CHAT] Caught: minecraft:cod  (Total: 1118)
[19:07:58] [Render thread/INFO]: [System] [CHAT] Lap Time: 566:11
[19:08:11] [Render thread/INFO]: [System] [CHAT] Fish caught, but item not detected.
[19:08:28] [Render thread/INFO]: [System] [CHAT] Fish caught, but item not detected.
[19:08:44] [Render thread/INFO]: [System] [CHAT] Fish caught, but item not detected.
[19:09:01] [Render thread/INFO]: [System] [CHAT] Caught: minecraft:salmon  (Total: 489)
[19:09:01] [Render thread/INFO]: [System] [CHAT] Lap Time: 567:13
[19:09:12] [Render thread/INFO]: [System] [CHAT] Caught: minecraft:cod  (Total: 1119)
[19:09:12] [Render thread/INFO]: [System] [CHAT] Lap Time: 567:24
[19:09:25] [Render thread/INFO]: [System] [CHAT] Caught: minecraft:cod  (Total: 1120)
[19:09:25] [Render thread/INFO]: [System] [CHAT] Lap Time: 567:37
[19:09:36] [Render thread/INFO]: [System] [CHAT] Fish caught, but item not detected.
[19:09:42] [Render thread/INFO]: [System] [CHAT] Caught: minecraft:tropical_fish  (Total: 37)
[19:09:42] [Render thread/INFO]: [System] [CHAT] Lap Time: 567:54
[19:09:53] [Render thread/INFO]: [System] [CHAT] Fish caught, but item not detected.
[19:10:10] [Render thread/INFO]: [System] [CHAT] Caught: minecraft:cod  (Total: 1121)
[19:10:10] [Render thread/INFO]: [System] [CHAT] Lap Time: 568:22
[19:10:29] [Render thread/INFO]: [System] [CHAT] Fish caught, but item not detected.
[19:10:44] [Render thread/INFO]: [System] [CHAT] Fish caught, but item not detected.
[19:10:58] [Render thread/INFO]: [System] [CHAT] Caught: minecraft:cod  (Total: 1122)
[19:10:58] [Render thread/INFO]: [System] [CHAT] Lap Time: 569:11
[19:11:08] [Render thread/INFO]: [System] [CHAT] Caught: minecraft:salmon  (Total: 490)
[19:11:08] [Render thread/INFO]: [System] [CHAT] Lap Time: 569:20
[19:11:14] [Render thread/INFO]: [System] [CHAT] Fish caught, but item not detected.
[19:11:29] [Render thread/INFO]: [System] [CHAT] Fish caught, but item not detected.
[19:11:46] [Render thread/INFO]: [System] [CHAT] Caught: minecraft:cod  (Total: 1123)
[19:11:46] [Render thread/INFO]: [System] [CHAT] Lap Time: 569:58
[19:11:57] [Render thread/INFO]: [System] [CHAT] Caught: minecraft:cod  (Total: 1124)
[19:11:57] [Render thread/INFO]: [System] [CHAT] Lap Time: 570:09
[19:12:13] [Render thread/INFO]: [System] [CHAT] Caught: minecraft:pufferfish  (Total: 227)
[19:12:13] [Render thread/INFO]: [System] [CHAT] Lap Time: 570:25
[19:12:25] [Render thread/INFO]: [System] [CHAT] Caught: minecraft:cod  (Total: 1125)
[19:12:25] [Render thread/INFO]: [System] [CHAT] Lap Time: 570:38
[19:12:42] [Render thread/INFO]: [System] [CHAT] Caught: minecraft:pufferfish  (Total: 228)
[19:12:42] [Render thread/INFO]: [System] [CHAT] Lap Time: 570:54
[19:12:52] [Render thread/INFO]: [System] [CHAT] Caught: minecraft:cod  (Total: 1126)
[19:12:52] [Render thread/INFO]: [System] [CHAT] Lap Time: 571:04
[19:13:05] [Render thread/INFO]: [System] [CHAT] Fish caught, but item not detected.
[19:13:21] [Render thread/INFO]: [System] [CHAT] Caught: minecraft:cod  (Total: 1127)
[19:13:21] [Render thread/INFO]: [System] [CHAT] Lap Time: 571:33
[19:13:30] [Render thread/INFO]: [System] [CHAT] Caught: minecraft:cod  (Total: 1128)
[19:13:30] [Render thread/INFO]: [System] [CHAT] Lap Time: 571:42
[19:13:44] [Render thread/INFO]: [System] [CHAT] Caught: minecraft:salmon  (Total: 491)
[19:13:44] [Render thread/INFO]: [System] [CHAT] Lap Time: 571:56
[19:13:50] [Render thread/INFO]: [System] [CHAT] Caught: minecraft:salmon  (Total: 492)
[19:13:50] [Render thread/INFO]: [System] [CHAT] Lap Time: 572:02
[19:14:03] [Render thread/INFO]: [System] [CHAT] Caught: minecraft:rotten_flesh  (Total: 13)
[19:14:03] [Render thread/INFO]: [System] [CHAT] Lap Time: 572:15
[19:14:13] [Render thread/INFO]: [System] [CHAT] Fish caught, but item not detected.
[19:14:16] [Render thread/INFO]: [System] [CHAT] No bite.
[19:14:33] [Render thread/INFO]: [System] [CHAT] Caught: minecraft:pufferfish  (Total: 229)
[19:14:33] [Render thread/INFO]: [System] [CHAT] Lap Time: 572:45
[19:14:49] [Render thread/INFO]: [System] [CHAT] Caught: minecraft:name_tag  (Total: 36)
[19:14:49] [Render thread/INFO]: [System] [CHAT] Lap Time: 573:01
[19:15:06] [Render thread/INFO]: [System] [CHAT] Caught: minecraft:cod  (Total: 1129)
[19:15:06] [Render thread/INFO]: [System] [CHAT] Lap Time: 573:18
[19:15:19] [Render thread/INFO]: [System] [CHAT] Caught: minecraft:cod  (Total: 1130)
[19:15:19] [Render thread/INFO]: [System] [CHAT] Lap Time: 573:31
[19:15:37] [Render thread/INFO]: [System] [CHAT] Caught: minecraft:salmon  (Total: 493)
[19:15:37] [Render thread/INFO]: [System] [CHAT] Lap Time: 573:49
[19:15:55] [Render thread/INFO]: [System] [CHAT] Caught: minecraft:cod  (Total: 1131)
[19:15:55] [Render thread/INFO]: [System] [CHAT] Lap Time: 574:07
[19:16:11] [Render thread/INFO]: [System] [CHAT] Fish caught, but item not detected.
[19:16:25] [Render thread/INFO]: [System] [CHAT] Caught: minecraft:salmon  (Total: 494)
[19:16:25] [Render thread/INFO]: [System] [CHAT] Lap Time: 574:37
[19:16:38] [Render thread/INFO]: [System] [CHAT] Caught: minecraft:salmon  (Total: 495)
[19:16:38] [Render thread/INFO]: [System] [CHAT] Lap Time: 574:50
[19:16:59] [Render thread/INFO]: [System] [CHAT] Caught: minecraft:cod  (Total: 1132)
[19:16:59] [Render thread/INFO]: [System] [CHAT] Lap Time: 575:12
[19:17:05] [Render thread/INFO]: [System] [CHAT] Caught: minecraft:salmon  (Total: 496)
[19:17:05] [Render thread/INFO]: [System] [CHAT] Lap Time: 575:17
[19:17:12] [Render thread/INFO]: [System] [CHAT] Fish caught, but item not detected.
[19:17:30] [Render thread/INFO]: [System] [CHAT] Caught: minecraft:cod  (Total: 1133)
[19:17:30] [Render thread/INFO]: [System] [CHAT] Lap Time: 575:43
[19:17:37] [Render thread/INFO]: [System] [CHAT] Fish caught, but item not detected.
[19:17:57] [Render thread/INFO]: [System] [CHAT] Caught: minecraft:potion  (Total: 6)
[19:17:57] [Render thread/INFO]: [System] [CHAT] Lap Time: 576:09
[19:18:04] [Render thread/INFO]: [System] [CHAT] Caught: minecraft:cod  (Total: 1134)
[19:18:04] [Render thread/INFO]: [System] [CHAT] Lap Time: 576:16
[19:18:16] [Render thread/INFO]: [System] [CHAT] Caught: minecraft:name_tag  (Total: 37)
[19:18:16] [Render thread/INFO]: [System] [CHAT] Lap Time: 576:28
[19:18:36] [Render thread/INFO]: [System] [CHAT] Fish caught, but item not detected.
[19:18:52] [Render thread/INFO]: [System] [CHAT] Caught: minecraft:cod  (Total: 1135)
[19:18:52] [Render thread/INFO]: [System] [CHAT] Lap Time: 577:04
[19:19:11] [Render thread/INFO]: [System] [CHAT] Fish caught, but item not detected.
[19:19:32] [Render thread/INFO]: [System] [CHAT] Caught: minecraft:cod  (Total: 1136)
[19:19:32] [Render thread/INFO]: [System] [CHAT] Lap Time: 577:44
[19:19:42] [Render thread/INFO]: [System] [CHAT] Caught: minecraft:pufferfish  (Total: 230)
[19:19:42] [Render thread/INFO]: [System] [CHAT] Lap Time: 577:54
[19:19:53] [Render thread/INFO]: [System] [CHAT] Caught: minecraft:salmon  (Total: 497)
[19:19:53] [Render thread/INFO]: [System] [CHAT] Lap Time: 578:06
[19:20:16] [Render thread/INFO]: [System] [CHAT] Caught: minecraft:cod  (Total: 1137)
[19:20:16] [Render thread/INFO]: [System] [CHAT] Lap Time: 578:28
[19:20:25] [Render thread/INFO]: [System] [CHAT] Fish caught, but item not detected.
[19:20:34] [Render thread/INFO]: [System] [CHAT] Caught: minecraft:cod  (Total: 1138)
[19:20:34] [Render thread/INFO]: [System] [CHAT] Lap Time: 578:46
[19:20:54] [Render thread/INFO]: [System] [CHAT] Caught: minecraft:pufferfish  (Total: 231)
[19:20:54] [Render thread/INFO]: [System] [CHAT] Lap Time: 579:06
[19:21:10] [Render thread/INFO]: [System] [CHAT] Caught: minecraft:cod  (Total: 1139)
[19:21:10] [Render thread/INFO]: [System] [CHAT] Lap Time: 579:22
[19:21:24] [Render thread/INFO]: [System] [CHAT] Fish caught, but item not detected.
[19:21:37] [Render thread/INFO]: [System] [CHAT] Fish caught, but item not detected.
[19:21:39] [Render thread/INFO]: [System] [CHAT] ----- Catch Summary -----
[19:21:39] [Render thread/INFO]: [System] [CHAT]  - minecraft:cod: 1139 times
[19:21:39] [Render thread/INFO]: [System] [CHAT]  - minecraft:salmon: 497 times
[19:21:39] [Render thread/INFO]: [System] [CHAT]  - minecraft:pufferfish: 231 times
[19:21:39] [Render thread/INFO]: [System] [CHAT]  - minecraft:tropical_fish: 37 times
[19:21:39] [Render thread/INFO]: [System] [CHAT]  - minecraft:bow: 10 times
[19:21:39] [Render thread/INFO]: [System] [CHAT]  - minecraft:potion: 6 times
[19:21:39] [Render thread/INFO]: [System] [CHAT]  - minecraft:name_tag: 37 times
[19:21:39] [Render thread/INFO]: [System] [CHAT]  - minecraft:leather: 9 times
[19:21:39] [Render thread/INFO]: [System] [CHAT]  - minecraft:lily_pad: 21 times
[19:21:39] [Render thread/INFO]: [System] [CHAT]  - minecraft:saddle: 9 times
[19:21:39] [Render thread/INFO]: [System] [CHAT]  - minecraft:enchanted_book: 10 times
[19:21:39] [Render thread/INFO]: [System] [CHAT]  - minecraft:nautilus_shell: 43 times
[19:21:39] [Render thread/INFO]: [System] [CHAT]  - minecraft:rotten_flesh: 13 times
[19:21:39] [Render thread/INFO]: [System] [CHAT]  - minecraft:ink_sac: 1 times
[19:21:39] [Render thread/INFO]: [System] [CHAT]  - minecraft:tripwire_hook: 8 times
[19:21:39] [Render thread/INFO]: [System] [CHAT]  - minecraft:stick: 8 times
[19:21:39] [Render thread/INFO]: [System] [CHAT]  - minecraft:string: 2 times
[19:21:39] [Render thread/INFO]: [System] [CHAT]  - minecraft:bowl: 11 times
[19:21:39] [Render thread/INFO]: [System] [CHAT]  - minecraft:leather_boots: 7 times
[19:21:39] [Render thread/INFO]: [System] [CHAT]  - minecraft:bone: 7 times
[19:21:39] [Render thread/INFO]: [System] [CHAT]  - minecraft:fishing_rod: 1 times
[19:21:39] [Render thread/INFO]: [System] [CHAT] Elapsed Time: 579:52
[19:21:40] [Render thread/INFO]: [System] [CHAT] Screenshot saved: autofish_20250705_192140.png
[19:21:40] [Render thread/INFO]: [System] [CHAT] Summary saved to: summary_20250705_192140.txt
[19:21:42] [Render thread/INFO]: [System] [CHAT] Saved screenshot as autofish_20250705_192140.png
[19:21:42] [Render thread/INFO]: [System] [CHAT] Inventory cleared.
[19:21:42] [Render thread/INFO]: [System] [CHAT] Rod restored.
[19:21:42] [Server thread/INFO]: [sampleeeeeee: Removed 195 item(s) from player sampleeeeeee]
[19:21:42] [Server thread/INFO]: [sampleeeeeee: Replaced a slot on sampleeeeeee with [Fishing Rod]]
[19:21:42] [Server thread/INFO]: [sampleeeeeee: Applied enchantment Luck of the Sea III to sampleeeeeee's item]
[19:21:42] [Server thread/INFO]: [sampleeeeeee: Applied enchantment Lure III to sampleeeeeee's item]
[19:21:42] [Server thread/INFO]: [sampleeeeeee: Applied enchantment Unbreaking III to sampleeeeeee's item]
[19:21:42] [Server thread/INFO]: [sampleeeeeee: Applied enchantment Mending to sampleeeeeee's item]
[19:21:42] [Render thread/INFO]: [System] [CHAT] Removed 195 item(s) from player sampleeeeeee
[19:21:42] [Render thread/INFO]: [System] [CHAT] Replaced a slot on sampleeeeeee with [Fishing Rod]
[19:21:42] [Render thread/INFO]: [System] [CHAT] Applied enchantment Luck of the Sea III to sampleeeeeee's item
[19:21:42] [Render thread/INFO]: [System] [CHAT] Applied enchantment Lure III to sampleeeeeee's item
[19:21:42] [Render thread/INFO]: [System] [CHAT] Applied enchantment Unbreaking III to sampleeeeeee's item
[19:21:42] [Render thread/INFO]: [System] [CHAT] Applied enchantment Mending to sampleeeeeee's item
[19:21:57] [Render thread/INFO]: [System] [CHAT] Fish caught, but item not detected.
[19:22:13] [Render thread/INFO]: [System] [CHAT] Caught: minecraft:cod  (Total: 1140)
[19:22:13] [Render thread/INFO]: [System] [CHAT] Lap Time: 580:25
[19:22:26] [Render thread/INFO]: [System] [CHAT] Caught: minecraft:cod  (Total: 1141)
[19:22:26] [Render thread/INFO]: [System] [CHAT] Lap Time: 580:38
[19:22:39] [Render thread/INFO]: [System] [CHAT] Caught: minecraft:cod  (Total: 1142)
[19:22:39] [Render thread/INFO]: [System] [CHAT] Lap Time: 580:52
[19:22:55] [Render thread/INFO]: [System] [CHAT] Caught: minecraft:cod  (Total: 1143)
[19:22:55] [Render thread/INFO]: [System] [CHAT] Lap Time: 581:08
[19:23:12] [Render thread/INFO]: [System] [CHAT] Fish caught, but item not detected.
[19:23:21] [Render thread/INFO]: [System] [CHAT] Caught: minecraft:cod  (Total: 1144)
[19:23:21] [Render thread/INFO]: [System] [CHAT] Lap Time: 581:33
[19:23:34] [Render thread/INFO]: [System] [CHAT] Caught: minecraft:cod  (Total: 1145)
[19:23:34] [Render thread/INFO]: [System] [CHAT] Lap Time: 581:47
[19:23:45] [Render thread/INFO]: [System] [CHAT] Caught: minecraft:salmon  (Total: 498)
[19:23:45] [Render thread/INFO]: [System] [CHAT] Lap Time: 581:58
[19:23:57] [Render thread/INFO]: [System] [CHAT] Caught: minecraft:cod  (Total: 1146)
[19:23:57] [Render thread/INFO]: [System] [CHAT] Lap Time: 582:09
[19:24:05] [Render thread/INFO]: [System] [CHAT] Caught: minecraft:bone  (Total: 8)
[19:24:05] [Render thread/INFO]: [System] [CHAT] Lap Time: 582:18
[19:24:19] [Render thread/INFO]: [System] [CHAT] Caught: minecraft:cod  (Total: 1147)
[19:24:19] [Render thread/INFO]: [System] [CHAT] Lap Time: 582:32
[19:24:28] [Render thread/INFO]: [System] [CHAT] Fish caught, but item not detected.
[19:24:39] [Render thread/INFO]: [System] [CHAT] Caught: minecraft:salmon  (Total: 499)
[19:24:39] [Render thread/INFO]: [System] [CHAT] Lap Time: 582:51
[19:24:45] [Render thread/INFO]: [System] [CHAT] Caught: minecraft:cod  (Total: 1148)
[19:24:45] [Render thread/INFO]: [System] [CHAT] Lap Time: 582:57
[19:25:01] [Render thread/INFO]: [System] [CHAT] Caught: minecraft:cod  (Total: 1149)
[19:25:01] [Render thread/INFO]: [System] [CHAT] Lap Time: 583:14
[19:25:07] [Render thread/INFO]: [System] [CHAT] Caught: minecraft:tropical_fish  (Total: 38)
[19:25:07] [Render thread/INFO]: [System] [CHAT] Lap Time: 583:20
[19:25:19] [Render thread/INFO]: [System] [CHAT] Caught: minecraft:salmon  (Total: 500)
[19:25:19] [Render thread/INFO]: [System] [CHAT] Lap Time: 583:32
[19:25:35] [Render thread/INFO]: [System] [CHAT] Caught: minecraft:salmon  (Total: 501)
[19:25:35] [Render thread/INFO]: [System] [CHAT] Lap Time: 583:48
[19:25:42] [Render thread/INFO]: [System] [CHAT] Caught: minecraft:cod  (Total: 1150)
[19:25:42] [Render thread/INFO]: [System] [CHAT] Lap Time: 583:55
[19:25:52] [Render thread/INFO]: [System] [CHAT] Caught: minecraft:cod  (Total: 1151)
[19:25:52] [Render thread/INFO]: [System] [CHAT] Lap Time: 584:04
[19:26:04] [Render thread/INFO]: [System] [CHAT] Caught: minecraft:cod  (Total: 1152)
[19:26:04] [Render thread/INFO]: [System] [CHAT] Lap Time: 584:16
[19:26:15] [Render thread/INFO]: [System] [CHAT] Fish caught, but item not detected.
[19:26:33] [Render thread/INFO]: [System] [CHAT] Caught: minecraft:leather  (Total: 10)
[19:26:33] [Render thread/INFO]: [System] [CHAT] Lap Time: 584:45
[19:26:42] [Render thread/INFO]: [System] [CHAT] Caught: minecraft:salmon  (Total: 502)
[19:26:42] [Render thread/INFO]: [System] [CHAT] Lap Time: 584:54
[19:26:54] [Render thread/INFO]: [System] [CHAT] Caught: minecraft:salmon  (Total: 503)
[19:26:54] [Render thread/INFO]: [System] [CHAT] Lap Time: 585:06
[19:27:03] [Render thread/INFO]: [System] [CHAT] Caught: minecraft:cod  (Total: 1153)
[19:27:03] [Render thread/INFO]: [System] [CHAT] Lap Time: 585:16
[19:27:12] [Render thread/INFO]: [System] [CHAT] Caught: minecraft:enchanted_book  (Total: 11)
[19:27:12] [Render thread/INFO]: [System] [CHAT] Lap Time: 585:24
[19:27:20] [Render thread/INFO]: [System] [CHAT] Caught: minecraft:cod  (Total: 1154)
[19:27:20] [Render thread/INFO]: [System] [CHAT] Lap Time: 585:32
[19:27:38] [Render thread/INFO]: [System] [CHAT] Caught: minecraft:cod  (Total: 1155)
[19:27:38] [Render thread/INFO]: [System] [CHAT] Lap Time: 585:50
[19:27:47] [Render thread/INFO]: [System] [CHAT] Fish caught, but item not detected.
[19:28:09] [Render thread/INFO]: [System] [CHAT] Caught: minecraft:potion  (Total: 7)
[19:28:09] [Render thread/INFO]: [System] [CHAT] Lap Time: 586:21
[19:28:25] [Render thread/INFO]: [System] [CHAT] Fish caught, but item not detected.
[19:28:35] [Render thread/INFO]: [System] [CHAT] Fish caught, but item not detected.
[19:28:52] [Render thread/INFO]: [System] [CHAT] Caught: minecraft:cod  (Total: 1156)
[19:28:52] [Render thread/INFO]: [System] [CHAT] Lap Time: 587:04
[19:29:08] [Render thread/INFO]: [System] [CHAT] Caught: minecraft:cod  (Total: 1157)
[19:29:08] [Render thread/INFO]: [System] [CHAT] Lap Time: 587:20
[19:29:24] [Render thread/INFO]: [System] [CHAT] Caught: minecraft:salmon  (Total: 504)
[19:29:24] [Render thread/INFO]: [System] [CHAT] Lap Time: 587:36
[19:29:40] [Render thread/INFO]: [System] [CHAT] Caught: minecraft:cod  (Total: 1158)
[19:29:40] [Render thread/INFO]: [System] [CHAT] Lap Time: 587:53
[19:29:54] [Render thread/INFO]: [System] [CHAT] Caught: minecraft:stick  (Total: 9)
[19:29:54] [Render thread/INFO]: [System] [CHAT] Lap Time: 588:06
[19:30:15] [Render thread/INFO]: [System] [CHAT] Caught: minecraft:pufferfish  (Total: 232)
[19:30:15] [Render thread/INFO]: [System] [CHAT] Lap Time: 588:27
[19:30:24] [Render thread/INFO]: [System] [CHAT] Caught: minecraft:cod  (Total: 1159)
[19:30:24] [Render thread/INFO]: [System] [CHAT] Lap Time: 588:36
[19:30:39] [Render thread/INFO]: [System] [CHAT] Caught: minecraft:cod  (Total: 1160)
[19:30:39] [Render thread/INFO]: [System] [CHAT] Lap Time: 588:52
[19:30:46] [Render thread/INFO]: [System] [CHAT] Caught: minecraft:pufferfish  (Total: 233)
[19:30:46] [Render thread/INFO]: [System] [CHAT] Lap Time: 588:58
[19:31:06] [Render thread/INFO]: [System] [CHAT] Caught: minecraft:salmon  (Total: 505)
[19:31:06] [Render thread/INFO]: [System] [CHAT] Lap Time: 589:18
[19:31:20] [Render thread/INFO]: [System] [CHAT] Caught: minecraft:salmon  (Total: 506)
[19:31:20] [Render thread/INFO]: [System] [CHAT] Lap Time: 589:32
[19:31:26] [Render thread/INFO]: [System] [CHAT] Caught: minecraft:cod  (Total: 1161)
[19:31:26] [Render thread/INFO]: [System] [CHAT] Lap Time: 589:38
[19:31:46] [Render thread/INFO]: [System] [CHAT] Caught: minecraft:cod  (Total: 1162)
[19:31:46] [Render thread/INFO]: [System] [CHAT] Lap Time: 589:58
[19:31:57] [Render thread/INFO]: [System] [CHAT] Caught: minecraft:cod  (Total: 1163)
[19:31:57] [Render thread/INFO]: [System] [CHAT] Lap Time: 590:09
[19:32:15] [Render thread/INFO]: [System] [CHAT] Caught: minecraft:salmon  (Total: 507)
[19:32:15] [Render thread/INFO]: [System] [CHAT] Lap Time: 590:28
[19:32:30] [Render thread/INFO]: [System] [CHAT] Caught: minecraft:pufferfish  (Total: 234)
[19:32:30] [Render thread/INFO]: [System] [CHAT] Lap Time: 590:43
[19:32:43] [Render thread/INFO]: [System] [CHAT] Caught: minecraft:cod  (Total: 1164)
[19:32:43] [Render thread/INFO]: [System] [CHAT] Lap Time: 590:55
[19:32:53] [Render thread/INFO]: [System] [CHAT] Caught: minecraft:cod  (Total: 1165)
[19:32:53] [Render thread/INFO]: [System] [CHAT] Lap Time: 591:06
[19:33:05] [Render thread/INFO]: [System] [CHAT] Caught: minecraft:salmon  (Total: 508)
[19:33:05] [Render thread/INFO]: [System] [CHAT] Lap Time: 591:17
[19:33:24] [Render thread/INFO]: [System] [CHAT] Fish caught, but item not detected.
[19:33:37] [Render thread/INFO]: [System] [CHAT] Caught: minecraft:cod  (Total: 1166)
[19:33:37] [Render thread/INFO]: [System] [CHAT] Lap Time: 591:49
[19:33:52] [Render thread/INFO]: [System] [CHAT] Caught: minecraft:saddle  (Total: 10)
[19:33:52] [Render thread/INFO]: [System] [CHAT] Lap Time: 592:04
[19:34:00] [Render thread/INFO]: [System] [CHAT] Caught: minecraft:cod  (Total: 1167)
[19:34:00] [Render thread/INFO]: [System] [CHAT] Lap Time: 592:12
[19:34:15] [Render thread/INFO]: [System] [CHAT] Caught: minecraft:salmon  (Total: 509)
[19:34:15] [Render thread/INFO]: [System] [CHAT] Lap Time: 592:27
[19:34:29] [Render thread/INFO]: [System] [CHAT] Caught: minecraft:cod  (Total: 1168)
[19:34:29] [Render thread/INFO]: [System] [CHAT] Lap Time: 592:41
[19:34:37] [Render thread/INFO]: [System] [CHAT] Fish caught, but item not detected.
[19:34:56] [Render thread/INFO]: [System] [CHAT] Caught: minecraft:cod  (Total: 1169)
[19:34:56] [Render thread/INFO]: [System] [CHAT] Lap Time: 593:08
[19:35:11] [Render thread/INFO]: [System] [CHAT] Caught: minecraft:pufferfish  (Total: 235)
[19:35:11] [Render thread/INFO]: [System] [CHAT] Lap Time: 593:23
[19:35:16] [Render thread/INFO]: [System] [CHAT] Caught: minecraft:pufferfish  (Total: 236)
[19:35:16] [Render thread/INFO]: [System] [CHAT] Lap Time: 593:29
[19:35:34] [Render thread/INFO]: [System] [CHAT] Caught: minecraft:cod  (Total: 1170)
[19:35:34] [Render thread/INFO]: [System] [CHAT] Lap Time: 593:47
[19:35:49] [Render thread/INFO]: [System] [CHAT] Caught: minecraft:nautilus_shell  (Total: 44)
[19:35:49] [Render thread/INFO]: [System] [CHAT] Lap Time: 594:01
[19:36:02] [Render thread/INFO]: [System] [CHAT] Caught: minecraft:cod  (Total: 1171)
[19:36:02] [Render thread/INFO]: [System] [CHAT] Lap Time: 594:14
[19:36:18] [Render thread/INFO]: [System] [CHAT] Caught: minecraft:salmon  (Total: 510)
[19:36:18] [Render thread/INFO]: [System] [CHAT] Lap Time: 594:30
[19:36:25] [Render thread/INFO]: [System] [CHAT] Caught: minecraft:salmon  (Total: 511)
[19:36:25] [Render thread/INFO]: [System] [CHAT] Lap Time: 594:37
[19:36:40] [Render thread/INFO]: [System] [CHAT] Caught: minecraft:bowl  (Total: 12)
[19:36:40] [Render thread/INFO]: [System] [CHAT] Lap Time: 594:52
[19:37:00] [Render thread/INFO]: [System] [CHAT] Caught: minecraft:salmon  (Total: 512)
[19:37:00] [Render thread/INFO]: [System] [CHAT] Lap Time: 595:13
[19:37:10] [Render thread/INFO]: [System] [CHAT] Caught: minecraft:bow  (Total: 11)
[19:37:10] [Render thread/INFO]: [System] [CHAT] Lap Time: 595:22
[19:37:20] [Render thread/INFO]: [System] [CHAT] Caught: minecraft:cod  (Total: 1172)
[19:37:20] [Render thread/INFO]: [System] [CHAT] Lap Time: 595:32
[19:37:37] [Render thread/INFO]: [System] [CHAT] Caught: minecraft:salmon  (Total: 513)
[19:37:37] [Render thread/INFO]: [System] [CHAT] Lap Time: 595:49
[19:37:52] [Render thread/INFO]: [System] [CHAT] Fish caught, but item not detected.
[19:38:15] [Render thread/INFO]: [System] [CHAT] Fish caught, but item not detected.
[19:38:35] [Render thread/INFO]: [System] [CHAT] Caught: minecraft:pufferfish  (Total: 237)
[19:38:35] [Render thread/INFO]: [System] [CHAT] Lap Time: 596:47
[19:38:55] [Render thread/INFO]: [System] [CHAT] Caught: minecraft:cod  (Total: 1173)
[19:38:55] [Render thread/INFO]: [System] [CHAT] Lap Time: 597:07
[19:39:17] [Render thread/INFO]: [System] [CHAT] Caught: minecraft:cod  (Total: 1174)
[19:39:17] [Render thread/INFO]: [System] [CHAT] Lap Time: 597:29
[19:39:26] [Render thread/INFO]: [System] [CHAT] Caught: minecraft:cod  (Total: 1175)
[19:39:26] [Render thread/INFO]: [System] [CHAT] Lap Time: 597:38
[19:39:47] [Render thread/INFO]: [System] [CHAT] Caught: minecraft:salmon  (Total: 514)
[19:39:47] [Render thread/INFO]: [System] [CHAT] Lap Time: 597:59
[19:40:03] [Render thread/INFO]: [System] [CHAT] Caught: minecraft:cod  (Total: 1176)
[19:40:03] [Render thread/INFO]: [System] [CHAT] Lap Time: 598:15
[19:40:15] [Render thread/INFO]: [System] [CHAT] Caught: minecraft:salmon  (Total: 515)
[19:40:15] [Render thread/INFO]: [System] [CHAT] Lap Time: 598:28
[19:40:29] [Render thread/INFO]: [System] [CHAT] Caught: minecraft:cod  (Total: 1177)
[19:40:29] [Render thread/INFO]: [System] [CHAT] Lap Time: 598:41
[19:40:46] [Render thread/INFO]: [System] [CHAT] Caught: minecraft:salmon  (Total: 516)
[19:40:46] [Render thread/INFO]: [System] [CHAT] Lap Time: 598:58
[19:40:57] [Render thread/INFO]: [System] [CHAT] Caught: minecraft:salmon  (Total: 517)
[19:40:57] [Render thread/INFO]: [System] [CHAT] Lap Time: 599:10
[19:41:14] [Render thread/INFO]: [System] [CHAT] Caught: minecraft:salmon  (Total: 518)
[19:41:14] [Render thread/INFO]: [System] [CHAT] Lap Time: 599:26
[19:41:21] [Render thread/INFO]: [System] [CHAT] Caught: minecraft:cod  (Total: 1178)
[19:41:22] [Render thread/INFO]: [System] [CHAT] Lap Time: 599:34
[19:41:41] [Render thread/INFO]: [System] [CHAT] Caught: minecraft:salmon  (Total: 519)
[19:41:41] [Render thread/INFO]: [System] [CHAT] Lap Time: 599:53
[19:41:57] [Render thread/INFO]: [System] [CHAT] Caught: minecraft:tropical_fish  (Total: 39)
[19:41:57] [Render thread/INFO]: [System] [CHAT] Lap Time: 600:09
[19:42:08] [Render thread/INFO]: [System] [CHAT] Caught: minecraft:salmon  (Total: 520)
[19:42:08] [Render thread/INFO]: [System] [CHAT] Lap Time: 600:20
[19:42:24] [Render thread/INFO]: [System] [CHAT] Caught: minecraft:pufferfish  (Total: 238)
[19:42:24] [Render thread/INFO]: [System] [CHAT] Lap Time: 600:36
[19:42:34] [Render thread/INFO]: [System] [CHAT] Caught: minecraft:cod  (Total: 1179)
[19:42:34] [Render thread/INFO]: [System] [CHAT] Lap Time: 600:46
[19:42:45] [Render thread/INFO]: [System] [CHAT] Caught: minecraft:cod  (Total: 1180)
[19:42:45] [Render thread/INFO]: [System] [CHAT] Lap Time: 600:57
[19:42:52] [Render thread/INFO]: [System] [CHAT] Caught: minecraft:cod  (Total: 1181)
[19:42:52] [Render thread/INFO]: [System] [CHAT] Lap Time: 601:04
[19:43:11] [Render thread/INFO]: [System] [CHAT] Caught: minecraft:cod  (Total: 1182)
[19:43:11] [Render thread/INFO]: [System] [CHAT] Lap Time: 601:23
[19:43:24] [Render thread/INFO]: [System] [CHAT] Caught: minecraft:tropical_fish  (Total: 40)
[19:43:24] [Render thread/INFO]: [System] [CHAT] Lap Time: 601:36
[19:43:39] [Render thread/INFO]: [System] [CHAT] Caught: minecraft:cod  (Total: 1183)
[19:43:39] [Render thread/INFO]: [System] [CHAT] Lap Time: 601:52
[19:43:48] [Render thread/INFO]: [System] [CHAT] Fish caught, but item not detected.
[19:44:06] [Render thread/INFO]: [System] [CHAT] Caught: minecraft:cod  (Total: 1184)
[19:44:06] [Render thread/INFO]: [System] [CHAT] Lap Time: 602:19
[19:44:14] [Render thread/INFO]: [System] [CHAT] Fish caught, but item not detected.
[19:44:31] [Render thread/INFO]: [System] [CHAT] Caught: minecraft:cod  (Total: 1185)
[19:44:31] [Render thread/INFO]: [System] [CHAT] Lap Time: 602:43
[19:44:38] [Render thread/INFO]: [System] [CHAT] Caught: minecraft:salmon  (Total: 521)
[19:44:38] [Render thread/INFO]: [System] [CHAT] Lap Time: 602:51
[19:44:54] [Server thread/WARN]: Can't keep up! Is the server overloaded? Running 2010ms or 40 ticks behind
[19:44:58] [Render thread/INFO]: [System] [CHAT] Caught: minecraft:cod  (Total: 1186)
[19:44:58] [Render thread/INFO]: [System] [CHAT] Lap Time: 603:10
[19:45:11] [Server thread/WARN]: Can't keep up! Is the server overloaded? Running 2001ms or 40 ticks behind
[19:45:20] [Render thread/INFO]: [System] [CHAT] Caught: minecraft:cod  (Total: 1187)
[19:45:20] [Render thread/INFO]: [System] [CHAT] Lap Time: 603:33
[19:45:27] [Render thread/INFO]: [System] [CHAT] Caught: minecraft:bowl  (Total: 13)
[19:45:27] [Render thread/INFO]: [System] [CHAT] Lap Time: 603:40
[19:45:47] [Render thread/INFO]: [System] [CHAT] Caught: minecraft:cod  (Total: 1188)
[19:45:47] [Render thread/INFO]: [System] [CHAT] Lap Time: 603:59
[19:45:54] [Render thread/INFO]: [System] [CHAT] Caught: minecraft:cod  (Total: 1189)
[19:45:54] [Render thread/INFO]: [System] [CHAT] Lap Time: 604:06
[19:46:13] [Render thread/INFO]: [System] [CHAT] Fish caught, but item not detected.
[19:46:22] [Render thread/INFO]: [System] [CHAT] Caught: minecraft:pufferfish  (Total: 239)
[19:46:22] [Render thread/INFO]: [System] [CHAT] Lap Time: 604:34
[19:46:32] [Render thread/INFO]: [System] [CHAT] Caught: minecraft:cod  (Total: 1190)
[19:46:32] [Render thread/INFO]: [System] [CHAT] Lap Time: 604:44
[19:46:40] [Render thread/INFO]: [System] [CHAT] Caught: minecraft:pufferfish  (Total: 240)
[19:46:40] [Render thread/INFO]: [System] [CHAT] Lap Time: 604:53
[19:46:53] [Render thread/INFO]: [System] [CHAT] Caught: minecraft:cod  (Total: 1191)
[19:46:53] [Render thread/INFO]: [System] [CHAT] Lap Time: 605:05
[19:47:16] [Render thread/INFO]: [System] [CHAT] Fish caught, but item not detected.
[19:47:35] [Render thread/INFO]: [System] [CHAT] Caught: minecraft:salmon  (Total: 522)
[19:47:35] [Render thread/INFO]: [System] [CHAT] Lap Time: 605:48
[19:47:47] [Render thread/INFO]: [System] [CHAT] Caught: minecraft:salmon  (Total: 523)
[19:47:47] [Render thread/INFO]: [System] [CHAT] Lap Time: 606:00
[19:48:06] [Render thread/INFO]: [System] [CHAT] Caught: minecraft:cod  (Total: 1192)
[19:48:06] [Render thread/INFO]: [System] [CHAT] Lap Time: 606:18
[19:48:24] [Render thread/INFO]: [System] [CHAT] Caught: minecraft:cod  (Total: 1193)
[19:48:24] [Render thread/INFO]: [System] [CHAT] Lap Time: 606:36
[19:48:34] [Render thread/INFO]: [System] [CHAT] Caught: minecraft:cod  (Total: 1194)
[19:48:34] [Render thread/INFO]: [System] [CHAT] Lap Time: 606:46
[19:48:49] [Render thread/INFO]: [System] [CHAT] Fish caught, but item not detected.
[19:48:59] [Render thread/INFO]: [System] [CHAT] Caught: minecraft:cod  (Total: 1195)
[19:48:59] [Render thread/INFO]: [System] [CHAT] Lap Time: 607:12
[19:49:17] [Render thread/INFO]: [System] [CHAT] Fish caught, but item not detected.
[19:49:26] [Render thread/INFO]: [System] [CHAT] Caught: minecraft:cod  (Total: 1196)
[19:49:26] [Render thread/INFO]: [System] [CHAT] Lap Time: 607:38
[19:49:40] [Render thread/INFO]: [System] [CHAT] Caught: minecraft:cod  (Total: 1197)
[19:49:40] [Render thread/INFO]: [System] [CHAT] Lap Time: 607:52
[19:49:49] [Render thread/INFO]: [System] [CHAT] Caught: minecraft:salmon  (Total: 524)
[19:49:49] [Render thread/INFO]: [System] [CHAT] Lap Time: 608:01
[19:49:56] [Render thread/INFO]: [System] [CHAT] Caught: minecraft:salmon  (Total: 525)
[19:49:56] [Render thread/INFO]: [System] [CHAT] Lap Time: 608:08
[19:50:07] [Render thread/INFO]: [System] [CHAT] Caught: minecraft:pufferfish  (Total: 241)
[19:50:07] [Render thread/INFO]: [System] [CHAT] Lap Time: 608:19
[19:50:24] [Render thread/INFO]: [System] [CHAT] Fish caught, but item not detected.
[19:50:32] [Render thread/INFO]: [System] [CHAT] Caught: minecraft:salmon  (Total: 526)
[19:50:32] [Render thread/INFO]: [System] [CHAT] Lap Time: 608:44
[19:50:44] [Render thread/INFO]: [System] [CHAT] Caught: minecraft:salmon  (Total: 527)
[19:50:44] [Render thread/INFO]: [System] [CHAT] Lap Time: 608:57
[19:50:59] [Render thread/INFO]: [System] [CHAT] Caught: minecraft:cod  (Total: 1198)
[19:50:59] [Render thread/INFO]: [System] [CHAT] Lap Time: 609:11
[19:51:08] [Render thread/INFO]: [System] [CHAT] Caught: minecraft:salmon  (Total: 528)
[19:51:08] [Render thread/INFO]: [System] [CHAT] Lap Time: 609:20
[19:51:19] [Render thread/INFO]: [System] [CHAT] Fish caught, but item not detected.
[19:51:27] [Render thread/INFO]: [System] [CHAT] Caught: minecraft:salmon  (Total: 529)
[19:51:27] [Render thread/INFO]: [System] [CHAT] Lap Time: 609:39
[19:51:43] [Render thread/INFO]: [System] [CHAT] Caught: minecraft:cod  (Total: 1199)
[19:51:43] [Render thread/INFO]: [System] [CHAT] Lap Time: 609:56
[19:52:03] [Render thread/INFO]: [System] [CHAT] Fish caught, but item not detected.
[19:52:20] [Render thread/INFO]: [System] [CHAT] Caught: minecraft:cod  (Total: 1200)
[19:52:20] [Render thread/INFO]: [System] [CHAT] Lap Time: 610:32
[19:52:28] [Render thread/INFO]: [System] [CHAT] Caught: minecraft:pufferfish  (Total: 242)
[19:52:28] [Render thread/INFO]: [System] [CHAT] Lap Time: 610:40
[19:52:43] [Render thread/INFO]: [System] [CHAT] Caught: minecraft:cod  (Total: 1201)
[19:52:43] [Render thread/INFO]: [System] [CHAT] Lap Time: 610:55
[19:52:52] [Render thread/INFO]: [System] [CHAT] Caught: minecraft:bone  (Total: 9)
[19:52:52] [Render thread/INFO]: [System] [CHAT] Lap Time: 611:05
[19:53:07] [Render thread/INFO]: [System] [CHAT] Fish caught, but item not detected.
[19:53:19] [Render thread/INFO]: [System] [CHAT] Caught: minecraft:pufferfish  (Total: 243)
[19:53:19] [Render thread/INFO]: [System] [CHAT] Lap Time: 611:32
[19:53:32] [Render thread/INFO]: [System] [CHAT] Caught: minecraft:cod  (Total: 1202)
[19:53:32] [Render thread/INFO]: [System] [CHAT] Lap Time: 611:44
[19:53:37] [Render thread/INFO]: [System] [CHAT] Caught: minecraft:salmon  (Total: 530)
[19:53:37] [Render thread/INFO]: [System] [CHAT] Lap Time: 611:49
[19:53:53] [Render thread/INFO]: [System] [CHAT] Fish caught, but item not detected.
[19:54:09] [Render thread/INFO]: [System] [CHAT] Caught: minecraft:cod  (Total: 1203)
[19:54:09] [Render thread/INFO]: [System] [CHAT] Lap Time: 612:21
[19:54:17] [Render thread/INFO]: [System] [CHAT] Fish caught, but item not detected.
[19:54:30] [Render thread/INFO]: [System] [CHAT] Caught: minecraft:salmon  (Total: 531)
[19:54:30] [Render thread/INFO]: [System] [CHAT] Lap Time: 612:42
[19:54:38] [Render thread/INFO]: [System] [CHAT] Caught: minecraft:leather_boots  (Total: 8)
[19:54:38] [Render thread/INFO]: [System] [CHAT] Lap Time: 612:50
[19:54:50] [Render thread/INFO]: [System] [CHAT] Caught: minecraft:pufferfish  (Total: 244)
[19:54:50] [Render thread/INFO]: [System] [CHAT] Lap Time: 613:03
[19:55:00] [Render thread/INFO]: [System] [CHAT] Fish caught, but item not detected.
[19:55:09] [Render thread/INFO]: [System] [CHAT] Caught: minecraft:cod  (Total: 1204)
[19:55:09] [Render thread/INFO]: [System] [CHAT] Lap Time: 613:21
[19:55:15] [Render thread/INFO]: [System] [CHAT] Caught: minecraft:nautilus_shell  (Total: 45)
[19:55:15] [Render thread/INFO]: [System] [CHAT] Lap Time: 613:27
[19:55:22] [Render thread/INFO]: [System] [CHAT] Caught: minecraft:name_tag  (Total: 38)
[19:55:22] [Render thread/INFO]: [System] [CHAT] Lap Time: 613:34
[19:55:39] [Render thread/INFO]: [System] [CHAT] Caught: minecraft:salmon  (Total: 532)
[19:55:39] [Render thread/INFO]: [System] [CHAT] Lap Time: 613:51
[19:55:46] [Render thread/INFO]: [System] [CHAT] Caught: minecraft:cod  (Total: 1205)
[19:55:46] [Render thread/INFO]: [System] [CHAT] Lap Time: 613:58
[19:55:54] [Render thread/INFO]: [System] [CHAT] Caught: minecraft:cod  (Total: 1206)
[19:55:54] [Render thread/INFO]: [System] [CHAT] Lap Time: 614:06
[19:56:10] [Render thread/INFO]: [System] [CHAT] Caught: minecraft:cod  (Total: 1207)
[19:56:10] [Render thread/INFO]: [System] [CHAT] Lap Time: 614:23
[19:56:24] [Render thread/INFO]: [System] [CHAT] Fish caught, but item not detected.
[19:56:29] [Render thread/INFO]: [System] [CHAT] Caught: minecraft:cod  (Total: 1208)
[19:56:29] [Render thread/INFO]: [System] [CHAT] Lap Time: 614:41
[19:56:37] [Render thread/INFO]: [System] [CHAT] Caught: minecraft:cod  (Total: 1209)
[19:56:37] [Render thread/INFO]: [System] [CHAT] Lap Time: 614:50
[19:56:57] [Render thread/INFO]: [System] [CHAT] Caught: minecraft:pufferfish  (Total: 245)
[19:56:57] [Render thread/INFO]: [System] [CHAT] Lap Time: 615:09
[19:57:10] [Render thread/INFO]: [System] [CHAT] Caught: minecraft:cod  (Total: 1210)
[19:57:10] [Render thread/INFO]: [System] [CHAT] Lap Time: 615:23
[19:57:17] [Render thread/INFO]: [System] [CHAT] Caught: minecraft:cod  (Total: 1211)
[19:57:17] [Render thread/INFO]: [System] [CHAT] Lap Time: 615:29
[19:57:25] [Render thread/INFO]: [System] [CHAT] Caught: minecraft:salmon  (Total: 533)
[19:57:25] [Render thread/INFO]: [System] [CHAT] Lap Time: 615:37
[19:57:36] [Render thread/INFO]: [System] [CHAT] Caught: minecraft:salmon  (Total: 534)
[19:57:36] [Render thread/INFO]: [System] [CHAT] Lap Time: 615:48
[19:57:56] [Render thread/INFO]: [System] [CHAT] Fish caught, but item not detected.
[19:58:07] [Render thread/INFO]: [System] [CHAT] Fish caught, but item not detected.
[19:58:23] [Render thread/INFO]: [System] [CHAT] Caught: minecraft:salmon  (Total: 535)
[19:58:23] [Render thread/INFO]: [System] [CHAT] Lap Time: 616:35
[19:58:35] [Render thread/INFO]: [System] [CHAT] Caught: minecraft:cod  (Total: 1212)
[19:58:35] [Render thread/INFO]: [System] [CHAT] Lap Time: 616:48
[19:58:43] [Render thread/INFO]: [System] [CHAT] Caught: minecraft:cod  (Total: 1213)
[19:58:43] [Render thread/INFO]: [System] [CHAT] Lap Time: 616:55
[19:58:57] [Render thread/INFO]: [System] [CHAT] Caught: minecraft:cod  (Total: 1214)
[19:58:57] [Render thread/INFO]: [System] [CHAT] Lap Time: 617:09
[19:59:04] [Render thread/INFO]: [System] [CHAT] Caught: minecraft:salmon  (Total: 536)
[19:59:04] [Render thread/INFO]: [System] [CHAT] Lap Time: 617:16
[19:59:19] [Render thread/INFO]: [System] [CHAT] Caught: minecraft:cod  (Total: 1215)
[19:59:19] [Render thread/INFO]: [System] [CHAT] Lap Time: 617:31
[19:59:37] [Render thread/INFO]: [System] [CHAT] Caught: minecraft:cod  (Total: 1216)
[19:59:37] [Render thread/INFO]: [System] [CHAT] Lap Time: 617:49
[19:59:52] [Render thread/INFO]: [System] [CHAT] Fish caught, but item not detected.
[20:00:09] [Render thread/INFO]: [System] [CHAT] Caught: minecraft:pufferfish  (Total: 246)
[20:00:09] [Render thread/INFO]: [System] [CHAT] Lap Time: 618:21
[20:00:24] [Render thread/INFO]: [System] [CHAT] Caught: minecraft:pufferfish  (Total: 247)
[20:00:24] [Render thread/INFO]: [System] [CHAT] Lap Time: 618:36
[20:00:42] [Render thread/INFO]: [System] [CHAT] Fish caught, but item not detected.
[20:00:53] [Render thread/INFO]: [System] [CHAT] Caught: minecraft:cod  (Total: 1217)
[20:00:53] [Render thread/INFO]: [System] [CHAT] Lap Time: 619:05
[20:00:59] [Render thread/INFO]: [System] [CHAT] Caught: minecraft:cod  (Total: 1218)
[20:00:59] [Render thread/INFO]: [System] [CHAT] Lap Time: 619:12
[20:01:12] [Render thread/INFO]: [System] [CHAT] Caught: minecraft:salmon  (Total: 537)
[20:01:12] [Render thread/INFO]: [System] [CHAT] Lap Time: 619:24
[20:01:29] [Render thread/INFO]: [System] [CHAT] Fish caught, but item not detected.
[20:01:44] [Render thread/INFO]: [System] [CHAT] Caught: minecraft:leather  (Total: 11)
[20:01:44] [Render thread/INFO]: [System] [CHAT] Lap Time: 619:56
[20:02:00] [Render thread/INFO]: [System] [CHAT] Caught: minecraft:cod  (Total: 1219)
[20:02:00] [Render thread/INFO]: [System] [CHAT] Lap Time: 620:12
[20:02:15] [Render thread/INFO]: [System] [CHAT] Caught: minecraft:pufferfish  (Total: 248)
[20:02:15] [Render thread/INFO]: [System] [CHAT] Lap Time: 620:27
[20:02:30] [Render thread/INFO]: [System] [CHAT] Fish caught, but item not detected.
[20:02:36] [Render thread/INFO]: [System] [CHAT] Caught: minecraft:cod  (Total: 1220)
[20:02:36] [Render thread/INFO]: [System] [CHAT] Lap Time: 620:48
[20:02:50] [Render thread/INFO]: [System] [CHAT] Caught: minecraft:cod  (Total: 1221)
[20:02:50] [Render thread/INFO]: [System] [CHAT] Lap Time: 621:02
[20:03:07] [Render thread/INFO]: [System] [CHAT] Caught: minecraft:salmon  (Total: 538)
[20:03:07] [Render thread/INFO]: [System] [CHAT] Lap Time: 621:20
[20:03:18] [Render thread/INFO]: [System] [CHAT] Fish caught, but item not detected.
[20:03:27] [Render thread/INFO]: [System] [CHAT] Caught: minecraft:cod  (Total: 1222)
[20:03:27] [Render thread/INFO]: [System] [CHAT] Lap Time: 621:39
[20:03:35] [Render thread/INFO]: [System] [CHAT] Caught: minecraft:cod  (Total: 1223)
[20:03:35] [Render thread/INFO]: [System] [CHAT] Lap Time: 621:47
[20:03:52] [Render thread/INFO]: [System] [CHAT] Caught: minecraft:cod  (Total: 1224)
[20:03:52] [Render thread/INFO]: [System] [CHAT] Lap Time: 622:04
[20:03:58] [Render thread/INFO]: [System] [CHAT] Caught: minecraft:cod  (Total: 1225)
[20:03:58] [Render thread/INFO]: [System] [CHAT] Lap Time: 622:11
[20:04:10] [Render thread/INFO]: [System] [CHAT] Fish caught, but item not detected.
[20:04:29] [Render thread/INFO]: [System] [CHAT] Caught: minecraft:cod  (Total: 1226)
[20:04:29] [Render thread/INFO]: [System] [CHAT] Lap Time: 622:41
[20:04:37] [Render thread/INFO]: [System] [CHAT] Caught: minecraft:cod  (Total: 1227)
[20:04:37] [Render thread/INFO]: [System] [CHAT] Lap Time: 622:49
[20:04:52] [Render thread/INFO]: [System] [CHAT] Fish caught, but item not detected.
[20:05:05] [Render thread/INFO]: [System] [CHAT] Fish caught, but item not detected.
[20:05:23] [Render thread/INFO]: [System] [CHAT] Caught: minecraft:cod  (Total: 1228)
[20:05:23] [Render thread/INFO]: [System] [CHAT] Lap Time: 623:35
[20:05:32] [Render thread/INFO]: [System] [CHAT] Fish caught, but item not detected.
[20:05:53] [Render thread/INFO]: [System] [CHAT] Fish caught, but item not detected.
[20:06:06] [Render thread/INFO]: [System] [CHAT] Caught: minecraft:cod  (Total: 1229)
[20:06:06] [Render thread/INFO]: [System] [CHAT] Lap Time: 624:18
[20:06:17] [Render thread/INFO]: [System] [CHAT] Caught: minecraft:cod  (Total: 1230)
[20:06:17] [Render thread/INFO]: [System] [CHAT] Lap Time: 624:29
[20:06:36] [Render thread/INFO]: [System] [CHAT] Caught: minecraft:cod  (Total: 1231)
[20:06:36] [Render thread/INFO]: [System] [CHAT] Lap Time: 624:49
[20:06:57] [Render thread/INFO]: [System] [CHAT] Caught: minecraft:salmon  (Total: 539)
[20:06:57] [Render thread/INFO]: [System] [CHAT] Lap Time: 625:09
[20:07:12] [Render thread/INFO]: [System] [CHAT] Caught: minecraft:cod  (Total: 1232)
[20:07:12] [Render thread/INFO]: [System] [CHAT] Lap Time: 625:24
[20:07:19] [Render thread/INFO]: [System] [CHAT] Caught: minecraft:cod  (Total: 1233)
[20:07:19] [Render thread/INFO]: [System] [CHAT] Lap Time: 625:32
[20:07:29] [Render thread/INFO]: [System] [CHAT] Caught: minecraft:salmon  (Total: 540)
[20:07:29] [Render thread/INFO]: [System] [CHAT] Lap Time: 625:42
[20:07:40] [Render thread/INFO]: [System] [CHAT] Caught: minecraft:cod  (Total: 1234)
[20:07:40] [Render thread/INFO]: [System] [CHAT] Lap Time: 625:52
[20:07:51] [Render thread/INFO]: [System] [CHAT] Caught: minecraft:salmon  (Total: 541)
[20:07:51] [Render thread/INFO]: [System] [CHAT] Lap Time: 626:03
[20:08:08] [Render thread/INFO]: [System] [CHAT] Caught: minecraft:salmon  (Total: 542)
[20:08:08] [Render thread/INFO]: [System] [CHAT] Lap Time: 626:20
[20:08:22] [Render thread/INFO]: [System] [CHAT] Caught: minecraft:cod  (Total: 1235)
[20:08:22] [Render thread/INFO]: [System] [CHAT] Lap Time: 626:34
[20:08:37] [Render thread/INFO]: [System] [CHAT] Caught: minecraft:salmon  (Total: 543)
[20:08:37] [Render thread/INFO]: [System] [CHAT] Lap Time: 626:49
[20:08:49] [Render thread/INFO]: [System] [CHAT] Fish caught, but item not detected.
[20:09:00] [Render thread/INFO]: [System] [CHAT] Caught: minecraft:name_tag  (Total: 39)
[20:09:00] [Render thread/INFO]: [System] [CHAT] Lap Time: 627:13
[20:09:19] [Render thread/INFO]: [System] [CHAT] Caught: minecraft:cod  (Total: 1236)
[20:09:19] [Render thread/INFO]: [System] [CHAT] Lap Time: 627:31
[20:09:33] [Render thread/INFO]: [System] [CHAT] Fish caught, but item not detected.
[20:09:40] [Render thread/INFO]: [System] [CHAT] Caught: minecraft:salmon  (Total: 544)
[20:09:40] [Render thread/INFO]: [System] [CHAT] Lap Time: 627:52
[20:09:55] [Render thread/INFO]: [System] [CHAT] Fish caught, but item not detected.
[20:10:11] [Render thread/INFO]: [System] [CHAT] Caught: minecraft:cod  (Total: 1237)
[20:10:11] [Render thread/INFO]: [System] [CHAT] Lap Time: 628:23
[20:10:26] [Render thread/INFO]: [System] [CHAT] Caught: minecraft:cod  (Total: 1238)
[20:10:26] [Render thread/INFO]: [System] [CHAT] Lap Time: 628:38
[20:10:40] [Render thread/INFO]: [System] [CHAT] Caught: minecraft:cod  (Total: 1239)
[20:10:40] [Render thread/INFO]: [System] [CHAT] Lap Time: 628:52
[20:10:46] [Render thread/INFO]: [System] [CHAT] Caught: minecraft:cod  (Total: 1240)
[20:10:46] [Render thread/INFO]: [System] [CHAT] Lap Time: 628:59
[20:10:57] [Render thread/INFO]: [System] [CHAT] Caught: minecraft:cod  (Total: 1241)
[20:10:57] [Render thread/INFO]: [System] [CHAT] Lap Time: 629:09
[20:11:05] [Render thread/INFO]: [System] [CHAT] Caught: minecraft:cod  (Total: 1242)
[20:11:05] [Render thread/INFO]: [System] [CHAT] Lap Time: 629:18
[20:11:15] [Render thread/INFO]: [System] [CHAT] Caught: minecraft:salmon  (Total: 545)
[20:11:15] [Render thread/INFO]: [System] [CHAT] Lap Time: 629:27
[20:11:27] [Render thread/INFO]: [System] [CHAT] Caught: minecraft:cod  (Total: 1243)
[20:11:27] [Render thread/INFO]: [System] [CHAT] Lap Time: 629:39
[20:11:44] [Render thread/INFO]: [System] [CHAT] Caught: minecraft:cod  (Total: 1244)
[20:11:44] [Render thread/INFO]: [System] [CHAT] Lap Time: 629:56
[20:11:54] [Render thread/INFO]: [System] [CHAT] Caught: minecraft:cod  (Total: 1245)
[20:11:54] [Render thread/INFO]: [System] [CHAT] Lap Time: 630:07
[20:12:12] [Render thread/INFO]: [System] [CHAT] Caught: minecraft:pufferfish  (Total: 249)
[20:12:12] [Render thread/INFO]: [System] [CHAT] Lap Time: 630:24
[20:12:24] [Render thread/INFO]: [System] [CHAT] Caught: minecraft:salmon  (Total: 546)
[20:12:24] [Render thread/INFO]: [System] [CHAT] Lap Time: 630:36
[20:12:40] [Render thread/INFO]: [System] [CHAT] Fish caught, but item not detected.
[20:12:51] [Render thread/INFO]: [System] [CHAT] Fish caught, but item not detected.
[20:13:08] [Render thread/INFO]: [System] [CHAT] Fish caught, but item not detected.
[20:13:21] [Render thread/INFO]: [System] [CHAT] Fish caught, but item not detected.
[20:13:40] [Render thread/INFO]: [System] [CHAT] Caught: minecraft:salmon  (Total: 547)
[20:13:40] [Render thread/INFO]: [System] [CHAT] Lap Time: 631:53
[20:13:56] [Render thread/INFO]: [System] [CHAT] Caught: minecraft:cod  (Total: 1246)
[20:13:56] [Render thread/INFO]: [System] [CHAT] Lap Time: 632:08
[20:14:09] [Render thread/INFO]: [System] [CHAT] Caught: minecraft:salmon  (Total: 548)
[20:14:09] [Render thread/INFO]: [System] [CHAT] Lap Time: 632:21
[20:14:24] [Render thread/INFO]: [System] [CHAT] Caught: minecraft:salmon  (Total: 549)
[20:14:24] [Render thread/INFO]: [System] [CHAT] Lap Time: 632:36
[20:14:42] [Render thread/INFO]: [System] [CHAT] Caught: minecraft:salmon  (Total: 550)
[20:14:42] [Render thread/INFO]: [System] [CHAT] Lap Time: 632:55
[20:14:50] [Render thread/INFO]: [System] [CHAT] Caught: minecraft:cod  (Total: 1247)
[20:14:50] [Render thread/INFO]: [System] [CHAT] Lap Time: 633:02
[20:14:58] [Render thread/INFO]: [System] [CHAT] Caught: minecraft:tropical_fish  (Total: 41)
[20:14:58] [Render thread/INFO]: [System] [CHAT] Lap Time: 633:10
[20:15:09] [Render thread/INFO]: [System] [CHAT] Caught: minecraft:name_tag  (Total: 40)
[20:15:09] [Render thread/INFO]: [System] [CHAT] Lap Time: 633:21
[20:15:23] [Render thread/INFO]: [System] [CHAT] Caught: minecraft:cod  (Total: 1248)
[20:15:23] [Render thread/INFO]: [System] [CHAT] Lap Time: 633:35
[20:15:44] [Render thread/INFO]: [System] [CHAT] Caught: minecraft:pufferfish  (Total: 250)
[20:15:44] [Render thread/INFO]: [System] [CHAT] Lap Time: 633:56
[20:15:54] [Render thread/INFO]: [System] [CHAT] Caught: minecraft:cod  (Total: 1249)
[20:15:54] [Render thread/INFO]: [System] [CHAT] Lap Time: 634:06
[20:16:02] [Render thread/INFO]: [System] [CHAT] Caught: minecraft:salmon  (Total: 551)
[20:16:02] [Render thread/INFO]: [System] [CHAT] Lap Time: 634:14
[20:16:19] [Render thread/INFO]: [System] [CHAT] Fish caught, but item not detected.
[20:16:37] [Render thread/INFO]: [System] [CHAT] Caught: minecraft:cod  (Total: 1250)
[20:16:37] [Render thread/INFO]: [System] [CHAT] Lap Time: 634:50
[20:16:45] [Render thread/INFO]: [System] [CHAT] Caught: minecraft:cod  (Total: 1251)
[20:16:45] [Render thread/INFO]: [System] [CHAT] Lap Time: 634:57
[20:16:54] [Render thread/INFO]: [System] [CHAT] Caught: minecraft:cod  (Total: 1252)
[20:16:54] [Render thread/INFO]: [System] [CHAT] Lap Time: 635:06
[20:17:15] [Render thread/INFO]: [System] [CHAT] Caught: minecraft:pufferfish  (Total: 251)
[20:17:15] [Render thread/INFO]: [System] [CHAT] Lap Time: 635:27
[20:17:33] [Render thread/INFO]: [System] [CHAT] Caught: minecraft:salmon  (Total: 552)
[20:17:33] [Render thread/INFO]: [System] [CHAT] Lap Time: 635:45
[20:17:42] [Render thread/INFO]: [System] [CHAT] Caught: minecraft:salmon  (Total: 553)
[20:17:42] [Render thread/INFO]: [System] [CHAT] Lap Time: 635:55
[20:17:56] [Render thread/INFO]: [System] [CHAT] Caught: minecraft:salmon  (Total: 554)
[20:17:56] [Render thread/INFO]: [System] [CHAT] Lap Time: 636:09
[20:18:16] [Render thread/INFO]: [System] [CHAT] Caught: minecraft:cod  (Total: 1253)
[20:18:16] [Render thread/INFO]: [System] [CHAT] Lap Time: 636:28
[20:18:32] [Render thread/INFO]: [System] [CHAT] Caught: minecraft:pufferfish  (Total: 252)
[20:18:32] [Render thread/INFO]: [System] [CHAT] Lap Time: 636:45
[20:18:39] [Render thread/INFO]: [System] [CHAT] Caught: minecraft:salmon  (Total: 555)
[20:18:39] [Render thread/INFO]: [System] [CHAT] Lap Time: 636:51
[20:18:57] [Render thread/INFO]: [System] [CHAT] Fish caught, but item not detected.
[20:19:10] [Render thread/INFO]: [System] [CHAT] Caught: minecraft:bowl  (Total: 14)
[20:19:10] [Render thread/INFO]: [System] [CHAT] Lap Time: 637:22
[20:19:21] [Render thread/INFO]: [System] [CHAT] Caught: minecraft:cod  (Total: 1254)
[20:19:21] [Render thread/INFO]: [System] [CHAT] Lap Time: 637:33
[20:19:35] [Render thread/INFO]: [System] [CHAT] Caught: minecraft:salmon  (Total: 556)
[20:19:35] [Render thread/INFO]: [System] [CHAT] Lap Time: 637:47
[20:19:51] [Render thread/INFO]: [System] [CHAT] Caught: minecraft:cod  (Total: 1255)
[20:19:51] [Render thread/INFO]: [System] [CHAT] Lap Time: 638:03
[20:20:02] [Render thread/INFO]: [System] [CHAT] Caught: minecraft:cod  (Total: 1256)
[20:20:02] [Render thread/INFO]: [System] [CHAT] Lap Time: 638:14
[20:20:18] [Render thread/INFO]: [System] [CHAT] Caught: minecraft:salmon  (Total: 557)
[20:20:18] [Render thread/INFO]: [System] [CHAT] Lap Time: 638:31
[20:20:35] [Render thread/INFO]: [System] [CHAT] Caught: minecraft:cod  (Total: 1257)
[20:20:35] [Render thread/INFO]: [System] [CHAT] Lap Time: 638:47
[20:20:56] [Render thread/INFO]: [System] [CHAT] Caught: minecraft:cod  (Total: 1258)
[20:20:56] [Render thread/INFO]: [System] [CHAT] Lap Time: 639:08
[20:21:02] [Render thread/INFO]: [System] [CHAT] Caught: minecraft:salmon  (Total: 558)
[20:21:02] [Render thread/INFO]: [System] [CHAT] Lap Time: 639:14
[20:21:15] [Render thread/INFO]: [System] [CHAT] Caught: minecraft:cod  (Total: 1259)
[20:21:15] [Render thread/INFO]: [System] [CHAT] Lap Time: 639:27
[20:21:31] [Render thread/INFO]: [System] [CHAT] Fish caught, but item not detected.
[20:21:47] [Render thread/INFO]: [System] [CHAT] Caught: minecraft:cod  (Total: 1260)
[20:21:47] [Render thread/INFO]: [System] [CHAT] Lap Time: 639:59
[20:21:57] [Render thread/INFO]: [System] [CHAT] Caught: minecraft:salmon  (Total: 559)
[20:21:57] [Render thread/INFO]: [System] [CHAT] Lap Time: 640:10
[20:22:06] [Render thread/INFO]: [System] [CHAT] Fish caught, but item not detected.
[20:22:08] [Render thread/INFO]: [System] [CHAT] ----- Catch Summary -----
[20:22:08] [Render thread/INFO]: [System] [CHAT]  - minecraft:cod: 1260 times
[20:22:08] [Render thread/INFO]: [System] [CHAT]  - minecraft:salmon: 559 times
[20:22:08] [Render thread/INFO]: [System] [CHAT]  - minecraft:pufferfish: 252 times
[20:22:08] [Render thread/INFO]: [System] [CHAT]  - minecraft:tropical_fish: 41 times
[20:22:08] [Render thread/INFO]: [System] [CHAT]  - minecraft:bow: 11 times
[20:22:08] [Render thread/INFO]: [System] [CHAT]  - minecraft:potion: 7 times
[20:22:08] [Render thread/INFO]: [System] [CHAT]  - minecraft:name_tag: 40 times
[20:22:08] [Render thread/INFO]: [System] [CHAT]  - minecraft:leather: 11 times
[20:22:08] [Render thread/INFO]: [System] [CHAT]  - minecraft:lily_pad: 21 times
[20:22:08] [Render thread/INFO]: [System] [CHAT]  - minecraft:saddle: 10 times
[20:22:08] [Render thread/INFO]: [System] [CHAT]  - minecraft:enchanted_book: 11 times
[20:22:08] [Render thread/INFO]: [System] [CHAT]  - minecraft:nautilus_shell: 45 times
[20:22:08] [Render thread/INFO]: [System] [CHAT]  - minecraft:rotten_flesh: 13 times
[20:22:08] [Render thread/INFO]: [System] [CHAT]  - minecraft:ink_sac: 1 times
[20:22:08] [Render thread/INFO]: [System] [CHAT]  - minecraft:tripwire_hook: 8 times
[20:22:08] [Render thread/INFO]: [System] [CHAT]  - minecraft:stick: 9 times
[20:22:08] [Render thread/INFO]: [System] [CHAT]  - minecraft:string: 2 times
[20:22:08] [Render thread/INFO]: [System] [CHAT]  - minecraft:bowl: 14 times
[20:22:08] [Render thread/INFO]: [System] [CHAT]  - minecraft:leather_boots: 8 times
[20:22:08] [Render thread/INFO]: [System] [CHAT]  - minecraft:bone: 9 times
[20:22:08] [Render thread/INFO]: [System] [CHAT]  - minecraft:fishing_rod: 1 times
[20:22:08] [Render thread/INFO]: [System] [CHAT] Elapsed Time: 640:21
[20:22:09] [Render thread/INFO]: [System] [CHAT] Screenshot saved: autofish_20250705_202209.png
[20:22:09] [Render thread/INFO]: [System] [CHAT] Summary saved to: summary_20250705_202209.txt
[20:22:12] [Render thread/INFO]: [System] [CHAT] Inventory cleared.
[20:22:12] [Render thread/INFO]: [System] [CHAT] Rod restored.
[20:22:12] [Render thread/INFO]: [System] [CHAT] Saved screenshot as autofish_20250705_202209.png
[20:22:12] [Server thread/INFO]: [sampleeeeeee: Removed 247 item(s) from player sampleeeeeee]
[20:22:12] [Server thread/INFO]: [sampleeeeeee: Replaced a slot on sampleeeeeee with [Fishing Rod]]
[20:22:12] [Server thread/INFO]: [sampleeeeeee: Applied enchantment Luck of the Sea III to sampleeeeeee's item]
[20:22:12] [Server thread/INFO]: [sampleeeeeee: Applied enchantment Lure III to sampleeeeeee's item]
[20:22:12] [Server thread/INFO]: [sampleeeeeee: Applied enchantment Unbreaking III to sampleeeeeee's item]
[20:22:12] [Server thread/INFO]: [sampleeeeeee: Applied enchantment Mending to sampleeeeeee's item]
[20:22:12] [Render thread/INFO]: [System] [CHAT] Removed 247 item(s) from player sampleeeeeee
[20:22:12] [Render thread/INFO]: [System] [CHAT] Replaced a slot on sampleeeeeee with [Fishing Rod]
[20:22:12] [Render thread/INFO]: [System] [CHAT] Applied enchantment Luck of the Sea III to sampleeeeeee's item
[20:22:12] [Render thread/INFO]: [System] [CHAT] Applied enchantment Lure III to sampleeeeeee's item
[20:22:12] [Render thread/INFO]: [System] [CHAT] Applied enchantment Unbreaking III to sampleeeeeee's item
[20:22:12] [Render thread/INFO]: [System] [CHAT] Applied enchantment Mending to sampleeeeeee's item
[20:22:30] [Render thread/INFO]: [System] [CHAT] Fish caught, but item not detected.
[20:22:43] [Render thread/INFO]: [System] [CHAT] Caught: minecraft:cod  (Total: 1261)
[20:22:43] [Render thread/INFO]: [System] [CHAT] Lap Time: 640:56
[20:22:54] [Render thread/INFO]: [System] [CHAT] Caught: minecraft:pufferfish  (Total: 253)
[20:22:54] [Render thread/INFO]: [System] [CHAT] Lap Time: 641:06
[20:23:13] [Render thread/INFO]: [System] [CHAT] Caught: minecraft:salmon  (Total: 560)
[20:23:13] [Render thread/INFO]: [System] [CHAT] Lap Time: 641:25
[20:23:26] [Render thread/INFO]: [System] [CHAT] Caught: minecraft:cod  (Total: 1262)
[20:23:26] [Render thread/INFO]: [System] [CHAT] Lap Time: 641:38
[20:23:41] [Render thread/INFO]: [System] [CHAT] Caught: minecraft:salmon  (Total: 561)
[20:23:41] [Render thread/INFO]: [System] [CHAT] Lap Time: 641:53
[20:24:00] [Render thread/INFO]: [System] [CHAT] Caught: minecraft:cod  (Total: 1263)
[20:24:00] [Render thread/INFO]: [System] [CHAT] Lap Time: 642:13
[20:24:07] [Render thread/INFO]: [System] [CHAT] Caught: minecraft:cod  (Total: 1264)
[20:24:07] [Render thread/INFO]: [System] [CHAT] Lap Time: 642:20
[20:24:27] [Render thread/INFO]: [System] [CHAT] Fish caught, but item not detected.
[20:24:47] [Render thread/INFO]: [System] [CHAT] Caught: minecraft:cod  (Total: 1265)
[20:24:47] [Render thread/INFO]: [System] [CHAT] Lap Time: 642:59
[20:24:57] [Render thread/INFO]: [System] [CHAT] Fish caught, but item not detected.
[20:25:05] [Render thread/INFO]: [System] [CHAT] Caught: minecraft:salmon  (Total: 562)
[20:25:05] [Render thread/INFO]: [System] [CHAT] Lap Time: 643:17
[20:25:14] [Render thread/INFO]: [System] [CHAT] Caught: minecraft:cod  (Total: 1266)
[20:25:14] [Render thread/INFO]: [System] [CHAT] Lap Time: 643:27
[20:25:22] [Render thread/INFO]: [System] [CHAT] Caught: minecraft:salmon  (Total: 563)
[20:25:22] [Render thread/INFO]: [System] [CHAT] Lap Time: 643:34
[20:25:40] [Render thread/INFO]: [System] [CHAT] Caught: minecraft:cod  (Total: 1267)
[20:25:40] [Render thread/INFO]: [System] [CHAT] Lap Time: 643:52
[20:25:56] [Render thread/INFO]: [System] [CHAT] Caught: minecraft:bow  (Total: 12)
[20:25:56] [Render thread/INFO]: [System] [CHAT] Lap Time: 644:08
[20:26:10] [Render thread/INFO]: [System] [CHAT] Caught: minecraft:cod  (Total: 1268)
[20:26:10] [Render thread/INFO]: [System] [CHAT] Lap Time: 644:22
[20:26:27] [Render thread/INFO]: [System] [CHAT] Fish caught, but item not detected.
[20:26:43] [Render thread/INFO]: [System] [CHAT] Caught: minecraft:cod  (Total: 1269)
[20:26:43] [Render thread/INFO]: [System] [CHAT] Lap Time: 644:55
[20:26:51] [Render thread/INFO]: [System] [CHAT] Caught: minecraft:cod  (Total: 1270)
[20:26:51] [Render thread/INFO]: [System] [CHAT] Lap Time: 645:03
[20:27:08] [Render thread/INFO]: [System] [CHAT] Caught: minecraft:salmon  (Total: 564)
[20:27:08] [Render thread/INFO]: [System] [CHAT] Lap Time: 645:20
[20:27:28] [Render thread/INFO]: [System] [CHAT] Caught: minecraft:cod  (Total: 1271)
[20:27:28] [Render thread/INFO]: [System] [CHAT] Lap Time: 645:41
[20:27:39] [Render thread/INFO]: [System] [CHAT] Fish caught, but item not detected.
[20:27:48] [Render thread/INFO]: [System] [CHAT] Caught: minecraft:cod  (Total: 1272)
[20:27:48] [Render thread/INFO]: [System] [CHAT] Lap Time: 646:00
[20:27:56] [Render thread/INFO]: [System] [CHAT] Caught: minecraft:leather_boots  (Total: 9)
[20:27:56] [Render thread/INFO]: [System] [CHAT] Lap Time: 646:08
[20:28:07] [Render thread/INFO]: [System] [CHAT] Caught: minecraft:cod  (Total: 1273)
[20:28:07] [Render thread/INFO]: [System] [CHAT] Lap Time: 646:19
[20:28:23] [Render thread/INFO]: [System] [CHAT] Caught: minecraft:cod  (Total: 1274)
[20:28:23] [Render thread/INFO]: [System] [CHAT] Lap Time: 646:35
[20:28:40] [Render thread/INFO]: [System] [CHAT] Caught: minecraft:pufferfish  (Total: 254)
[20:28:40] [Render thread/INFO]: [System] [CHAT] Lap Time: 646:52
[20:28:55] [Render thread/INFO]: [System] [CHAT] Caught: minecraft:salmon  (Total: 565)
[20:28:55] [Render thread/INFO]: [System] [CHAT] Lap Time: 647:07
[20:29:07] [Render thread/INFO]: [System] [CHAT] Caught: minecraft:cod  (Total: 1275)
[20:29:07] [Render thread/INFO]: [System] [CHAT] Lap Time: 647:19
[20:29:18] [Render thread/INFO]: [System] [CHAT] Fish caught, but item not detected.
[20:29:32] [Render thread/INFO]: [System] [CHAT] Caught: minecraft:cod  (Total: 1276)
[20:29:32] [Render thread/INFO]: [System] [CHAT] Lap Time: 647:44
[20:29:41] [Render thread/INFO]: [System] [CHAT] Caught: minecraft:saddle  (Total: 11)
[20:29:41] [Render thread/INFO]: [System] [CHAT] Lap Time: 647:54
[20:29:52] [Render thread/INFO]: [System] [CHAT] Caught: minecraft:cod  (Total: 1277)
[20:29:52] [Render thread/INFO]: [System] [CHAT] Lap Time: 648:04
[20:30:05] [Render thread/INFO]: [System] [CHAT] Caught: minecraft:cod  (Total: 1278)
[20:30:05] [Render thread/INFO]: [System] [CHAT] Lap Time: 648:17
[20:30:15] [Render thread/INFO]: [System] [CHAT] Caught: minecraft:pufferfish  (Total: 255)
[20:30:15] [Render thread/INFO]: [System] [CHAT] Lap Time: 648:27
[20:30:26] [Render thread/INFO]: [System] [CHAT] Caught: minecraft:cod  (Total: 1279)
[20:30:26] [Render thread/INFO]: [System] [CHAT] Lap Time: 648:39
[20:30:33] [Render thread/INFO]: [System] [CHAT] Fish caught, but item not detected.
[20:30:49] [Render thread/INFO]: [System] [CHAT] Caught: minecraft:cod  (Total: 1280)
[20:30:49] [Render thread/INFO]: [System] [CHAT] Lap Time: 649:01
[20:31:10] [Render thread/INFO]: [System] [CHAT] Fish caught, but item not detected.
[20:31:22] [Render thread/INFO]: [System] [CHAT] Caught: minecraft:cod  (Total: 1281)
[20:31:22] [Render thread/INFO]: [System] [CHAT] Lap Time: 649:34
[20:31:43] [Render thread/INFO]: [System] [CHAT] Caught: minecraft:salmon  (Total: 566)
[20:31:43] [Render thread/INFO]: [System] [CHAT] Lap Time: 649:55
[20:31:55] [Render thread/INFO]: [System] [CHAT] Caught: minecraft:salmon  (Total: 567)
[20:31:55] [Render thread/INFO]: [System] [CHAT] Lap Time: 650:07
[20:32:08] [Render thread/INFO]: [System] [CHAT] Caught: minecraft:salmon  (Total: 568)
[20:32:08] [Render thread/INFO]: [System] [CHAT] Lap Time: 650:20
[20:32:30] [Render thread/INFO]: [System] [CHAT] Caught: minecraft:cod  (Total: 1282)
[20:32:30] [Render thread/INFO]: [System] [CHAT] Lap Time: 650:42
[20:32:38] [Render thread/INFO]: [System] [CHAT] Fish caught, but item not detected.
[20:32:51] [Render thread/INFO]: [System] [CHAT] Fish caught, but item not detected.
[20:33:11] [Render thread/INFO]: [System] [CHAT] Caught: minecraft:salmon  (Total: 569)
[20:33:11] [Render thread/INFO]: [System] [CHAT] Lap Time: 651:23
[20:33:19] [Render thread/INFO]: [System] [CHAT] Caught: minecraft:cod  (Total: 1283)
[20:33:19] [Render thread/INFO]: [System] [CHAT] Lap Time: 651:31
[20:33:30] [Render thread/INFO]: [System] [CHAT] Fish caught, but item not detected.
[20:33:43] [Render thread/INFO]: [System] [CHAT] Caught: minecraft:salmon  (Total: 570)
[20:33:43] [Render thread/INFO]: [System] [CHAT] Lap Time: 651:56
[20:33:55] [Render thread/INFO]: [System] [CHAT] Caught: minecraft:cod  (Total: 1284)
[20:33:55] [Render thread/INFO]: [System] [CHAT] Lap Time: 652:08
[20:34:03] [Render thread/INFO]: [System] [CHAT] Caught: minecraft:cod  (Total: 1285)
[20:34:03] [Render thread/INFO]: [System] [CHAT] Lap Time: 652:16
[20:34:10] [Render thread/INFO]: [System] [CHAT] Caught: minecraft:salmon  (Total: 571)
[20:34:10] [Render thread/INFO]: [System] [CHAT] Lap Time: 652:23
[20:34:21] [Render thread/INFO]: [System] [CHAT] Caught: minecraft:salmon  (Total: 572)
[20:34:21] [Render thread/INFO]: [System] [CHAT] Lap Time: 652:34
[20:34:40] [Render thread/INFO]: [System] [CHAT] Caught: minecraft:cod  (Total: 1286)
[20:34:40] [Render thread/INFO]: [System] [CHAT] Lap Time: 652:52
[20:34:55] [Render thread/INFO]: [System] [CHAT] Caught: minecraft:salmon  (Total: 573)
[20:34:55] [Render thread/INFO]: [System] [CHAT] Lap Time: 653:07
[20:35:04] [Render thread/INFO]: [System] [CHAT] Caught: minecraft:pufferfish  (Total: 256)
[20:35:04] [Render thread/INFO]: [System] [CHAT] Lap Time: 653:17
[20:35:14] [Render thread/INFO]: [System] [CHAT] Caught: minecraft:salmon  (Total: 574)
[20:35:14] [Render thread/INFO]: [System] [CHAT] Lap Time: 653:26
[20:35:31] [Render thread/INFO]: [System] [CHAT] Caught: minecraft:pufferfish  (Total: 257)
[20:35:31] [Render thread/INFO]: [System] [CHAT] Lap Time: 653:43
[20:35:38] [Render thread/INFO]: [System] [CHAT] Caught: minecraft:nautilus_shell  (Total: 46)
[20:35:38] [Render thread/INFO]: [System] [CHAT] Lap Time: 653:50
[20:35:54] [Render thread/INFO]: [System] [CHAT] Caught: minecraft:pufferfish  (Total: 258)
[20:35:54] [Render thread/INFO]: [System] [CHAT] Lap Time: 654:06
[20:36:04] [Render thread/INFO]: [System] [CHAT] Caught: minecraft:cod  (Total: 1287)
[20:36:04] [Render thread/INFO]: [System] [CHAT] Lap Time: 654:16
[20:36:13] [Render thread/INFO]: [System] [CHAT] Caught: minecraft:enchanted_book  (Total: 12)
[20:36:13] [Render thread/INFO]: [System] [CHAT] Lap Time: 654:25
[20:36:23] [Render thread/INFO]: [System] [CHAT] Caught: minecraft:pufferfish  (Total: 259)
[20:36:23] [Render thread/INFO]: [System] [CHAT] Lap Time: 654:35
[20:36:39] [Render thread/INFO]: [System] [CHAT] Caught: minecraft:pufferfish  (Total: 260)
[20:36:39] [Render thread/INFO]: [System] [CHAT] Lap Time: 654:51
[20:36:52] [Render thread/INFO]: [System] [CHAT] Caught: minecraft:salmon  (Total: 575)
[20:36:52] [Render thread/INFO]: [System] [CHAT] Lap Time: 655:04
[20:37:04] [Render thread/INFO]: [System] [CHAT] Fish caught, but item not detected.
[20:37:16] [Render thread/INFO]: [System] [CHAT] Fish caught, but item not detected.
[20:37:27] [Render thread/INFO]: [System] [CHAT] Caught: minecraft:pufferfish  (Total: 261)
[20:37:27] [Render thread/INFO]: [System] [CHAT] Lap Time: 655:39
[20:37:35] [Render thread/INFO]: [System] [CHAT] Caught: minecraft:salmon  (Total: 576)
[20:37:35] [Render thread/INFO]: [System] [CHAT] Lap Time: 655:47
[20:37:45] [Render thread/INFO]: [System] [CHAT] Caught: minecraft:cod  (Total: 1288)
[20:37:45] [Render thread/INFO]: [System] [CHAT] Lap Time: 655:57
[20:38:02] [Render thread/INFO]: [System] [CHAT] Caught: minecraft:cod  (Total: 1289)
[20:38:02] [Render thread/INFO]: [System] [CHAT] Lap Time: 656:14
[20:38:15] [Render thread/INFO]: [System] [CHAT] Caught: minecraft:cod  (Total: 1290)
[20:38:15] [Render thread/INFO]: [System] [CHAT] Lap Time: 656:27
[20:38:28] [Render thread/INFO]: [System] [CHAT] Caught: minecraft:cod  (Total: 1291)
[20:38:28] [Render thread/INFO]: [System] [CHAT] Lap Time: 656:40
[20:38:45] [Render thread/INFO]: [System] [CHAT] Caught: minecraft:cod  (Total: 1292)
[20:38:45] [Render thread/INFO]: [System] [CHAT] Lap Time: 656:57
[20:38:58] [Render thread/INFO]: [System] [CHAT] Fish caught, but item not detected.
[20:39:05] [Render thread/INFO]: [System] [CHAT] Caught: minecraft:tropical_fish  (Total: 42)
[20:39:05] [Render thread/INFO]: [System] [CHAT] Lap Time: 657:17
[20:39:13] [Render thread/INFO]: [System] [CHAT] Caught: minecraft:pufferfish  (Total: 262)
[20:39:13] [Render thread/INFO]: [System] [CHAT] Lap Time: 657:26
[20:39:22] [Render thread/INFO]: [System] [CHAT] Fish caught, but item not detected.
[20:39:29] [Render thread/INFO]: [System] [CHAT] Caught: minecraft:cod  (Total: 1293)
[20:39:29] [Render thread/INFO]: [System] [CHAT] Lap Time: 657:41
[20:39:41] [Render thread/INFO]: [System] [CHAT] Caught: minecraft:cod  (Total: 1294)
[20:39:41] [Render thread/INFO]: [System] [CHAT] Lap Time: 657:53
[20:39:50] [Render thread/INFO]: [System] [CHAT] Caught: minecraft:cod  (Total: 1295)
[20:39:50] [Render thread/INFO]: [System] [CHAT] Lap Time: 658:02
[20:40:07] [Render thread/INFO]: [System] [CHAT] Caught: minecraft:salmon  (Total: 577)
[20:40:07] [Render thread/INFO]: [System] [CHAT] Lap Time: 658:19
[20:40:20] [Render thread/INFO]: [System] [CHAT] Caught: minecraft:pufferfish  (Total: 263)
[20:40:20] [Render thread/INFO]: [System] [CHAT] Lap Time: 658:33
[20:40:36] [Render thread/INFO]: [System] [CHAT] Caught: minecraft:pufferfish  (Total: 264)
[20:40:36] [Render thread/INFO]: [System] [CHAT] Lap Time: 658:48
[20:40:48] [Render thread/INFO]: [System] [CHAT] Caught: minecraft:salmon  (Total: 578)
[20:40:48] [Render thread/INFO]: [System] [CHAT] Lap Time: 659:00
[20:40:58] [Render thread/INFO]: [System] [CHAT] Caught: minecraft:cod  (Total: 1296)
[20:40:58] [Render thread/INFO]: [System] [CHAT] Lap Time: 659:10
[20:41:13] [Render thread/INFO]: [System] [CHAT] Caught: minecraft:cod  (Total: 1297)
[20:41:13] [Render thread/INFO]: [System] [CHAT] Lap Time: 659:25
[20:41:28] [Render thread/INFO]: [System] [CHAT] Caught: minecraft:salmon  (Total: 579)
[20:41:28] [Render thread/INFO]: [System] [CHAT] Lap Time: 659:40
[20:41:44] [Render thread/INFO]: [System] [CHAT] Caught: minecraft:salmon  (Total: 580)
[20:41:44] [Render thread/INFO]: [System] [CHAT] Lap Time: 659:56
[20:41:56] [Render thread/INFO]: [System] [CHAT] Fish caught, but item not detected.
[20:42:14] [Render thread/INFO]: [System] [CHAT] Fish caught, but item not detected.
[20:42:25] [Render thread/INFO]: [System] [CHAT] Caught: minecraft:cod  (Total: 1298)
[20:42:25] [Render thread/INFO]: [System] [CHAT] Lap Time: 660:37
[20:42:37] [Render thread/INFO]: [System] [CHAT] Caught: minecraft:salmon  (Total: 581)
[20:42:37] [Render thread/INFO]: [System] [CHAT] Lap Time: 660:49
[20:42:51] [Render thread/INFO]: [System] [CHAT] Fish caught, but item not detected.
[20:42:59] [Render thread/INFO]: [System] [CHAT] Fish caught, but item not detected.
[20:43:13] [Render thread/INFO]: [System] [CHAT] Fish caught, but item not detected.
[20:43:25] [Render thread/INFO]: [System] [CHAT] Fish caught, but item not detected.
[20:43:40] [Render thread/INFO]: [System] [CHAT] Caught: minecraft:cod  (Total: 1299)
[20:43:40] [Render thread/INFO]: [System] [CHAT] Lap Time: 661:52
[20:43:54] [Render thread/INFO]: [System] [CHAT] Caught: minecraft:cod  (Total: 1300)
[20:43:54] [Render thread/INFO]: [System] [CHAT] Lap Time: 662:06
[20:44:07] [Render thread/INFO]: [System] [CHAT] Caught: minecraft:salmon  (Total: 582)
[20:44:07] [Render thread/INFO]: [System] [CHAT] Lap Time: 662:19
[20:44:19] [Render thread/INFO]: [System] [CHAT] Fish caught, but item not detected.
[20:44:28] [Render thread/INFO]: [System] [CHAT] Caught: minecraft:salmon  (Total: 583)
[20:44:28] [Render thread/INFO]: [System] [CHAT] Lap Time: 662:40
[20:44:42] [Render thread/INFO]: [System] [CHAT] Caught: minecraft:cod  (Total: 1301)
[20:44:42] [Render thread/INFO]: [System] [CHAT] Lap Time: 662:54
[20:44:54] [Render thread/INFO]: [System] [CHAT] Caught: minecraft:pufferfish  (Total: 265)
[20:44:54] [Render thread/INFO]: [System] [CHAT] Lap Time: 663:06
[20:45:13] [Render thread/INFO]: [System] [CHAT] Caught: minecraft:salmon  (Total: 584)
[20:45:13] [Render thread/INFO]: [System] [CHAT] Lap Time: 663:25
[20:45:23] [Render thread/INFO]: [System] [CHAT] Caught: minecraft:cod  (Total: 1302)
[20:45:23] [Render thread/INFO]: [System] [CHAT] Lap Time: 663:35
[20:45:42] [Render thread/INFO]: [System] [CHAT] Caught: minecraft:cod  (Total: 1303)
[20:45:42] [Render thread/INFO]: [System] [CHAT] Lap Time: 663:54
[20:45:50] [Render thread/INFO]: [System] [CHAT] Caught: minecraft:nautilus_shell  (Total: 47)
[20:45:50] [Render thread/INFO]: [System] [CHAT] Lap Time: 664:02
[20:46:01] [Render thread/INFO]: [System] [CHAT] Fish caught, but item not detected.
[20:46:14] [Render thread/INFO]: [System] [CHAT] Fish caught, but item not detected.
[20:46:30] [Render thread/INFO]: [System] [CHAT] Caught: minecraft:pufferfish  (Total: 266)
[20:46:30] [Render thread/INFO]: [System] [CHAT] Lap Time: 664:42
[20:46:50] [Render thread/INFO]: [System] [CHAT] Fish caught, but item not detected.
[20:46:58] [Render thread/INFO]: [System] [CHAT] Caught: minecraft:salmon  (Total: 585)
[20:46:58] [Render thread/INFO]: [System] [CHAT] Lap Time: 665:10
[20:47:08] [Render thread/INFO]: [System] [CHAT] Caught: minecraft:tropical_fish  (Total: 43)
[20:47:08] [Render thread/INFO]: [System] [CHAT] Lap Time: 665:20
[20:47:16] [Render thread/INFO]: [System] [CHAT] Caught: minecraft:pufferfish  (Total: 267)
[20:47:16] [Render thread/INFO]: [System] [CHAT] Lap Time: 665:28
[20:47:32] [Render thread/INFO]: [System] [CHAT] Fish caught, but item not detected.
[20:47:47] [Render thread/INFO]: [System] [CHAT] Fish caught, but item not detected.
[20:47:58] [Render thread/INFO]: [System] [CHAT] Caught: minecraft:cod  (Total: 1304)
[20:47:58] [Render thread/INFO]: [System] [CHAT] Lap Time: 666:10
[20:48:11] [Render thread/INFO]: [System] [CHAT] Caught: minecraft:salmon  (Total: 586)
[20:48:11] [Render thread/INFO]: [System] [CHAT] Lap Time: 666:23
[20:48:22] [Render thread/INFO]: [System] [CHAT] Caught: minecraft:cod  (Total: 1305)
[20:48:22] [Render thread/INFO]: [System] [CHAT] Lap Time: 666:34
[20:48:37] [Render thread/INFO]: [System] [CHAT] Caught: minecraft:cod  (Total: 1306)
[20:48:37] [Render thread/INFO]: [System] [CHAT] Lap Time: 666:49
[20:48:54] [Render thread/INFO]: [System] [CHAT] Fish caught, but item not detected.
[20:49:07] [Render thread/INFO]: [System] [CHAT] Caught: minecraft:cod  (Total: 1307)
[20:49:07] [Render thread/INFO]: [System] [CHAT] Lap Time: 667:19
[20:49:25] [Render thread/INFO]: [System] [CHAT] Caught: minecraft:cod  (Total: 1308)
[20:49:25] [Render thread/INFO]: [System] [CHAT] Lap Time: 667:37
[20:49:36] [Render thread/INFO]: [System] [CHAT] Caught: minecraft:salmon  (Total: 587)
[20:49:36] [Render thread/INFO]: [System] [CHAT] Lap Time: 667:48
[20:49:48] [Render thread/INFO]: [System] [CHAT] Fish caught, but item not detected.
[20:50:02] [Render thread/INFO]: [System] [CHAT] Caught: minecraft:cod  (Total: 1309)
[20:50:02] [Render thread/INFO]: [System] [CHAT] Lap Time: 668:14
[20:50:19] [Render thread/INFO]: [System] [CHAT] Caught: minecraft:cod  (Total: 1310)
[20:50:19] [Render thread/INFO]: [System] [CHAT] Lap Time: 668:31
[20:50:26] [Render thread/INFO]: [System] [CHAT] Caught: minecraft:tropical_fish  (Total: 44)
[20:50:26] [Render thread/INFO]: [System] [CHAT] Lap Time: 668:38
[20:50:40] [Render thread/INFO]: [System] [CHAT] Caught: minecraft:nautilus_shell  (Total: 48)
[20:50:40] [Render thread/INFO]: [System] [CHAT] Lap Time: 668:53
[20:50:59] [Render thread/INFO]: [System] [CHAT] Caught: minecraft:cod  (Total: 1311)
[20:50:59] [Render thread/INFO]: [System] [CHAT] Lap Time: 669:11
[20:51:10] [Render thread/INFO]: [System] [CHAT] Fish caught, but item not detected.
[20:51:26] [Render thread/INFO]: [System] [CHAT] Fish caught, but item not detected.
[20:51:42] [Render thread/INFO]: [System] [CHAT] Fish caught, but item not detected.
[20:51:49] [Render thread/INFO]: [System] [CHAT] Caught: minecraft:cod  (Total: 1312)
[20:51:49] [Render thread/INFO]: [System] [CHAT] Lap Time: 670:01
[20:51:55] [Render thread/INFO]: [System] [CHAT] Caught: minecraft:cod  (Total: 1313)
[20:51:55] [Render thread/INFO]: [System] [CHAT] Lap Time: 670:08
[20:52:05] [Render thread/INFO]: [System] [CHAT] Fish caught, but item not detected.
[20:52:17] [Render thread/INFO]: [System] [CHAT] Caught: minecraft:cod  (Total: 1314)
[20:52:17] [Render thread/INFO]: [System] [CHAT] Lap Time: 670:29
[20:52:35] [Render thread/INFO]: [System] [CHAT] Caught: minecraft:salmon  (Total: 588)
[20:52:35] [Render thread/INFO]: [System] [CHAT] Lap Time: 670:47
[20:52:52] [Render thread/INFO]: [System] [CHAT] Caught: minecraft:cod  (Total: 1315)
[20:52:52] [Render thread/INFO]: [System] [CHAT] Lap Time: 671:04
[20:53:11] [Render thread/INFO]: [System] [CHAT] Caught: minecraft:cod  (Total: 1316)
[20:53:11] [Render thread/INFO]: [System] [CHAT] Lap Time: 671:23
[20:53:30] [Render thread/INFO]: [System] [CHAT] Fish caught, but item not detected.
[20:53:43] [Render thread/INFO]: [System] [CHAT] Fish caught, but item not detected.
[20:53:56] [Render thread/INFO]: [System] [CHAT] Caught: minecraft:cod  (Total: 1317)
[20:53:56] [Render thread/INFO]: [System] [CHAT] Lap Time: 672:08
[20:54:05] [Render thread/INFO]: [System] [CHAT] Caught: minecraft:pufferfish  (Total: 268)
[20:54:05] [Render thread/INFO]: [System] [CHAT] Lap Time: 672:17
[20:54:19] [Render thread/INFO]: [System] [CHAT] Fish caught, but item not detected.
[20:54:39] [Render thread/INFO]: [System] [CHAT] Caught: minecraft:cod  (Total: 1318)
[20:54:39] [Render thread/INFO]: [System] [CHAT] Lap Time: 672:51
[20:54:50] [Render thread/INFO]: [System] [CHAT] Caught: minecraft:salmon  (Total: 589)
[20:54:50] [Render thread/INFO]: [System] [CHAT] Lap Time: 673:02
[20:54:59] [Render thread/INFO]: [System] [CHAT] Caught: minecraft:pufferfish  (Total: 269)
[20:54:59] [Render thread/INFO]: [System] [CHAT] Lap Time: 673:12
[20:55:07] [Render thread/INFO]: [System] [CHAT] Caught: minecraft:cod  (Total: 1319)
[20:55:07] [Render thread/INFO]: [System] [CHAT] Lap Time: 673:19
[20:55:22] [Render thread/INFO]: [System] [CHAT] Caught: minecraft:pufferfish  (Total: 270)
[20:55:22] [Render thread/INFO]: [System] [CHAT] Lap Time: 673:34
[20:55:32] [Render thread/INFO]: [System] [CHAT] Caught: minecraft:cod  (Total: 1320)
[20:55:32] [Render thread/INFO]: [System] [CHAT] Lap Time: 673:44
[20:55:48] [Render thread/INFO]: [System] [CHAT] Fish caught, but item not detected.
[20:56:05] [Render thread/INFO]: [System] [CHAT] Caught: minecraft:cod  (Total: 1321)
[20:56:05] [Render thread/INFO]: [System] [CHAT] Lap Time: 674:18
[20:56:12] [Render thread/INFO]: [System] [CHAT] Caught: minecraft:salmon  (Total: 590)
[20:56:12] [Render thread/INFO]: [System] [CHAT] Lap Time: 674:24
[20:56:25] [Render thread/INFO]: [System] [CHAT] Caught: minecraft:cod  (Total: 1322)
[20:56:25] [Render thread/INFO]: [System] [CHAT] Lap Time: 674:38
[20:56:35] [Render thread/INFO]: [System] [CHAT] Caught: minecraft:cod  (Total: 1323)
[20:56:35] [Render thread/INFO]: [System] [CHAT] Lap Time: 674:48
[20:56:51] [Render thread/INFO]: [System] [CHAT] Caught: minecraft:salmon  (Total: 591)
[20:56:51] [Render thread/INFO]: [System] [CHAT] Lap Time: 675:03
[20:56:58] [Render thread/INFO]: [System] [CHAT] Caught: minecraft:salmon  (Total: 592)
[20:56:58] [Render thread/INFO]: [System] [CHAT] Lap Time: 675:11
[20:57:08] [Render thread/INFO]: [System] [CHAT] Caught: minecraft:cod  (Total: 1324)
[20:57:08] [Render thread/INFO]: [System] [CHAT] Lap Time: 675:20
[20:57:20] [Render thread/INFO]: [System] [CHAT] Caught: minecraft:pufferfish  (Total: 271)
[20:57:20] [Render thread/INFO]: [System] [CHAT] Lap Time: 675:32
[20:57:35] [Render thread/INFO]: [System] [CHAT] Fish caught, but item not detected.
[20:57:46] [Render thread/INFO]: [System] [CHAT] Fish caught, but item not detected.
[20:58:05] [Render thread/INFO]: [System] [CHAT] Caught: minecraft:cod  (Total: 1325)
[20:58:05] [Render thread/INFO]: [System] [CHAT] Lap Time: 676:18
[20:58:19] [Render thread/INFO]: [System] [CHAT] Caught: minecraft:bowl  (Total: 15)
[20:58:19] [Render thread/INFO]: [System] [CHAT] Lap Time: 676:32
[20:58:35] [Render thread/INFO]: [System] [CHAT] Caught: minecraft:bone  (Total: 10)
[20:58:35] [Render thread/INFO]: [System] [CHAT] Lap Time: 676:47
[20:58:54] [Render thread/INFO]: [System] [CHAT] Caught: minecraft:cod  (Total: 1326)
[20:58:54] [Render thread/INFO]: [System] [CHAT] Lap Time: 677:07
[20:59:14] [Render thread/INFO]: [System] [CHAT] Caught: minecraft:pufferfish  (Total: 272)
[20:59:14] [Render thread/INFO]: [System] [CHAT] Lap Time: 677:26
[20:59:31] [Render thread/INFO]: [System] [CHAT] Caught: minecraft:cod  (Total: 1327)
[20:59:31] [Render thread/INFO]: [System] [CHAT] Lap Time: 677:43
[20:59:48] [Render thread/INFO]: [System] [CHAT] Caught: minecraft:cod  (Total: 1328)
[20:59:48] [Render thread/INFO]: [System] [CHAT] Lap Time: 678:00
[21:00:10] [Render thread/INFO]: [System] [CHAT] Caught: minecraft:cod  (Total: 1329)
[21:00:10] [Render thread/INFO]: [System] [CHAT] Lap Time: 678:22
[21:00:20] [Render thread/INFO]: [System] [CHAT] Caught: minecraft:cod  (Total: 1330)
[21:00:20] [Render thread/INFO]: [System] [CHAT] Lap Time: 678:32
[21:00:37] [Render thread/INFO]: [System] [CHAT] Caught: minecraft:lily_pad  (Total: 22)
[21:00:37] [Render thread/INFO]: [System] [CHAT] Lap Time: 678:49
[21:00:54] [Render thread/INFO]: [System] [CHAT] Caught: minecraft:cod  (Total: 1331)
[21:00:54] [Render thread/INFO]: [System] [CHAT] Lap Time: 679:07
[21:01:12] [Render thread/INFO]: [System] [CHAT] Caught: minecraft:cod  (Total: 1332)
[21:01:12] [Render thread/INFO]: [System] [CHAT] Lap Time: 679:24
[21:01:18] [Render thread/INFO]: [System] [CHAT] Caught: minecraft:pufferfish  (Total: 273)
[21:01:18] [Render thread/INFO]: [System] [CHAT] Lap Time: 679:30
[21:01:36] [Render thread/INFO]: [System] [CHAT] Fish caught, but item not detected.
[21:01:54] [Render thread/INFO]: [System] [CHAT] Fish caught, but item not detected.
[21:02:15] [Render thread/INFO]: [System] [CHAT] Caught: minecraft:cod  (Total: 1333)
[21:02:15] [Render thread/INFO]: [System] [CHAT] Lap Time: 680:27
[21:02:21] [Render thread/INFO]: [System] [CHAT] Caught: minecraft:cod  (Total: 1334)
[21:02:21] [Render thread/INFO]: [System] [CHAT] Lap Time: 680:34
[21:02:39] [Render thread/INFO]: [System] [CHAT] Caught: minecraft:cod  (Total: 1335)
[21:02:39] [Render thread/INFO]: [System] [CHAT] Lap Time: 680:51
[21:02:56] [Render thread/INFO]: [System] [CHAT] Caught: minecraft:pufferfish  (Total: 274)
[21:02:56] [Render thread/INFO]: [System] [CHAT] Lap Time: 681:08
[21:03:11] [Render thread/INFO]: [System] [CHAT] Caught: minecraft:salmon  (Total: 593)
[21:03:11] [Render thread/INFO]: [System] [CHAT] Lap Time: 681:23
[21:03:19] [Render thread/INFO]: [System] [CHAT] Fish caught, but item not detected.
[21:03:34] [Render thread/INFO]: [System] [CHAT] Caught: minecraft:salmon  (Total: 594)
[21:03:34] [Render thread/INFO]: [System] [CHAT] Lap Time: 681:46
[21:03:43] [Render thread/INFO]: [System] [CHAT] Caught: minecraft:cod  (Total: 1336)
[21:03:43] [Render thread/INFO]: [System] [CHAT] Lap Time: 681:56
[21:03:53] [Render thread/INFO]: [System] [CHAT] Fish caught, but item not detected.
[21:04:08] [Render thread/INFO]: [System] [CHAT] Caught: minecraft:cod  (Total: 1337)
[21:04:08] [Render thread/INFO]: [System] [CHAT] Lap Time: 682:20
[21:04:18] [Render thread/INFO]: [System] [CHAT] Caught: minecraft:tropical_fish  (Total: 45)
[21:04:18] [Render thread/INFO]: [System] [CHAT] Lap Time: 682:30
[21:04:28] [Render thread/INFO]: [System] [CHAT] Caught: minecraft:cod  (Total: 1338)
[21:04:28] [Render thread/INFO]: [System] [CHAT] Lap Time: 682:40
[21:04:43] [Render thread/INFO]: [System] [CHAT] Caught: minecraft:cod  (Total: 1339)
[21:04:43] [Render thread/INFO]: [System] [CHAT] Lap Time: 682:56
[21:04:58] [Render thread/INFO]: [System] [CHAT] Caught: minecraft:cod  (Total: 1340)
[21:04:58] [Render thread/INFO]: [System] [CHAT] Lap Time: 683:10
[21:05:04] [Render thread/INFO]: [System] [CHAT] Caught: minecraft:cod  (Total: 1341)
[21:05:04] [Render thread/INFO]: [System] [CHAT] Lap Time: 683:16
[21:05:16] [Render thread/INFO]: [System] [CHAT] Caught: minecraft:cod  (Total: 1342)
[21:05:16] [Render thread/INFO]: [System] [CHAT] Lap Time: 683:28
[21:05:25] [Render thread/INFO]: [System] [CHAT] Caught: minecraft:cod  (Total: 1343)
[21:05:25] [Render thread/INFO]: [System] [CHAT] Lap Time: 683:37
[21:05:33] [Render thread/INFO]: [System] [CHAT] Caught: minecraft:cod  (Total: 1344)
[21:05:33] [Render thread/INFO]: [System] [CHAT] Lap Time: 683:45
[21:05:51] [Render thread/INFO]: [System] [CHAT] Caught: minecraft:pufferfish  (Total: 275)
[21:05:51] [Render thread/INFO]: [System] [CHAT] Lap Time: 684:03
[21:05:57] [Render thread/INFO]: [System] [CHAT] Caught: minecraft:cod  (Total: 1345)
[21:05:57] [Render thread/INFO]: [System] [CHAT] Lap Time: 684:09
[21:06:08] [Render thread/INFO]: [System] [CHAT] Caught: minecraft:cod  (Total: 1346)
[21:06:08] [Render thread/INFO]: [System] [CHAT] Lap Time: 684:20
[21:06:27] [Render thread/INFO]: [System] [CHAT] Caught: minecraft:cod  (Total: 1347)
[21:06:27] [Render thread/INFO]: [System] [CHAT] Lap Time: 684:39
[21:06:42] [Render thread/INFO]: [System] [CHAT] Caught: minecraft:cod  (Total: 1348)
[21:06:42] [Render thread/INFO]: [System] [CHAT] Lap Time: 684:54
[21:06:51] [Render thread/INFO]: [System] [CHAT] Caught: minecraft:cod  (Total: 1349)
[21:06:51] [Render thread/INFO]: [System] [CHAT] Lap Time: 685:03
[21:07:02] [Render thread/INFO]: [System] [CHAT] Caught: minecraft:cod  (Total: 1350)
[21:07:02] [Render thread/INFO]: [System] [CHAT] Lap Time: 685:15
[21:07:14] [Render thread/INFO]: [System] [CHAT] Caught: minecraft:cod  (Total: 1351)
[21:07:14] [Render thread/INFO]: [System] [CHAT] Lap Time: 685:26
[21:07:27] [Render thread/INFO]: [System] [CHAT] Caught: minecraft:cod  (Total: 1352)
[21:07:27] [Render thread/INFO]: [System] [CHAT] Lap Time: 685:39
[21:07:44] [Render thread/INFO]: [System] [CHAT] Caught: minecraft:pufferfish  (Total: 276)
[21:07:44] [Render thread/INFO]: [System] [CHAT] Lap Time: 685:57
[21:07:55] [Render thread/INFO]: [System] [CHAT] Caught: minecraft:pufferfish  (Total: 277)
[21:07:55] [Render thread/INFO]: [System] [CHAT] Lap Time: 686:07
[21:08:02] [Render thread/INFO]: [System] [CHAT] Caught: minecraft:cod  (Total: 1353)
[21:08:02] [Render thread/INFO]: [System] [CHAT] Lap Time: 686:15
[21:08:14] [Render thread/INFO]: [System] [CHAT] Fish caught, but item not detected.
[21:08:30] [Render thread/INFO]: [System] [CHAT] Caught: minecraft:cod  (Total: 1354)
[21:08:30] [Render thread/INFO]: [System] [CHAT] Lap Time: 686:43
[21:08:40] [Render thread/INFO]: [System] [CHAT] Caught: minecraft:cod  (Total: 1355)
[21:08:40] [Render thread/INFO]: [System] [CHAT] Lap Time: 686:52
[21:08:53] [Render thread/INFO]: [System] [CHAT] Caught: minecraft:cod  (Total: 1356)
[21:08:53] [Render thread/INFO]: [System] [CHAT] Lap Time: 687:05
[21:09:10] [Render thread/INFO]: [System] [CHAT] Fish caught, but item not detected.
[21:09:12] [Render thread/INFO]: [System] [CHAT] ----- Catch Summary -----
[21:09:12] [Render thread/INFO]: [System] [CHAT]  - minecraft:cod: 1356 times
[21:09:12] [Render thread/INFO]: [System] [CHAT]  - minecraft:salmon: 594 times
[21:09:12] [Render thread/INFO]: [System] [CHAT]  - minecraft:pufferfish: 277 times
[21:09:12] [Render thread/INFO]: [System] [CHAT]  - minecraft:tropical_fish: 45 times
[21:09:12] [Render thread/INFO]: [System] [CHAT]  - minecraft:bow: 12 times
[21:09:12] [Render thread/INFO]: [System] [CHAT]  - minecraft:potion: 7 times
[21:09:12] [Render thread/INFO]: [System] [CHAT]  - minecraft:name_tag: 40 times
[21:09:12] [Render thread/INFO]: [System] [CHAT]  - minecraft:leather: 11 times
[21:09:12] [Render thread/INFO]: [System] [CHAT]  - minecraft:lily_pad: 22 times
[21:09:12] [Render thread/INFO]: [System] [CHAT]  - minecraft:saddle: 11 times
[21:09:12] [Render thread/INFO]: [System] [CHAT]  - minecraft:enchanted_book: 12 times
[21:09:12] [Render thread/INFO]: [System] [CHAT]  - minecraft:nautilus_shell: 48 times
[21:09:12] [Render thread/INFO]: [System] [CHAT]  - minecraft:rotten_flesh: 13 times
[21:09:12] [Render thread/INFO]: [System] [CHAT]  - minecraft:ink_sac: 1 times
[21:09:12] [Render thread/INFO]: [System] [CHAT]  - minecraft:tripwire_hook: 8 times
[21:09:12] [Render thread/INFO]: [System] [CHAT]  - minecraft:stick: 9 times
[21:09:12] [Render thread/INFO]: [System] [CHAT]  - minecraft:string: 2 times
[21:09:12] [Render thread/INFO]: [System] [CHAT]  - minecraft:bowl: 15 times
[21:09:12] [Render thread/INFO]: [System] [CHAT]  - minecraft:leather_boots: 9 times
[21:09:12] [Render thread/INFO]: [System] [CHAT]  - minecraft:bone: 10 times
[21:09:12] [Render thread/INFO]: [System] [CHAT]  - minecraft:fishing_rod: 1 times
[21:09:12] [Render thread/INFO]: [System] [CHAT] Elapsed Time: 687:24
[21:09:13] [Render thread/INFO]: [System] [CHAT] Screenshot saved: autofish_20250705_210913.png
[21:09:13] [Render thread/INFO]: [System] [CHAT] Summary saved to: summary_20250705_210913.txt
[21:09:14] [Render thread/INFO]: [System] [CHAT] Saved screenshot as autofish_20250705_210913.png
[21:09:15] [Render thread/INFO]: [System] [CHAT] Inventory cleared.
[21:09:15] [Render thread/INFO]: [System] [CHAT] Rod restored.
[21:09:15] [Server thread/INFO]: [sampleeeeeee: Removed 195 item(s) from player sampleeeeeee]
[21:09:15] [Server thread/INFO]: [sampleeeeeee: Replaced a slot on sampleeeeeee with [Fishing Rod]]
[21:09:15] [Render thread/INFO]: [System] [CHAT] Removed 195 item(s) from player sampleeeeeee
[21:09:15] [Render thread/INFO]: [System] [CHAT] Replaced a slot on sampleeeeeee with [Fishing Rod]
[21:09:15] [Server thread/INFO]: [sampleeeeeee: Applied enchantment Luck of the Sea III to sampleeeeeee's item]
[21:09:15] [Render thread/INFO]: [System] [CHAT] Applied enchantment Luck of the Sea III to sampleeeeeee's item
[21:09:15] [Server thread/INFO]: [sampleeeeeee: Applied enchantment Lure III to sampleeeeeee's item]
[21:09:15] [Server thread/INFO]: [sampleeeeeee: Applied enchantment Unbreaking III to sampleeeeeee's item]
[21:09:15] [Server thread/INFO]: [sampleeeeeee: Applied enchantment Mending to sampleeeeeee's item]
[21:09:15] [Render thread/INFO]: [System] [CHAT] Applied enchantment Lure III to sampleeeeeee's item
[21:09:15] [Render thread/INFO]: [System] [CHAT] Applied enchantment Unbreaking III to sampleeeeeee's item
[21:09:15] [Render thread/INFO]: [System] [CHAT] Applied enchantment Mending to sampleeeeeee's item
[21:09:30] [Render thread/INFO]: [System] [CHAT] Fish caught, but item not detected.
[21:09:49] [Render thread/INFO]: [System] [CHAT] Caught: minecraft:salmon  (Total: 595)
[21:09:49] [Render thread/INFO]: [System] [CHAT] Lap Time: 688:02
[21:10:06] [Render thread/INFO]: [System] [CHAT] Caught: minecraft:cod  (Total: 1357)
[21:10:06] [Render thread/INFO]: [System] [CHAT] Lap Time: 688:18
[21:10:23] [Render thread/INFO]: [System] [CHAT] Caught: minecraft:cod  (Total: 1358)
[21:10:23] [Render thread/INFO]: [System] [CHAT] Lap Time: 688:35
[21:10:36] [Render thread/INFO]: [System] [CHAT] Caught: minecraft:cod  (Total: 1359)
[21:10:36] [Render thread/INFO]: [System] [CHAT] Lap Time: 688:48
[21:10:48] [Render thread/INFO]: [System] [CHAT] Caught: minecraft:cod  (Total: 1360)
[21:10:48] [Render thread/INFO]: [System] [CHAT] Lap Time: 689:01
[21:10:59] [Render thread/INFO]: [System] [CHAT] Fish caught, but item not detected.
[21:11:06] [Render thread/INFO]: [System] [CHAT] Caught: minecraft:enchanted_book  (Total: 13)
[21:11:06] [Render thread/INFO]: [System] [CHAT] Lap Time: 689:19
[21:11:23] [Render thread/INFO]: [System] [CHAT] Caught: minecraft:cod  (Total: 1361)
[21:11:23] [Render thread/INFO]: [System] [CHAT] Lap Time: 689:36
[21:11:30] [Render thread/INFO]: [System] [CHAT] Caught: minecraft:cod  (Total: 1362)
[21:11:30] [Render thread/INFO]: [System] [CHAT] Lap Time: 689:42
[21:11:40] [Render thread/INFO]: [System] [CHAT] Caught: minecraft:salmon  (Total: 596)
[21:11:40] [Render thread/INFO]: [System] [CHAT] Lap Time: 689:52
[21:11:51] [Render thread/INFO]: [System] [CHAT] Caught: minecraft:cod  (Total: 1363)
[21:11:51] [Render thread/INFO]: [System] [CHAT] Lap Time: 690:03
[21:12:09] [Render thread/INFO]: [System] [CHAT] Caught: minecraft:tropical_fish  (Total: 46)
[21:12:09] [Render thread/INFO]: [System] [CHAT] Lap Time: 690:21
[21:12:15] [Render thread/INFO]: [System] [CHAT] Caught: minecraft:cod  (Total: 1364)
[21:12:15] [Render thread/INFO]: [System] [CHAT] Lap Time: 690:27
[21:12:26] [Render thread/INFO]: [System] [CHAT] Caught: minecraft:salmon  (Total: 597)
[21:12:26] [Render thread/INFO]: [System] [CHAT] Lap Time: 690:38
[21:12:35] [Render thread/INFO]: [System] [CHAT] Caught: minecraft:salmon  (Total: 598)
[21:12:35] [Render thread/INFO]: [System] [CHAT] Lap Time: 690:48
[21:12:45] [Render thread/INFO]: [System] [CHAT] Caught: minecraft:salmon  (Total: 599)
[21:12:45] [Render thread/INFO]: [System] [CHAT] Lap Time: 690:57
[21:12:58] [Render thread/INFO]: [System] [CHAT] Caught: minecraft:tropical_fish  (Total: 47)
[21:12:58] [Render thread/INFO]: [System] [CHAT] Lap Time: 691:10
[21:13:04] [Render thread/INFO]: [System] [CHAT] Caught: minecraft:cod  (Total: 1365)
[21:13:04] [Render thread/INFO]: [System] [CHAT] Lap Time: 691:16
[21:13:19] [Render thread/INFO]: [System] [CHAT] Caught: minecraft:pufferfish  (Total: 278)
[21:13:19] [Render thread/INFO]: [System] [CHAT] Lap Time: 691:32
[21:13:33] [Render thread/INFO]: [System] [CHAT] Caught: minecraft:cod  (Total: 1366)
[21:13:33] [Render thread/INFO]: [System] [CHAT] Lap Time: 691:45
[21:13:40] [Render thread/INFO]: [System] [CHAT] Caught: minecraft:pufferfish  (Total: 279)
[21:13:40] [Render thread/INFO]: [System] [CHAT] Lap Time: 691:52
[21:13:58] [Render thread/INFO]: [System] [CHAT] Caught: minecraft:cod  (Total: 1367)
[21:13:58] [Render thread/INFO]: [System] [CHAT] Lap Time: 692:11
[21:14:12] [Render thread/INFO]: [System] [CHAT] Caught: minecraft:cod  (Total: 1368)
[21:14:12] [Render thread/INFO]: [System] [CHAT] Lap Time: 692:24
[21:14:32] [Render thread/INFO]: [System] [CHAT] Caught: minecraft:rotten_flesh  (Total: 14)
[21:14:32] [Render thread/INFO]: [System] [CHAT] Lap Time: 692:44
[21:14:43] [Render thread/INFO]: [System] [CHAT] Caught: minecraft:cod  (Total: 1369)
[21:14:43] [Render thread/INFO]: [System] [CHAT] Lap Time: 692:56
[21:15:01] [Render thread/INFO]: [System] [CHAT] Caught: minecraft:pufferfish  (Total: 280)
[21:15:01] [Render thread/INFO]: [System] [CHAT] Lap Time: 693:13
[21:15:18] [Render thread/INFO]: [System] [CHAT] Caught: minecraft:cod  (Total: 1370)
[21:15:18] [Render thread/INFO]: [System] [CHAT] Lap Time: 693:30
[21:15:26] [Render thread/INFO]: [System] [CHAT] Caught: minecraft:cod  (Total: 1371)
[21:15:26] [Render thread/INFO]: [System] [CHAT] Lap Time: 693:38
[21:15:37] [Render thread/INFO]: [System] [CHAT] Caught: minecraft:salmon  (Total: 600)
[21:15:37] [Render thread/INFO]: [System] [CHAT] Lap Time: 693:49
[21:15:56] [Render thread/INFO]: [System] [CHAT] Caught: minecraft:bow  (Total: 13)
[21:15:56] [Render thread/INFO]: [System] [CHAT] Lap Time: 694:09
[21:16:10] [Render thread/INFO]: [System] [CHAT] Caught: minecraft:name_tag  (Total: 41)
[21:16:10] [Render thread/INFO]: [System] [CHAT] Lap Time: 694:23
[21:16:16] [Render thread/INFO]: [System] [CHAT] Caught: minecraft:salmon  (Total: 601)
[21:16:16] [Render thread/INFO]: [System] [CHAT] Lap Time: 694:28
[21:16:26] [Render thread/INFO]: [System] [CHAT] Caught: minecraft:salmon  (Total: 602)
[21:16:26] [Render thread/INFO]: [System] [CHAT] Lap Time: 694:38
[21:16:35] [Render thread/INFO]: [System] [CHAT] Caught: minecraft:cod  (Total: 1372)
[21:16:35] [Render thread/INFO]: [System] [CHAT] Lap Time: 694:48
[21:16:44] [Render thread/INFO]: [System] [CHAT] Caught: minecraft:salmon  (Total: 603)
[21:16:44] [Render thread/INFO]: [System] [CHAT] Lap Time: 694:57
[21:17:03] [Render thread/INFO]: [System] [CHAT] Caught: minecraft:salmon  (Total: 604)
[21:17:03] [Render thread/INFO]: [System] [CHAT] Lap Time: 695:15
[21:17:16] [Render thread/INFO]: [System] [CHAT] Caught: minecraft:salmon  (Total: 605)
[21:17:16] [Render thread/INFO]: [System] [CHAT] Lap Time: 695:28
[21:17:24] [Render thread/INFO]: [System] [CHAT] Caught: minecraft:cod  (Total: 1373)
[21:17:24] [Render thread/INFO]: [System] [CHAT] Lap Time: 695:36
[21:17:36] [Render thread/INFO]: [System] [CHAT] Caught: minecraft:cod  (Total: 1374)
[21:17:36] [Render thread/INFO]: [System] [CHAT] Lap Time: 695:48
[21:17:50] [Render thread/INFO]: [System] [CHAT] Caught: minecraft:salmon  (Total: 606)
[21:17:50] [Render thread/INFO]: [System] [CHAT] Lap Time: 696:02
[21:18:01] [Render thread/INFO]: [System] [CHAT] Caught: minecraft:cod  (Total: 1375)
[21:18:01] [Render thread/INFO]: [System] [CHAT] Lap Time: 696:13
[21:18:20] [Render thread/INFO]: [System] [CHAT] Fish caught, but item not detected.
[21:18:28] [Render thread/INFO]: [System] [CHAT] Fish caught, but item not detected.
[21:18:41] [Render thread/INFO]: [System] [CHAT] Caught: minecraft:string  (Total: 3)
[21:18:41] [Render thread/INFO]: [System] [CHAT] Lap Time: 696:53
[21:19:02] [Render thread/INFO]: [System] [CHAT] Caught: minecraft:saddle  (Total: 12)
[21:19:02] [Render thread/INFO]: [System] [CHAT] Lap Time: 697:14
[21:19:12] [Render thread/INFO]: [System] [CHAT] Caught: minecraft:nautilus_shell  (Total: 49)
[21:19:12] [Render thread/INFO]: [System] [CHAT] Lap Time: 697:25
[21:19:24] [Render thread/INFO]: [System] [CHAT] Caught: minecraft:cod  (Total: 1376)
[21:19:24] [Render thread/INFO]: [System] [CHAT] Lap Time: 697:37
[21:19:39] [Render thread/INFO]: [System] [CHAT] Caught: minecraft:cod  (Total: 1377)
[21:19:39] [Render thread/INFO]: [System] [CHAT] Lap Time: 697:51
[21:19:49] [Render thread/INFO]: [System] [CHAT] Caught: minecraft:cod  (Total: 1378)
[21:19:49] [Render thread/INFO]: [System] [CHAT] Lap Time: 698:01
[21:20:07] [Render thread/INFO]: [System] [CHAT] Caught: minecraft:cod  (Total: 1379)
[21:20:07] [Render thread/INFO]: [System] [CHAT] Lap Time: 698:19
[21:20:18] [Render thread/INFO]: [System] [CHAT] Caught: minecraft:name_tag  (Total: 42)
[21:20:18] [Render thread/INFO]: [System] [CHAT] Lap Time: 698:31
[21:20:28] [Render thread/INFO]: [System] [CHAT] Fish caught, but item not detected.
[21:20:47] [Render thread/INFO]: [System] [CHAT] Fish caught, but item not detected.
[21:21:04] [Render thread/INFO]: [System] [CHAT] Caught: minecraft:cod  (Total: 1380)
[21:21:04] [Render thread/INFO]: [System] [CHAT] Lap Time: 699:16
[21:21:18] [Render thread/INFO]: [System] [CHAT] Caught: minecraft:cod  (Total: 1381)
[21:21:18] [Render thread/INFO]: [System] [CHAT] Lap Time: 699:30
[21:21:28] [Render thread/INFO]: [System] [CHAT] Caught: minecraft:cod  (Total: 1382)
[21:21:28] [Render thread/INFO]: [System] [CHAT] Lap Time: 699:40
[21:21:47] [Render thread/INFO]: [System] [CHAT] Caught: minecraft:salmon  (Total: 607)
[21:21:47] [Render thread/INFO]: [System] [CHAT] Lap Time: 699:59
[21:21:56] [Render thread/INFO]: [System] [CHAT] Caught: minecraft:pufferfish  (Total: 281)
[21:21:56] [Render thread/INFO]: [System] [CHAT] Lap Time: 700:09
[21:22:05] [Render thread/INFO]: [System] [CHAT] Fish caught, but item not detected.
[21:22:23] [Render thread/INFO]: [System] [CHAT] Caught: minecraft:pufferfish  (Total: 282)
[21:22:23] [Render thread/INFO]: [System] [CHAT] Lap Time: 700:35
[21:22:33] [Render thread/INFO]: [System] [CHAT] Caught: minecraft:cod  (Total: 1383)
[21:22:33] [Render thread/INFO]: [System] [CHAT] Lap Time: 700:45
[21:22:46] [Render thread/INFO]: [System] [CHAT] Caught: minecraft:cod  (Total: 1384)
[21:22:46] [Render thread/INFO]: [System] [CHAT] Lap Time: 700:59
[21:23:03] [Render thread/INFO]: [System] [CHAT] Caught: minecraft:cod  (Total: 1385)
[21:23:03] [Render thread/INFO]: [System] [CHAT] Lap Time: 701:15
[21:23:15] [Render thread/INFO]: [System] [CHAT] Caught: minecraft:name_tag  (Total: 43)
[21:23:15] [Render thread/INFO]: [System] [CHAT] Lap Time: 701:27
[21:23:36] [Render thread/INFO]: [System] [CHAT] Fish caught, but item not detected.
[21:23:56] [Render thread/INFO]: [System] [CHAT] Caught: minecraft:lily_pad  (Total: 23)
[21:23:56] [Render thread/INFO]: [System] [CHAT] Lap Time: 702:09
[21:24:16] [Render thread/INFO]: [System] [CHAT] Caught: minecraft:tropical_fish  (Total: 48)
[21:24:16] [Render thread/INFO]: [System] [CHAT] Lap Time: 702:28
[21:24:27] [Render thread/INFO]: [System] [CHAT] Caught: minecraft:salmon  (Total: 608)
[21:24:27] [Render thread/INFO]: [System] [CHAT] Lap Time: 702:39
[21:24:47] [Render thread/INFO]: [System] [CHAT] Fish caught, but item not detected.
[21:25:08] [Render thread/INFO]: [System] [CHAT] Caught: minecraft:pufferfish  (Total: 283)
[21:25:08] [Render thread/INFO]: [System] [CHAT] Lap Time: 703:20
[21:25:25] [Render thread/INFO]: [System] [CHAT] Caught: minecraft:cod  (Total: 1386)
[21:25:25] [Render thread/INFO]: [System] [CHAT] Lap Time: 703:37
[21:25:44] [Render thread/INFO]: [System] [CHAT] Caught: minecraft:salmon  (Total: 609)
[21:25:44] [Render thread/INFO]: [System] [CHAT] Lap Time: 703:56
[21:26:04] [Render thread/INFO]: [System] [CHAT] Caught: minecraft:cod  (Total: 1387)
[21:26:04] [Render thread/INFO]: [System] [CHAT] Lap Time: 704:16
[21:26:14] [Render thread/INFO]: [System] [CHAT] Caught: minecraft:pufferfish  (Total: 284)
[21:26:14] [Render thread/INFO]: [System] [CHAT] Lap Time: 704:26
[21:26:34] [Render thread/INFO]: [System] [CHAT] Caught: minecraft:name_tag  (Total: 44)
[21:26:34] [Render thread/INFO]: [System] [CHAT] Lap Time: 704:46
[21:26:49] [Render thread/INFO]: [System] [CHAT] Caught: minecraft:salmon  (Total: 610)
[21:26:49] [Render thread/INFO]: [System] [CHAT] Lap Time: 705:01
[21:27:07] [Render thread/INFO]: [System] [CHAT] Caught: minecraft:pufferfish  (Total: 285)
[21:27:07] [Render thread/INFO]: [System] [CHAT] Lap Time: 705:20
[21:27:26] [Render thread/INFO]: [System] [CHAT] Caught: minecraft:cod  (Total: 1388)
[21:27:26] [Render thread/INFO]: [System] [CHAT] Lap Time: 705:38
[21:27:47] [Render thread/INFO]: [System] [CHAT] Fish caught, but item not detected.
[21:27:58] [Render thread/INFO]: [System] [CHAT] Fish caught, but item not detected.
[21:28:12] [Render thread/INFO]: [System] [CHAT] Fish caught, but item not detected.
[21:28:19] [Render thread/INFO]: [System] [CHAT] Fish caught, but item not detected.
[21:28:32] [Render thread/INFO]: [System] [CHAT] Fish caught, but item not detected.
[21:28:42] [Render thread/INFO]: [System] [CHAT] Caught: minecraft:salmon  (Total: 611)
[21:28:42] [Render thread/INFO]: [System] [CHAT] Lap Time: 706:55
[21:28:54] [Render thread/INFO]: [System] [CHAT] Caught: minecraft:cod  (Total: 1389)
[21:28:54] [Render thread/INFO]: [System] [CHAT] Lap Time: 707:07
[21:29:04] [Render thread/INFO]: [System] [CHAT] Fish caught, but item not detected.
[21:29:21] [Render thread/INFO]: [System] [CHAT] Fish caught, but item not detected.
[21:29:38] [Render thread/INFO]: [System] [CHAT] Fish caught, but item not detected.
[21:29:49] [Render thread/INFO]: [System] [CHAT] Caught: minecraft:salmon  (Total: 612)
[21:29:49] [Render thread/INFO]: [System] [CHAT] Lap Time: 708:01
[21:30:02] [Render thread/INFO]: [System] [CHAT] Caught: minecraft:cod  (Total: 1390)
[21:30:02] [Render thread/INFO]: [System] [CHAT] Lap Time: 708:15
[21:30:18] [Render thread/INFO]: [System] [CHAT] Caught: minecraft:cod  (Total: 1391)
[21:30:18] [Render thread/INFO]: [System] [CHAT] Lap Time: 708:30
[21:30:37] [Render thread/INFO]: [System] [CHAT] Caught: minecraft:cod  (Total: 1392)
[21:30:37] [Render thread/INFO]: [System] [CHAT] Lap Time: 708:49
[21:30:46] [Render thread/INFO]: [System] [CHAT] Caught: minecraft:cod  (Total: 1393)
[21:30:46] [Render thread/INFO]: [System] [CHAT] Lap Time: 708:58
[21:30:56] [Render thread/INFO]: [System] [CHAT] Caught: minecraft:salmon  (Total: 613)
[21:30:56] [Render thread/INFO]: [System] [CHAT] Lap Time: 709:08
[21:31:18] [Render thread/INFO]: [System] [CHAT] Caught: minecraft:cod  (Total: 1394)
[21:31:18] [Render thread/INFO]: [System] [CHAT] Lap Time: 709:30
[21:31:37] [Render thread/INFO]: [System] [CHAT] Caught: minecraft:cod  (Total: 1395)
[21:31:37] [Render thread/INFO]: [System] [CHAT] Lap Time: 709:49
[21:31:49] [Render thread/INFO]: [System] [CHAT] Fish caught, but item not detected.
[21:32:06] [Render thread/INFO]: [System] [CHAT] Caught: minecraft:cod  (Total: 1396)
[21:32:06] [Render thread/INFO]: [System] [CHAT] Lap Time: 710:18
[21:32:23] [Render thread/INFO]: [System] [CHAT] Caught: minecraft:lily_pad  (Total: 24)
[21:32:23] [Render thread/INFO]: [System] [CHAT] Lap Time: 710:35
[21:32:42] [Render thread/INFO]: [System] [CHAT] Caught: minecraft:salmon  (Total: 614)
[21:32:42] [Render thread/INFO]: [System] [CHAT] Lap Time: 710:54
[21:33:02] [Render thread/INFO]: [System] [CHAT] Caught: minecraft:cod  (Total: 1397)
[21:33:02] [Render thread/INFO]: [System] [CHAT] Lap Time: 711:14
[21:33:09] [Render thread/INFO]: [System] [CHAT] Caught: minecraft:stick  (Total: 10)
[21:33:09] [Render thread/INFO]: [System] [CHAT] Lap Time: 711:21
[21:33:25] [Render thread/INFO]: [System] [CHAT] Caught: minecraft:cod  (Total: 1398)
[21:33:25] [Render thread/INFO]: [System] [CHAT] Lap Time: 711:37
[21:33:32] [Render thread/INFO]: [System] [CHAT] Caught: minecraft:cod  (Total: 1399)
[21:33:32] [Render thread/INFO]: [System] [CHAT] Lap Time: 711:44
[21:33:43] [Render thread/INFO]: [System] [CHAT] Fish caught, but item not detected.
[21:34:00] [Render thread/INFO]: [System] [CHAT] Fish caught, but item not detected.
[21:34:17] [Render thread/INFO]: [System] [CHAT] Fish caught, but item not detected.
[21:34:38] [Render thread/INFO]: [System] [CHAT] Caught: minecraft:cod  (Total: 1400)
[21:34:38] [Render thread/INFO]: [System] [CHAT] Lap Time: 712:50
[21:34:48] [Render thread/INFO]: [System] [CHAT] Caught: minecraft:cod  (Total: 1401)
[21:34:48] [Render thread/INFO]: [System] [CHAT] Lap Time: 713:00
[21:35:04] [Render thread/INFO]: [System] [CHAT] Caught: minecraft:salmon  (Total: 615)
[21:35:04] [Render thread/INFO]: [System] [CHAT] Lap Time: 713:17
[21:35:11] [Render thread/INFO]: [System] [CHAT] Caught: minecraft:pufferfish  (Total: 286)
[21:35:11] [Render thread/INFO]: [System] [CHAT] Lap Time: 713:23
[21:35:27] [Render thread/INFO]: [System] [CHAT] Caught: minecraft:cod  (Total: 1402)
[21:35:27] [Render thread/INFO]: [System] [CHAT] Lap Time: 713:39
[21:35:40] [Render thread/INFO]: [System] [CHAT] Fish caught, but item not detected.
[21:35:59] [Render thread/INFO]: [System] [CHAT] Fish caught, but item not detected.
[21:36:14] [Render thread/INFO]: [System] [CHAT] Caught: minecraft:cod  (Total: 1403)
[21:36:14] [Render thread/INFO]: [System] [CHAT] Lap Time: 714:26
[21:36:28] [Render thread/INFO]: [System] [CHAT] Caught: minecraft:salmon  (Total: 616)
[21:36:28] [Render thread/INFO]: [System] [CHAT] Lap Time: 714:40
[21:36:44] [Render thread/INFO]: [System] [CHAT] Caught: minecraft:tropical_fish  (Total: 49)
[21:36:44] [Render thread/INFO]: [System] [CHAT] Lap Time: 714:56
[21:37:03] [Render thread/INFO]: [System] [CHAT] Caught: minecraft:cod  (Total: 1404)
[21:37:03] [Render thread/INFO]: [System] [CHAT] Lap Time: 715:15
[21:37:15] [Render thread/INFO]: [System] [CHAT] Caught: minecraft:salmon  (Total: 617)
[21:37:15] [Render thread/INFO]: [System] [CHAT] Lap Time: 715:27
[21:37:32] [Render thread/INFO]: [System] [CHAT] Caught: minecraft:salmon  (Total: 618)
[21:37:32] [Render thread/INFO]: [System] [CHAT] Lap Time: 715:44
[21:37:42] [Render thread/INFO]: [System] [CHAT] Fish caught, but item not detected.
[21:38:02] [Render thread/INFO]: [System] [CHAT] Caught: minecraft:cod  (Total: 1405)
[21:38:02] [Render thread/INFO]: [System] [CHAT] Lap Time: 716:14
[21:38:21] [Render thread/INFO]: [System] [CHAT] Caught: minecraft:pufferfish  (Total: 287)
[21:38:21] [Render thread/INFO]: [System] [CHAT] Lap Time: 716:33
[21:38:29] [Render thread/INFO]: [System] [CHAT] Caught: minecraft:cod  (Total: 1406)
[21:38:29] [Render thread/INFO]: [System] [CHAT] Lap Time: 716:42
[21:38:45] [Render thread/INFO]: [System] [CHAT] Caught: minecraft:salmon  (Total: 619)
[21:38:45] [Render thread/INFO]: [System] [CHAT] Lap Time: 716:57
[21:38:53] [Render thread/INFO]: [System] [CHAT] Caught: minecraft:name_tag  (Total: 45)
[21:38:53] [Render thread/INFO]: [System] [CHAT] Lap Time: 717:05
[21:39:00] [Render thread/INFO]: [System] [CHAT] Caught: minecraft:pufferfish  (Total: 288)
[21:39:00] [Render thread/INFO]: [System] [CHAT] Lap Time: 717:12
[21:39:09] [Render thread/INFO]: [System] [CHAT] Caught: minecraft:pufferfish  (Total: 289)
[21:39:09] [Render thread/INFO]: [System] [CHAT] Lap Time: 717:21
[21:39:26] [Render thread/INFO]: [System] [CHAT] Caught: minecraft:cod  (Total: 1407)
[21:39:26] [Render thread/INFO]: [System] [CHAT] Lap Time: 717:38
[21:39:40] [Render thread/INFO]: [System] [CHAT] Caught: minecraft:salmon  (Total: 620)
[21:39:40] [Render thread/INFO]: [System] [CHAT] Lap Time: 717:52
[21:39:56] [Render thread/INFO]: [System] [CHAT] Caught: minecraft:salmon  (Total: 621)
[21:39:56] [Render thread/INFO]: [System] [CHAT] Lap Time: 718:08
[21:40:12] [Render thread/INFO]: [System] [CHAT] Fish caught, but item not detected.
[21:40:30] [Render thread/INFO]: [System] [CHAT] Caught: minecraft:cod  (Total: 1408)
[21:40:30] [Render thread/INFO]: [System] [CHAT] Lap Time: 718:42
[21:40:40] [Render thread/INFO]: [System] [CHAT] Caught: minecraft:tropical_fish  (Total: 50)
[21:40:40] [Render thread/INFO]: [System] [CHAT] Lap Time: 718:52
[21:40:50] [Render thread/INFO]: [System] [CHAT] Caught: minecraft:pufferfish  (Total: 290)
[21:40:50] [Render thread/INFO]: [System] [CHAT] Lap Time: 719:02
[21:41:12] [Render thread/INFO]: [System] [CHAT] Fish caught, but item not detected.
[21:41:27] [Render thread/INFO]: [System] [CHAT] Caught: minecraft:cod  (Total: 1409)
[21:41:27] [Render thread/INFO]: [System] [CHAT] Lap Time: 719:40
[21:41:39] [Render thread/INFO]: [System] [CHAT] Caught: minecraft:salmon  (Total: 622)
[21:41:39] [Render thread/INFO]: [System] [CHAT] Lap Time: 719:52
[21:42:00] [Render thread/INFO]: [System] [CHAT] Caught: minecraft:pufferfish  (Total: 291)
[21:42:00] [Render thread/INFO]: [System] [CHAT] Lap Time: 720:12
[21:42:20] [Render thread/INFO]: [System] [CHAT] Caught: minecraft:cod  (Total: 1410)
[21:42:20] [Render thread/INFO]: [System] [CHAT] Lap Time: 720:32
[21:42:34] [Render thread/INFO]: [System] [CHAT] Caught: minecraft:cod  (Total: 1411)
[21:42:34] [Render thread/INFO]: [System] [CHAT] Lap Time: 720:46
[21:42:45] [Render thread/INFO]: [System] [CHAT] Caught: minecraft:cod  (Total: 1412)
[21:42:45] [Render thread/INFO]: [System] [CHAT] Lap Time: 720:57
[21:42:56] [Render thread/INFO]: [System] [CHAT] Caught: minecraft:cod  (Total: 1413)
[21:42:56] [Render thread/INFO]: [System] [CHAT] Lap Time: 721:08
[21:43:04] [Render thread/INFO]: [System] [CHAT] Caught: minecraft:cod  (Total: 1414)
[21:43:04] [Render thread/INFO]: [System] [CHAT] Lap Time: 721:17
[21:43:24] [Render thread/INFO]: [System] [CHAT] Caught: minecraft:rotten_flesh  (Total: 15)
[21:43:24] [Render thread/INFO]: [System] [CHAT] Lap Time: 721:36
[21:43:38] [Render thread/INFO]: [System] [CHAT] Fish caught, but item not detected.
[21:43:47] [Render thread/INFO]: [System] [CHAT] Fish caught, but item not detected.
[21:44:10] [Render thread/INFO]: [System] [CHAT] Fish caught, but item not detected.
[21:44:29] [Render thread/INFO]: [System] [CHAT] Caught: minecraft:salmon  (Total: 623)
[21:44:29] [Render thread/INFO]: [System] [CHAT] Lap Time: 722:42
[21:44:40] [Render thread/INFO]: [System] [CHAT] Caught: minecraft:pufferfish  (Total: 292)
[21:44:40] [Render thread/INFO]: [System] [CHAT] Lap Time: 722:53
[21:44:52] [Render thread/INFO]: [System] [CHAT] Caught: minecraft:nautilus_shell  (Total: 50)
[21:44:52] [Render thread/INFO]: [System] [CHAT] Lap Time: 723:04
[21:45:01] [Render thread/INFO]: [System] [CHAT] Caught: minecraft:salmon  (Total: 624)
[21:45:01] [Render thread/INFO]: [System] [CHAT] Lap Time: 723:13
[21:45:11] [Render thread/INFO]: [System] [CHAT] Caught: minecraft:cod  (Total: 1415)
[21:45:11] [Render thread/INFO]: [System] [CHAT] Lap Time: 723:23
[21:45:20] [Render thread/INFO]: [System] [CHAT] Caught: minecraft:salmon  (Total: 625)
[21:45:20] [Render thread/INFO]: [System] [CHAT] Lap Time: 723:32
[21:45:34] [Render thread/INFO]: [System] [CHAT] Caught: minecraft:cod  (Total: 1416)
[21:45:34] [Render thread/INFO]: [System] [CHAT] Lap Time: 723:46
[21:45:45] [Render thread/INFO]: [System] [CHAT] Caught: minecraft:salmon  (Total: 626)
[21:45:45] [Render thread/INFO]: [System] [CHAT] Lap Time: 723:57
[21:46:07] [Render thread/INFO]: [System] [CHAT] Fish caught, but item not detected.
[21:46:23] [Render thread/INFO]: [System] [CHAT] Caught: minecraft:salmon  (Total: 627)
[21:46:23] [Render thread/INFO]: [System] [CHAT] Lap Time: 724:36
[21:46:35] [Render thread/INFO]: [System] [CHAT] Caught: minecraft:cod  (Total: 1417)
[21:46:35] [Render thread/INFO]: [System] [CHAT] Lap Time: 724:47
[21:46:57] [Render thread/INFO]: [System] [CHAT] Caught: minecraft:lily_pad  (Total: 25)
[21:46:57] [Render thread/INFO]: [System] [CHAT] Lap Time: 725:09
[21:47:13] [Render thread/INFO]: [System] [CHAT] Caught: minecraft:cod  (Total: 1418)
[21:47:13] [Render thread/INFO]: [System] [CHAT] Lap Time: 725:25
[21:47:25] [Render thread/INFO]: [System] [CHAT] Caught: minecraft:cod  (Total: 1419)
[21:47:25] [Render thread/INFO]: [System] [CHAT] Lap Time: 725:37
[21:47:39] [Render thread/INFO]: [System] [CHAT] Fish caught, but item not detected.
[21:47:49] [Render thread/INFO]: [System] [CHAT] Caught: minecraft:cod  (Total: 1420)
[21:47:49] [Render thread/INFO]: [System] [CHAT] Lap Time: 726:02
[21:48:00] [Render thread/INFO]: [System] [CHAT] Caught: minecraft:salmon  (Total: 628)
[21:48:00] [Render thread/INFO]: [System] [CHAT] Lap Time: 726:12
[21:48:11] [Render thread/INFO]: [System] [CHAT] Caught: minecraft:salmon  (Total: 629)
[21:48:11] [Render thread/INFO]: [System] [CHAT] Lap Time: 726:23
[21:48:30] [Render thread/INFO]: [System] [CHAT] Caught: minecraft:cod  (Total: 1421)
[21:48:30] [Render thread/INFO]: [System] [CHAT] Lap Time: 726:43
[21:48:51] [Render thread/INFO]: [System] [CHAT] Caught: minecraft:cod  (Total: 1422)
[21:48:51] [Render thread/INFO]: [System] [CHAT] Lap Time: 727:03
[21:49:02] [Render thread/INFO]: [System] [CHAT] Caught: minecraft:name_tag  (Total: 46)
[21:49:02] [Render thread/INFO]: [System] [CHAT] Lap Time: 727:14
[21:49:14] [Render thread/INFO]: [System] [CHAT] Caught: minecraft:salmon  (Total: 630)
[21:49:14] [Render thread/INFO]: [System] [CHAT] Lap Time: 727:26
[21:49:29] [Render thread/INFO]: [System] [CHAT] Caught: minecraft:salmon  (Total: 631)
[21:49:29] [Render thread/INFO]: [System] [CHAT] Lap Time: 727:41
[21:49:44] [Render thread/INFO]: [System] [CHAT] Caught: minecraft:pufferfish  (Total: 293)
[21:49:44] [Render thread/INFO]: [System] [CHAT] Lap Time: 727:56
[21:49:58] [Render thread/INFO]: [System] [CHAT] Caught: minecraft:cod  (Total: 1423)
[21:49:58] [Render thread/INFO]: [System] [CHAT] Lap Time: 728:10
[21:50:07] [Render thread/INFO]: [System] [CHAT] Caught: minecraft:pufferfish  (Total: 294)
[21:50:07] [Render thread/INFO]: [System] [CHAT] Lap Time: 728:19
[21:50:27] [Render thread/INFO]: [System] [CHAT] Caught: minecraft:cod  (Total: 1424)
[21:50:27] [Render thread/INFO]: [System] [CHAT] Lap Time: 728:39
[21:50:40] [Render thread/INFO]: [System] [CHAT] Caught: minecraft:cod  (Total: 1425)
[21:50:40] [Render thread/INFO]: [System] [CHAT] Lap Time: 728:53
[21:50:53] [Render thread/INFO]: [System] [CHAT] Fish caught, but item not detected.
[21:51:10] [Render thread/INFO]: [System] [CHAT] Caught: minecraft:cod  (Total: 1426)
[21:51:10] [Render thread/INFO]: [System] [CHAT] Lap Time: 729:22
[21:51:27] [Render thread/INFO]: [System] [CHAT] Caught: minecraft:cod  (Total: 1427)
[21:51:27] [Render thread/INFO]: [System] [CHAT] Lap Time: 729:39
[21:51:46] [Render thread/INFO]: [System] [CHAT] Fish caught, but item not detected.
[21:51:54] [Render thread/INFO]: [System] [CHAT] Fish caught, but item not detected.
[21:52:08] [Render thread/INFO]: [System] [CHAT] Fish caught, but item not detected.
[21:52:19] [Render thread/INFO]: [System] [CHAT] Caught: minecraft:pufferfish  (Total: 295)
[21:52:19] [Render thread/INFO]: [System] [CHAT] Lap Time: 730:31
[21:52:34] [Render thread/INFO]: [System] [CHAT] Caught: minecraft:cod  (Total: 1428)
[21:52:34] [Render thread/INFO]: [System] [CHAT] Lap Time: 730:46
[21:52:55] [Render thread/INFO]: [System] [CHAT] Caught: minecraft:nautilus_shell  (Total: 51)
[21:52:55] [Render thread/INFO]: [System] [CHAT] Lap Time: 731:07
[21:53:12] [Render thread/INFO]: [System] [CHAT] Fish caught, but item not detected.
[21:53:29] [Render thread/INFO]: [System] [CHAT] Fish caught, but item not detected.
[21:53:41] [Render thread/INFO]: [System] [CHAT] Caught: minecraft:cod  (Total: 1429)
[21:53:41] [Render thread/INFO]: [System] [CHAT] Lap Time: 731:54
[21:53:57] [Render thread/INFO]: [System] [CHAT] Caught: minecraft:cod  (Total: 1430)
[21:53:57] [Render thread/INFO]: [System] [CHAT] Lap Time: 732:09
[21:54:09] [Render thread/INFO]: [System] [CHAT] Fish caught, but item not detected.
[21:54:26] [Render thread/INFO]: [System] [CHAT] Caught: minecraft:salmon  (Total: 632)
[21:54:26] [Render thread/INFO]: [System] [CHAT] Lap Time: 732:38
[21:54:39] [Render thread/INFO]: [System] [CHAT] Caught: minecraft:cod  (Total: 1431)
[21:54:39] [Render thread/INFO]: [System] [CHAT] Lap Time: 732:51
[21:54:43] [Server thread/INFO]: Saving and pausing game...
[21:54:44] [Server thread/INFO]: Saving chunks for level 'ServerLevel[New World]'/minecraft:overworld
[21:54:44] [Server thread/INFO]: Saving chunks for level 'ServerLevel[New World]'/minecraft:the_end
[21:54:44] [Server thread/INFO]: Saving chunks for level 'ServerLevel[New World]'/minecraft:the_nether
[21:55:12] [Render thread/INFO]: [System] [CHAT] No bite.
[21:55:30] [Render thread/INFO]: [System] [CHAT] Fish caught, but item not detected.
[21:55:46] [Render thread/INFO]: [System] [CHAT] Caught: minecraft:pufferfish  (Total: 296)
[21:55:46] [Render thread/INFO]: [System] [CHAT] Lap Time: 733:58
[21:56:01] [Render thread/INFO]: [System] [CHAT] Caught: minecraft:cod  (Total: 1432)
[21:56:01] [Render thread/INFO]: [System] [CHAT] Lap Time: 734:13
[21:56:10] [Render thread/INFO]: [System] [CHAT] Caught: minecraft:tripwire_hook  (Total: 9)
[21:56:10] [Render thread/INFO]: [System] [CHAT] Lap Time: 734:22
[21:56:19] [Render thread/INFO]: [System] [CHAT] Caught: minecraft:cod  (Total: 1433)
[21:56:19] [Render thread/INFO]: [System] [CHAT] Lap Time: 734:32
[21:56:28] [Render thread/INFO]: [System] [CHAT] Caught: minecraft:cod  (Total: 1434)
[21:56:28] [Render thread/INFO]: [System] [CHAT] Lap Time: 734:40
[21:56:48] [Render thread/INFO]: [System] [CHAT] Caught: minecraft:cod  (Total: 1435)
[21:56:48] [Render thread/INFO]: [System] [CHAT] Lap Time: 735:00
[21:56:54] [Render thread/INFO]: [System] [CHAT] Caught: minecraft:leather_boots  (Total: 10)
[21:56:54] [Render thread/INFO]: [System] [CHAT] Lap Time: 735:06
[21:57:05] [Render thread/INFO]: [System] [CHAT] Caught: minecraft:cod  (Total: 1436)
[21:57:05] [Render thread/INFO]: [System] [CHAT] Lap Time: 735:17
[21:57:12] [Render thread/INFO]: [System] [CHAT] Caught: minecraft:cod  (Total: 1437)
[21:57:12] [Render thread/INFO]: [System] [CHAT] Lap Time: 735:25
[21:57:26] [Render thread/INFO]: [System] [CHAT] Caught: minecraft:cod  (Total: 1438)
[21:57:26] [Render thread/INFO]: [System] [CHAT] Lap Time: 735:38
[21:57:40] [Render thread/INFO]: [System] [CHAT] Caught: minecraft:potion  (Total: 8)
[21:57:40] [Render thread/INFO]: [System] [CHAT] Lap Time: 735:52
[21:57:58] [Render thread/INFO]: [System] [CHAT] Caught: minecraft:cod  (Total: 1439)
[21:57:58] [Render thread/INFO]: [System] [CHAT] Lap Time: 736:10
[21:58:17] [Render thread/INFO]: [System] [CHAT] Caught: minecraft:pufferfish  (Total: 297)
[21:58:17] [Render thread/INFO]: [System] [CHAT] Lap Time: 736:29
[21:58:24] [Render thread/INFO]: [System] [CHAT] Caught: minecraft:salmon  (Total: 633)
[21:58:24] [Render thread/INFO]: [System] [CHAT] Lap Time: 736:36
[21:58:35] [Render thread/INFO]: [System] [CHAT] Caught: minecraft:salmon  (Total: 634)
[21:58:35] [Render thread/INFO]: [System] [CHAT] Lap Time: 736:48
[21:58:47] [Render thread/INFO]: [System] [CHAT] Caught: minecraft:cod  (Total: 1440)
[21:58:47] [Render thread/INFO]: [System] [CHAT] Lap Time: 736:59
[21:59:07] [Render thread/INFO]: [System] [CHAT] Caught: minecraft:cod  (Total: 1441)
[21:59:07] [Render thread/INFO]: [System] [CHAT] Lap Time: 737:19
[21:59:14] [Render thread/INFO]: [System] [CHAT] Caught: minecraft:salmon  (Total: 635)
[21:59:14] [Render thread/INFO]: [System] [CHAT] Lap Time: 737:27
[21:59:28] [Render thread/INFO]: [System] [CHAT] Caught: minecraft:cod  (Total: 1442)
[21:59:28] [Render thread/INFO]: [System] [CHAT] Lap Time: 737:41
[21:59:47] [Render thread/INFO]: [System] [CHAT] Fish caught, but item not detected.
[22:00:04] [Render thread/INFO]: [System] [CHAT] Caught: minecraft:cod  (Total: 1443)
[22:00:04] [Render thread/INFO]: [System] [CHAT] Lap Time: 738:17
[22:00:23] [Render thread/INFO]: [System] [CHAT] Caught: minecraft:salmon  (Total: 636)
[22:00:23] [Render thread/INFO]: [System] [CHAT] Lap Time: 738:35
[22:00:34] [Render thread/INFO]: [System] [CHAT] Caught: minecraft:cod  (Total: 1444)
[22:00:34] [Render thread/INFO]: [System] [CHAT] Lap Time: 738:46
[22:00:45] [Render thread/INFO]: [System] [CHAT] Caught: minecraft:nautilus_shell  (Total: 52)
[22:00:45] [Render thread/INFO]: [System] [CHAT] Lap Time: 738:57
[22:01:04] [Render thread/INFO]: [System] [CHAT] Caught: minecraft:salmon  (Total: 637)
[22:01:04] [Render thread/INFO]: [System] [CHAT] Lap Time: 739:17
[22:01:13] [Render thread/INFO]: [System] [CHAT] Caught: minecraft:name_tag  (Total: 47)
[22:01:13] [Render thread/INFO]: [System] [CHAT] Lap Time: 739:25
[22:01:28] [Render thread/INFO]: [System] [CHAT] Caught: minecraft:pufferfish  (Total: 298)
[22:01:28] [Render thread/INFO]: [System] [CHAT] Lap Time: 739:40
[22:01:43] [Render thread/INFO]: [System] [CHAT] Caught: minecraft:cod  (Total: 1445)
[22:01:43] [Render thread/INFO]: [System] [CHAT] Lap Time: 739:55
[22:02:01] [Render thread/INFO]: [System] [CHAT] Caught: minecraft:cod  (Total: 1446)
[22:02:01] [Render thread/INFO]: [System] [CHAT] Lap Time: 740:13
[22:02:12] [Render thread/INFO]: [System] [CHAT] Caught: minecraft:cod  (Total: 1447)
[22:02:12] [Render thread/INFO]: [System] [CHAT] Lap Time: 740:25
[22:02:21] [Render thread/INFO]: [System] [CHAT] Caught: minecraft:tropical_fish  (Total: 51)
[22:02:21] [Render thread/INFO]: [System] [CHAT] Lap Time: 740:33
[22:02:27] [Render thread/INFO]: [System] [CHAT] Caught: minecraft:cod  (Total: 1448)
[22:02:27] [Render thread/INFO]: [System] [CHAT] Lap Time: 740:40
[22:02:44] [Render thread/INFO]: [System] [CHAT] Caught: minecraft:nautilus_shell  (Total: 53)
[22:02:44] [Render thread/INFO]: [System] [CHAT] Lap Time: 740:57
[22:03:00] [Render thread/INFO]: [System] [CHAT] Fish caught, but item not detected.
[22:03:19] [Render thread/INFO]: [System] [CHAT] Caught: minecraft:cod  (Total: 1449)
[22:03:19] [Render thread/INFO]: [System] [CHAT] Lap Time: 741:31
[22:03:30] [Render thread/INFO]: [System] [CHAT] Fish caught, but item not detected.
[22:03:41] [Render thread/INFO]: [System] [CHAT] Caught: minecraft:cod  (Total: 1450)
[22:03:41] [Render thread/INFO]: [System] [CHAT] Lap Time: 741:53
[22:03:57] [Render thread/INFO]: [System] [CHAT] Caught: minecraft:salmon  (Total: 638)
[22:03:57] [Render thread/INFO]: [System] [CHAT] Lap Time: 742:09
[22:04:12] [Render thread/INFO]: [System] [CHAT] Fish caught, but item not detected.
[22:04:31] [Render thread/INFO]: [System] [CHAT] Caught: minecraft:salmon  (Total: 639)
[22:04:31] [Render thread/INFO]: [System] [CHAT] Lap Time: 742:44
[22:04:52] [Render thread/INFO]: [System] [CHAT] Caught: minecraft:cod  (Total: 1451)
[22:04:52] [Render thread/INFO]: [System] [CHAT] Lap Time: 743:04
[22:04:58] [Render thread/INFO]: [System] [CHAT] Caught: minecraft:cod  (Total: 1452)
[22:04:58] [Render thread/INFO]: [System] [CHAT] Lap Time: 743:10
[22:05:10] [Render thread/INFO]: [System] [CHAT] Caught: minecraft:lily_pad  (Total: 26)
[22:05:10] [Render thread/INFO]: [System] [CHAT] Lap Time: 743:22
[22:05:16] [Server thread/INFO]: Saving and pausing game...
[22:05:16] [Server thread/INFO]: Saving chunks for level 'ServerLevel[New World]'/minecraft:overworld
[22:05:16] [Server thread/INFO]: Saving chunks for level 'ServerLevel[New World]'/minecraft:the_end
[22:05:16] [Server thread/INFO]: Saving chunks for level 'ServerLevel[New World]'/minecraft:the_nether
[22:05:43] [Render thread/INFO]: [System] [CHAT] No bite.
[22:06:04] [Render thread/INFO]: [System] [CHAT] Fish caught, but item not detected.
[22:06:19] [Render thread/INFO]: [System] [CHAT] Caught: minecraft:pufferfish  (Total: 299)
[22:06:19] [Render thread/INFO]: [System] [CHAT] Lap Time: 744:31
[22:06:33] [Render thread/INFO]: [System] [CHAT] Caught: minecraft:salmon  (Total: 640)
[22:06:33] [Render thread/INFO]: [System] [CHAT] Lap Time: 744:45
[22:06:51] [Render thread/INFO]: [System] [CHAT] Caught: minecraft:salmon  (Total: 641)
[22:06:51] [Render thread/INFO]: [System] [CHAT] Lap Time: 745:04
[22:07:05] [Render thread/INFO]: [System] [CHAT] Fish caught, but item not detected.
[22:07:11] [Render thread/INFO]: [System] [CHAT] Caught: minecraft:cod  (Total: 1453)
[22:07:11] [Render thread/INFO]: [System] [CHAT] Lap Time: 745:24
[22:07:22] [Render thread/INFO]: [System] [CHAT] Fish caught, but item not detected.
[22:07:38] [Render thread/INFO]: [System] [CHAT] Caught: minecraft:cod  (Total: 1454)
[22:07:38] [Render thread/INFO]: [System] [CHAT] Lap Time: 745:50
[22:07:44] [Render thread/INFO]: [System] [CHAT] Fish caught, but item not detected.
[22:07:53] [Render thread/INFO]: [System] [CHAT] Caught: minecraft:cod  (Total: 1455)
[22:07:53] [Render thread/INFO]: [System] [CHAT] Lap Time: 746:05
[22:08:02] [Render thread/INFO]: [System] [CHAT] Caught: minecraft:rotten_flesh  (Total: 16)
[22:08:02] [Render thread/INFO]: [System] [CHAT] Lap Time: 746:15
[22:08:19] [Render thread/INFO]: [System] [CHAT] Caught: minecraft:cod  (Total: 1456)
[22:08:19] [Render thread/INFO]: [System] [CHAT] Lap Time: 746:31
[22:08:39] [Render thread/INFO]: [System] [CHAT] Fish caught, but item not detected.
[22:08:49] [Render thread/INFO]: [System] [CHAT] Caught: minecraft:salmon  (Total: 642)
[22:08:49] [Render thread/INFO]: [System] [CHAT] Lap Time: 747:01
[22:09:07] [Render thread/INFO]: [System] [CHAT] Caught: minecraft:cod  (Total: 1457)
[22:09:07] [Render thread/INFO]: [System] [CHAT] Lap Time: 747:19
[22:09:29] [Render thread/INFO]: [System] [CHAT] Fish caught, but item not detected.
[22:09:48] [Render thread/INFO]: [System] [CHAT] Caught: minecraft:cod  (Total: 1458)
[22:09:48] [Render thread/INFO]: [System] [CHAT] Lap Time: 748:00
[22:10:10] [Render thread/INFO]: [System] [CHAT] Fish caught, but item not detected.
[22:10:16] [Render thread/INFO]: [System] [CHAT] Caught: minecraft:cod  (Total: 1459)
[22:10:16] [Render thread/INFO]: [System] [CHAT] Lap Time: 748:28
[22:10:35] [Render thread/INFO]: [System] [CHAT] Caught: minecraft:cod  (Total: 1460)
[22:10:35] [Render thread/INFO]: [System] [CHAT] Lap Time: 748:48
[22:10:53] [Render thread/INFO]: [System] [CHAT] Fish caught, but item not detected.
[22:11:04] [Render thread/INFO]: [System] [CHAT] Caught: minecraft:salmon  (Total: 643)
[22:11:04] [Render thread/INFO]: [System] [CHAT] Lap Time: 749:17
[22:11:10] [Render thread/INFO]: [System] [CHAT] Caught: minecraft:cod  (Total: 1461)
[22:11:10] [Render thread/INFO]: [System] [CHAT] Lap Time: 749:22
[22:11:22] [Render thread/INFO]: [System] [CHAT] Caught: minecraft:cod  (Total: 1462)
[22:11:22] [Render thread/INFO]: [System] [CHAT] Lap Time: 749:35
[22:11:29] [Render thread/INFO]: [System] [CHAT] Caught: minecraft:cod  (Total: 1463)
[22:11:29] [Render thread/INFO]: [System] [CHAT] Lap Time: 749:42
[22:11:48] [Render thread/INFO]: [System] [CHAT] Fish caught, but item not detected.
[22:12:04] [Render thread/INFO]: [System] [CHAT] Caught: minecraft:pufferfish  (Total: 300)
[22:12:04] [Render thread/INFO]: [System] [CHAT] Lap Time: 750:16
[22:12:15] [Render thread/INFO]: [System] [CHAT] Caught: minecraft:cod  (Total: 1464)
[22:12:15] [Render thread/INFO]: [System] [CHAT] Lap Time: 750:27
[22:12:30] [Render thread/INFO]: [System] [CHAT] Caught: minecraft:salmon  (Total: 644)
[22:12:30] [Render thread/INFO]: [System] [CHAT] Lap Time: 750:42
[22:12:46] [Render thread/INFO]: [System] [CHAT] Caught: minecraft:tropical_fish  (Total: 52)
[22:12:46] [Render thread/INFO]: [System] [CHAT] Lap Time: 750:58
[22:13:05] [Render thread/INFO]: [System] [CHAT] Caught: minecraft:cod  (Total: 1465)
[22:13:05] [Render thread/INFO]: [System] [CHAT] Lap Time: 751:17
[22:13:19] [Render thread/INFO]: [System] [CHAT] Fish caught, but item not detected.
[22:13:36] [Render thread/INFO]: [System] [CHAT] Caught: minecraft:cod  (Total: 1466)
[22:13:36] [Render thread/INFO]: [System] [CHAT] Lap Time: 751:48
[22:13:50] [Render thread/INFO]: [System] [CHAT] Fish caught, but item not detected.
[22:14:02] [Render thread/INFO]: [System] [CHAT] Caught: minecraft:pufferfish  (Total: 301)
[22:14:02] [Render thread/INFO]: [System] [CHAT] Lap Time: 752:14
[22:14:14] [Render thread/INFO]: [System] [CHAT] Caught: minecraft:cod  (Total: 1467)
[22:14:14] [Render thread/INFO]: [System] [CHAT] Lap Time: 752:27
[22:14:23] [Render thread/INFO]: [System] [CHAT] Caught: minecraft:salmon  (Total: 645)
[22:14:23] [Render thread/INFO]: [System] [CHAT] Lap Time: 752:36
[22:14:29] [Render thread/INFO]: [System] [CHAT] Fish caught, but item not detected.
[22:14:50] [Render thread/INFO]: [System] [CHAT] Fish caught, but item not detected.
[22:15:06] [Render thread/INFO]: [System] [CHAT] Fish caught, but item not detected.
[22:15:07] [Render thread/INFO]: [System] [CHAT] ----- Catch Summary -----
[22:15:07] [Render thread/INFO]: [System] [CHAT]  - minecraft:cod: 1467 times
[22:15:07] [Render thread/INFO]: [System] [CHAT]  - minecraft:salmon: 645 times
[22:15:07] [Render thread/INFO]: [System] [CHAT]  - minecraft:pufferfish: 301 times
[22:15:07] [Render thread/INFO]: [System] [CHAT]  - minecraft:tropical_fish: 52 times
[22:15:07] [Render thread/INFO]: [System] [CHAT]  - minecraft:bow: 13 times
[22:15:07] [Render thread/INFO]: [System] [CHAT]  - minecraft:potion: 8 times
[22:15:07] [Render thread/INFO]: [System] [CHAT]  - minecraft:name_tag: 47 times
[22:15:07] [Render thread/INFO]: [System] [CHAT]  - minecraft:leather: 11 times
[22:15:07] [Render thread/INFO]: [System] [CHAT]  - minecraft:lily_pad: 26 times
[22:15:07] [Render thread/INFO]: [System] [CHAT]  - minecraft:saddle: 12 times
[22:15:07] [Render thread/INFO]: [System] [CHAT]  - minecraft:enchanted_book: 13 times
[22:15:07] [Render thread/INFO]: [System] [CHAT]  - minecraft:nautilus_shell: 53 times
[22:15:07] [Render thread/INFO]: [System] [CHAT]  - minecraft:rotten_flesh: 16 times
[22:15:07] [Render thread/INFO]: [System] [CHAT]  - minecraft:ink_sac: 1 times
[22:15:07] [Render thread/INFO]: [System] [CHAT]  - minecraft:tripwire_hook: 9 times
[22:15:07] [Render thread/INFO]: [System] [CHAT]  - minecraft:stick: 10 times
[22:15:07] [Render thread/INFO]: [System] [CHAT]  - minecraft:string: 3 times
[22:15:07] [Render thread/INFO]: [System] [CHAT]  - minecraft:bowl: 15 times
[22:15:07] [Render thread/INFO]: [System] [CHAT]  - minecraft:leather_boots: 10 times
[22:15:07] [Render thread/INFO]: [System] [CHAT]  - minecraft:bone: 10 times
[22:15:07] [Render thread/INFO]: [System] [CHAT]  - minecraft:fishing_rod: 1 times
[22:15:07] [Render thread/INFO]: [System] [CHAT] Elapsed Time: 753:19
[22:15:08] [Render thread/INFO]: [System] [CHAT] Screenshot saved: autofish_20250705_221508.png
[22:15:08] [Render thread/INFO]: [System] [CHAT] Summary saved to: summary_20250705_221508.txt
[22:15:09] [Render thread/INFO]: [System] [CHAT] Saved screenshot as autofish_20250705_221508.png
[22:15:10] [Render thread/INFO]: [System] [CHAT] Inventory cleared.
[22:15:10] [Render thread/INFO]: [System] [CHAT] Rod restored.
[22:15:10] [Server thread/INFO]: [sampleeeeeee: Removed 241 item(s) from player sampleeeeeee]
[22:15:10] [Server thread/INFO]: [sampleeeeeee: Replaced a slot on sampleeeeeee with [Fishing Rod]]
[22:15:11] [Render thread/INFO]: [System] [CHAT] Removed 241 item(s) from player sampleeeeeee
[22:15:11] [Render thread/INFO]: [System] [CHAT] Replaced a slot on sampleeeeeee with [Fishing Rod]
[22:15:11] [Server thread/INFO]: [sampleeeeeee: Applied enchantment Luck of the Sea III to sampleeeeeee's item]
[22:15:11] [Server thread/INFO]: [sampleeeeeee: Applied enchantment Lure III to sampleeeeeee's item]
[22:15:11] [Server thread/INFO]: [sampleeeeeee: Applied enchantment Unbreaking III to sampleeeeeee's item]
[22:15:11] [Server thread/INFO]: [sampleeeeeee: Applied enchantment Mending to sampleeeeeee's item]
[22:15:11] [Render thread/INFO]: [System] [CHAT] Applied enchantment Luck of the Sea III to sampleeeeeee's item
[22:15:11] [Render thread/INFO]: [System] [CHAT] Applied enchantment Lure III to sampleeeeeee's item
[22:15:11] [Render thread/INFO]: [System] [CHAT] Applied enchantment Unbreaking III to sampleeeeeee's item
[22:15:11] [Render thread/INFO]: [System] [CHAT] Applied enchantment Mending to sampleeeeeee's item
[22:15:23] [Server thread/WARN]: Can't keep up! Is the server overloaded? Running 2013ms or 40 ticks behind
[22:15:29] [Render thread/INFO]: [System] [CHAT] Fish caught, but item not detected.
[22:15:41] [Render thread/INFO]: Processing command from chat event: \killjob -1
[22:15:41] [job-1-tutorial/INFO]: Killing script process for job `[1] Killed: tutorial`
[22:15:41] [job-1-tutorial/INFO]: Job `[1] tutorial` exited with code -5, draining message queues...
[22:15:41] [job-1-tutorial/ERROR]: [1] Exited with error code -5: tutorial
[22:15:41] [job-1-tutorial/INFO]: Cancelling EventHandler for job 1 func OptionalLong[1003]
[22:15:41] [job-1-tutorial-stderr/WARN]: Thread interrupted while reading subprocess stderr for job `[1] Killed: tutorial`
[22:15:41] [Render thread/INFO]: [System] [CHAT] [1] Exited with error code -5: tutorial
